sort.v2024,species_code,Clements.v2024b.change,text.for.website.v2024b,category,English.name,scientific.name,range,order,family,extinct,extinct.year,sort_v2023,canada_ak_conus
28,rheida1,sequence,Modify linear sequence such that the Rheiformes/Tinamiformes clade follows Apterygidae,family,Rheas,Rheidae,NA,Rheiformes,Rheidae (Rheas),NA,NA,9,FALSE
35,lesrhe2,NA,NA,species,Lesser Rhea,Rhea pennata,NA,Rheiformes,Rheidae (Rheas),NA,NA,16,FALSE
155,rewtin1,NA,NA,species,Red-winged Tinamou,Rhynchotus rufescens,NA,Tinamiformes,Tinamidae (Tinamous),NA,NA,136,FALSE
231,wfwduc1,NA,NA,species,White-faced Whistling-Duck,Dendrocygna viduata,"Africa, Madagascar, and Comoros; disjunctly Costa Rica to Brazil",Anseriformes,"Anatidae (Ducks, Geese, and Waterfowl)",NA,NA,231,FALSE
233,bbwduc,NA,NA,species,Black-bellied Whistling-Duck,Dendrocygna autumnalis,NA,Anseriformes,"Anatidae (Ducks, Geese, and Waterfowl)",NA,NA,233,TRUE
237,wiwduc1,NA,NA,species,West Indian Whistling-Duck,Dendrocygna arborea,"Bahamas, Greater Antilles, and northern Lesser Antilles",Anseriformes,"Anatidae (Ducks, Geese, and Waterfowl)",NA,NA,236,FALSE
239,fuwduc,NA,NA,species,Fulvous Whistling-Duck,Dendrocygna bicolor,"eastern Africa, Madagascar, and southern Asia; disjunctly southern USA to Argentina",Anseriformes,"Anatidae (Ducks, Geese, and Waterfowl)",NA,NA,238,TRUE
248,lewduc1,NA,NA,species,Lesser Whistling-Duck,Dendrocygna javanica,Indian subcontinent to southeastern Asia and Greater Sundas,Anseriformes,"Anatidae (Ducks, Geese, and Waterfowl)",NA,NA,247,FALSE
251,whistl1,NA,NA,spuh,whistling-duck sp.,Dendrocygna sp.,NA,Anseriformes,"Anatidae (Ducks, Geese, and Waterfowl)",NA,NA,250,FALSE
255,bahgoo,NA,NA,species,Bar-headed Goose,Anser indicus,alpine lakes in central Asia; winters to India and Myanmar,Anseriformes,"Anatidae (Ducks, Geese, and Waterfowl)",NA,NA,254,FALSE
256,empgoo,NA,NA,species,Emperor Goose,Anser canagicus,"breeds in northeastern Siberia and western Alaska; primarily winters in Alaska, from the Aleutian Islands to the Alaska Peninsula",Anseriformes,"Anatidae (Ducks, Geese, and Waterfowl)",NA,NA,255,TRUE
257,snogoo,NA,NA,species,Snow Goose,Anser caerulescens,NA,Anseriformes,"Anatidae (Ducks, Geese, and Waterfowl)",NA,NA,256,TRUE
258,snogoo1,NA,NA,subspecies,NA,Anser caerulescens caerulescens,breeds from northeastern Siberia and Alaska to northwestern and north-central Canada; winters in the southern USA from California to New York and to northern Mexico,Anseriformes,"Anatidae (Ducks, Geese, and Waterfowl)",NA,NA,257,FALSE
259,snogoo2,NA,NA,subspecies,NA,Anser caerulescens atlanticus,northwestern Greenland and islands in Baffin Bay; winters to northeastern Mexico,Anseriformes,"Anatidae (Ducks, Geese, and Waterfowl)",NA,NA,258,FALSE
261,rosgoo,NA,NA,species,Ross's Goose,Anser rossii,breeds tundra of arctic north-central Canada; winters to western and central USA and central Mexico,Anseriformes,"Anatidae (Ducks, Geese, and Waterfowl)",NA,NA,260,TRUE
264,gragoo,NA,NA,species,Graylag Goose,Anser anser,NA,Anseriformes,"Anatidae (Ducks, Geese, and Waterfowl)",NA,NA,263,FALSE
276,gwfgoo,NA,NA,species,Greater White-fronted Goose,Anser albifrons,NA,Anseriformes,"Anatidae (Ducks, Geese, and Waterfowl)",NA,NA,271,TRUE
288,lwfgoo,NA,NA,species,Lesser White-fronted Goose,Anser erythropus,"breeds arctic Eurasia; winters to southern Europe, India, and China",Anseriformes,"Anatidae (Ducks, Geese, and Waterfowl)",NA,NA,282,FALSE
289,y00707,NA,NA,slash,Greater/Lesser White-fronted Goose,Anser albifrons/erythropus,NA,Anseriformes,"Anatidae (Ducks, Geese, and Waterfowl)",NA,NA,283,FALSE
290,taibeg1,NA,NA,species,Taiga Bean-Goose,Anser fabalis,NA,Anseriformes,"Anatidae (Ducks, Geese, and Waterfowl)",NA,NA,284,FALSE
294,tunbeg1,NA,NA,species,Tundra Bean-Goose,Anser serrirostris,NA,Anseriformes,"Anatidae (Ducks, Geese, and Waterfowl)",NA,NA,288,FALSE
299,pifgoo,NA,NA,species,Pink-footed Goose,Anser brachyrhynchus,"breeds Greenland, Iceland, and Spitsbergen; winters northwestern Europe",Anseriformes,"Anatidae (Ducks, Geese, and Waterfowl)",NA,NA,293,FALSE
301,anser1,NA,NA,spuh,Anser sp.,Anser sp.,NA,Anseriformes,"Anatidae (Ducks, Geese, and Waterfowl)",NA,NA,295,FALSE
302,brant,NA,NA,species,Brant,Branta bernicla,NA,Anseriformes,"Anatidae (Ducks, Geese, and Waterfowl)",NA,NA,296,TRUE
305,blkbra1,NA,NA,group (monotypic),Brant (Black),Branta bernicla nigricans,"breeds northeastern Siberia, western and northern Alaska, and northwestern Canada; winters from from Japan to Korea and northeastern China, and from Alaska to northwestern Mexico",Anseriformes,"Anatidae (Ducks, Geese, and Waterfowl)",NA,NA,299,TRUE
310,bargoo,NA,NA,species,Barnacle Goose,Branta leucopsis,"high Arctic eastern Greenland, Svalbard (north of Norway), Novaya Zemlya and nearby Kolguyev and Vaygach islands (northwestern Russia); winters to coastal northern British Isles, southern Scandinavia, and northwestern Europe",Anseriformes,"Anatidae (Ducks, Geese, and Waterfowl)",NA,NA,304,FALSE
319,cacgoo1,NA,NA,species,Cackling Goose,Branta hutchinsii,NA,Anseriformes,"Anatidae (Ducks, Geese, and Waterfowl)",NA,NA,313,TRUE
320,alcgoo1,NA,NA,group (monotypic),Cackling Goose (Aleutian),Branta hutchinsii leucopareia,"locally in Aleutian and Semidi islands, Alaska (formerly bred from Kuril and Commander islands eastward to near Kodiak Island); winters Oregon and California",Anseriformes,"Anatidae (Ducks, Geese, and Waterfowl)",NA,NA,314,FALSE
322,cacgoo2,NA,NA,group (monotypic),Cackling Goose (minima),Branta hutchinsii minima,breeds coastal western Alaska; winters primarily in California,Anseriformes,"Anatidae (Ducks, Geese, and Waterfowl)",NA,NA,316,FALSE
330,cangoo,NA,NA,species,Canada Goose,Branta canadensis,NA,Anseriformes,"Anatidae (Ducks, Geese, and Waterfowl)",NA,NA,324,TRUE
338,cangoo9,NA,NA,subspecies,NA,Branta canadensis parvipes,central Alaska to Canadian prairie provinces; winters southern USA,Anseriformes,"Anatidae (Ducks, Geese, and Waterfowl)",NA,NA,332,FALSE
351,y00470,NA,NA,slash,Cackling/Canada Goose,Branta hutchinsii/canadensis,NA,Anseriformes,"Anatidae (Ducks, Geese, and Waterfowl)",NA,NA,345,FALSE
353,hawgoo,NA,NA,species,Hawaiian Goose,Branta sandvicensis,upland lava flows of Hawaii; introduced to Maui,Anseriformes,"Anatidae (Ducks, Geese, and Waterfowl)",NA,NA,347,FALSE
355,rebgoo1,NA,NA,species,Red-breasted Goose,Branta ruficollis,"breeds low Arctic tundra of Yamal, Gydan, and Taymyr peninsulas (northwestern Siberia); winters to western and southern Black Sea and southern Caspian Sea; prone to vagrancy elsewhere in Eurasia",Anseriformes,"Anatidae (Ducks, Geese, and Waterfowl)",NA,NA,348,FALSE
359,branta1,NA,NA,spuh,Branta sp.,Branta sp.,NA,Anseriformes,"Anatidae (Ducks, Geese, and Waterfowl)",NA,NA,352,FALSE
365,mutswa,NA,NA,species,Mute Swan,Cygnus olor,"west-central to east-central Palearctic region from central Europe to southeastern China; introduced widely including to western and southwestern Europe, Japan, and eastern North America",Anseriformes,"Anatidae (Ducks, Geese, and Waterfowl)",NA,NA,358,TRUE
367,blkswa,NA,NA,species,Black Swan,Cygnus atratus,"Australia including Tasmania; New Zealand, where formerly occurred but was eradicated, later was reintroduced and also self-colonized",Anseriformes,"Anatidae (Ducks, Geese, and Waterfowl)",NA,NA,360,FALSE
370,truswa,NA,NA,species,Trumpeter Swan,Cygnus buccinator,North America from western and central Alaska eastward through east-central Canada and southward through western and central USA; some southward movement in winter; early extirpations and subsequent reintroductions cloud distributional knowledge,Anseriformes,"Anatidae (Ducks, Geese, and Waterfowl)",NA,NA,363,TRUE
372,tunswa,NA,NA,species,Tundra Swan,Cygnus columbianus,NA,Anseriformes,"Anatidae (Ducks, Geese, and Waterfowl)",NA,NA,365,TRUE
378,whoswa,NA,NA,species,Whooper Swan,Cygnus cygnus,Palearctic; winters to central Asia and southeastern China,Anseriformes,"Anatidae (Ducks, Geese, and Waterfowl)",NA,NA,371,FALSE
382,swan1,NA,NA,spuh,swan sp.,Cygnus sp.,NA,Anseriformes,"Anatidae (Ducks, Geese, and Waterfowl)",NA,NA,375,FALSE
389,uplgoo1,NA,NA,species,Upland Goose,Chloephaga picta,NA,Anseriformes,"Anatidae (Ducks, Geese, and Waterfowl)",NA,NA,382,FALSE
401,goose1,NA,NA,spuh,goose sp.,Anatidae (goose sp.),NA,Anseriformes,"Anatidae (Ducks, Geese, and Waterfowl)",NA,NA,393,FALSE
405,egygoo,NA,NA,species,Egyptian Goose,Alopochen aegyptiaca,"Nile Valley of Egypt and Sudan, and sub-Saharan Africa; introduced to western and central Europe, and southeastern USA",Anseriformes,"Anatidae (Ducks, Geese, and Waterfowl)",NA,NA,397,TRUE
408,rudshe,NA,NA,species,Ruddy Shelduck,Tadorna ferruginea,"breeds Iberian Peninsula and Mediterranean northern Africa eastward through southern Russia to eastern China and in the south through Türkiye to Tibetan Plateau including Ladakh; winters to Ethiopia, southern India, and southeastern Asia; introduced in central Europe and the Canary Islands, and appears frequently elsewhere",Anseriformes,"Anatidae (Ducks, Geese, and Waterfowl)",NA,NA,400,FALSE
413,comshe,NA,NA,species,Common Shelduck,Tadorna tadorna,breeds western Europe to east-central Asia; winters to northern Africa through southern Asia,Anseriformes,"Anatidae (Ducks, Geese, and Waterfowl)",NA,NA,405,FALSE
416,spwgoo1,NA,NA,species,Spur-winged Goose,Plectropterus gambensis,NA,Anseriformes,"Anatidae (Ducks, Geese, and Waterfowl)",NA,NA,408,FALSE
431,musduc,NA,NA,species,Muscovy Duck,Cairina moschata,"lowlands from northern Mexico south, west of the Andes, to southwestern Ecuador and, east of the Andes, to northeastern Argentina and Brazil",Anseriformes,"Anatidae (Ducks, Geese, and Waterfowl)",NA,NA,423,TRUE
441,wooduc,NA,NA,species,Wood Duck,Aix sponsa,"inland waters of Canada to northern Mexico, the Bahamas, and Cuba",Anseriformes,"Anatidae (Ducks, Geese, and Waterfowl)",NA,NA,433,TRUE
461,baitea,NA,NA,species,Baikal Teal,Sibirionetta formosa,"breeds in northern and eastern Siberia; winters Japan, Korea, and eastern China",Anseriformes,"Anatidae (Ducks, Geese, and Waterfowl)",NA,NA,453,FALSE
462,gargan,NA,NA,species,Garganey,Spatula querquedula,breeds Palearctic (except north); winters to central Africa through Indonesia,Anseriformes,"Anatidae (Ducks, Geese, and Waterfowl)",NA,NA,454,FALSE
468,buwtea,NA,NA,species,Blue-winged Teal,Spatula discors,"breeds North America (except Arctic and western Alaska), mostly in central prairie regions; winters northern Mexico to Caribbean and coastal northern South America",Anseriformes,"Anatidae (Ducks, Geese, and Waterfowl)",NA,NA,460,TRUE
469,cintea,NA,NA,species,Cinnamon Teal,Spatula cyanoptera,NA,Anseriformes,"Anatidae (Ducks, Geese, and Waterfowl)",NA,NA,461,TRUE
478,redsho1,NA,NA,species,Red Shoveler,Spatula platalea,southern Peru and southern Brazil to Tierra del Fuego and Falkland Islands,Anseriformes,"Anatidae (Ducks, Geese, and Waterfowl)",NA,NA,469,FALSE
483,norsho,NA,NA,species,Northern Shoveler,Spatula clypeata,"breeds Holarctic (except Arctic); winters through eastern Africa, southern Asia, and Central America",Anseriformes,"Anatidae (Ducks, Geese, and Waterfowl)",NA,NA,474,TRUE
487,gadwal,NA,NA,species,Gadwall,Mareca strepera,NA,Anseriformes,"Anatidae (Ducks, Geese, and Waterfowl)",NA,NA,478,TRUE
491,falduc,NA,NA,species,Falcated Duck,Mareca falcata,"breeds Mongolia, eastern Siberia, and northeastern China; winters northern India to southern and eastern China, southern Korean Peninsula, and Japan",Anseriformes,"Anatidae (Ducks, Geese, and Waterfowl)",NA,NA,482,FALSE
494,eurwig,NA,NA,species,Eurasian Wigeon,Mareca penelope,breeds northern and central Eurasia; winters to northern Africa and southern Asia,Anseriformes,"Anatidae (Ducks, Geese, and Waterfowl)",NA,NA,485,TRUE
497,amewig,NA,NA,species,American Wigeon,Mareca americana,breeds Alaska to southern USA; winters through Central America and the Caribbean,Anseriformes,"Anatidae (Ducks, Geese, and Waterfowl)",NA,NA,487,TRUE
504,chiwig1,NA,NA,species,Chiloe Wigeon,Mareca sibilatrix,southern South America and Falkland Islands; winters to southeastern Brazil,Anseriformes,"Anatidae (Ducks, Geese, and Waterfowl)",NA,NA,494,FALSE
514,pabduc1,NA,NA,species,Pacific Black Duck,Anas superciliosa,NA,Anseriformes,"Anatidae (Ducks, Geese, and Waterfowl)",NA,NA,504,FALSE
515,pabduc2,NA,NA,subspecies,NA,Anas superciliosa superciliosa,"Sumatra, Java, Bali, Lesser Sundas, Sulawesi region, Moluccas, southern New Guinea including Louisiade Archipelago (off southeastern New Guinea), Australia including Tasmania, and New Zealand and associated islands southward to Macquarie Island",Anseriformes,"Anatidae (Ducks, Geese, and Waterfowl)",NA,NA,505,FALSE
517,layduc,NA,NA,species,Laysan Duck,Anas laysanensis,Laysan Island (northwestern Hawaiian Islands),Anseriformes,"Anatidae (Ducks, Geese, and Waterfowl)",NA,NA,507,FALSE
518,hawduc,NA,NA,species,Hawaiian Duck,Anas wyvilliana,Hawaiian Islands (Kauai and Oahu),Anseriformes,"Anatidae (Ducks, Geese, and Waterfowl)",NA,NA,508,FALSE
523,spbduc,NA,NA,species,Eastern Spot-billed Duck,Anas zonorhyncha,"breeds northeastern Asia; winters to southern China, Taiwan, and Philippines",Anseriformes,"Anatidae (Ducks, Geese, and Waterfowl)",NA,NA,513,FALSE
525,mallar3,NA,NA,species,Mallard,Anas platyrhynchos,NA,Anseriformes,"Anatidae (Ducks, Geese, and Waterfowl)",NA,NA,515,TRUE
528,mallar2,NA,NA,domestic,Mallard (Domestic type),Anas platyrhynchos (Domestic type),NA,Anseriformes,"Anatidae (Ducks, Geese, and Waterfowl)",NA,NA,518,FALSE
547,mexduc,NA,NA,species,Mexican Duck,Anas diazi,"southeastern Arizona, southern New Mexico and western Texas (Trans-Pecos region) southward to central Mexico",Anseriformes,"Anatidae (Ducks, Geese, and Waterfowl)",NA,NA,534,TRUE
550,ambduc,NA,NA,species,American Black Duck,Anas rubripes,northeastern North America; winters to Bahamas and Gulf Coast,Anseriformes,"Anatidae (Ducks, Geese, and Waterfowl)",NA,NA,537,TRUE
554,motduc,NA,NA,species,Mottled Duck,Anas fulvigula,NA,Anseriformes,"Anatidae (Ducks, Geese, and Waterfowl)",NA,NA,541,TRUE
563,captea1,NA,NA,species,Cape Teal,Anas capensis,locally from Sudan and Ethiopia to Namibia and South Africa,Anseriformes,"Anatidae (Ducks, Geese, and Waterfowl)",NA,NA,550,FALSE
564,whcpin,NA,NA,species,White-cheeked Pintail,Anas bahamensis,NA,Anseriformes,"Anatidae (Ducks, Geese, and Waterfowl)",NA,NA,551,FALSE
567,whcpin4,NA,NA,subspecies,NA,Anas bahamensis rubrirostris,Pacific coast of South America from Ecuador southward to central Chile; eastern South America from eastern Bolivia eastward to central and eastern Brazil and southward to northern Argentina and Uruguay,Anseriformes,"Anatidae (Ducks, Geese, and Waterfowl)",NA,NA,554,FALSE
571,norpin,NA,NA,species,Northern Pintail,Anas acuta,Palearctic and North America; winters to southern Eurasia and northern South America,Anseriformes,"Anatidae (Ducks, Geese, and Waterfowl)",NA,NA,558,TRUE
588,gnwtea,NA,NA,species,Green-winged Teal,Anas crecca,NA,Anseriformes,"Anatidae (Ducks, Geese, and Waterfowl)",NA,NA,574,TRUE
590,agwtea1,NA,NA,group (monotypic),Green-winged Teal (American),Anas crecca carolinensis,breeds North America; winters to Mexico and West Indies,Anseriformes,"Anatidae (Ducks, Geese, and Waterfowl)",NA,NA,576,FALSE
605,yebtea1,NA,NA,species,Yellow-billed Teal,Anas flavirostris,NA,Anseriformes,"Anatidae (Ducks, Geese, and Waterfowl)",NA,NA,591,FALSE
609,spetea1,NA,NA,slash,Andean/Yellow-billed Teal,Anas andium/flavirostris,NA,Anseriformes,"Anatidae (Ducks, Geese, and Waterfowl)",NA,NA,595,FALSE
628,anas1,NA,NA,spuh,Anas sp.,Anas sp.,NA,Anseriformes,"Anatidae (Ducks, Geese, and Waterfowl)",NA,NA,614,FALSE
630,dabduc1,NA,NA,spuh,dabbling duck sp.,Anatidae sp. (dabbling duck sp.),NA,Anseriformes,"Anatidae (Ducks, Geese, and Waterfowl)",NA,NA,616,FALSE
635,recpoc,NA,NA,species,Red-crested Pochard,Netta rufina,"breeds from Europe (Iberian Peninsula northward to southern Denmark and Poland) eastward to central Asia (northwestern China and western Mongolia); somewhat local in Europe, more widespread to east; resident in southwestern Europe; elsewhere, winters from eastern Mediterranean eastward to northern India, south-central China, and northern Myanmar",Anseriformes,"Anatidae (Ducks, Geese, and Waterfowl)",NA,NA,621,FALSE
640,robpoc1,NA,NA,species,Rosy-billed Pochard,Netta peposaca,lowlands of southeastern Brazil to southern Argentina and Chile,Anseriformes,"Anatidae (Ducks, Geese, and Waterfowl)",NA,NA,626,FALSE
641,canvas,NA,NA,species,Canvasback,Aythya valisineria,"breeds North America from northern Alaska and western Canada southward through northern California, southern Colorado, and Minnesota (USA); winters to central Mexico",Anseriformes,"Anatidae (Ducks, Geese, and Waterfowl)",NA,NA,627,TRUE
642,redhea,NA,NA,species,Redhead,Aythya americana,Alaska to southern USA; winters to Guatemala and Greater Antilles,Anseriformes,"Anatidae (Ducks, Geese, and Waterfowl)",NA,NA,628,TRUE
645,compoc,NA,NA,species,Common Pochard,Aythya ferina,"Palearctic, breeding British Isles and southern Scandinavia eastward through east-central Russia, in south from Iberian Peninsula and Türkiye eastward through northeastern China; winters to tropical Africa and India eastward to Japan and southward to the northern Philippines",Anseriformes,"Anatidae (Ducks, Geese, and Waterfowl)",NA,NA,631,FALSE
648,rinduc,NA,NA,species,Ring-necked Duck,Aythya collaris,breeds Alaska to southern USA; winters to Panama and southern Lesser Antilles,Anseriformes,"Anatidae (Ducks, Geese, and Waterfowl)",NA,NA,634,TRUE
652,ferduc,NA,NA,species,Ferruginous Duck,Aythya nyroca,"discontinuous Palearctic; winters to India, southeastern Asia, and eastern China",Anseriformes,"Anatidae (Ducks, Geese, and Waterfowl)",NA,NA,638,FALSE
662,tufduc,NA,NA,species,Tufted Duck,Aythya fuligula,"breeds northern Palearctic from Iceland eastward to Kamchatka, southward to central Europe and Mongolia; winters to northern Africa and southern Asia",Anseriformes,"Anatidae (Ducks, Geese, and Waterfowl)",NA,NA,648,TRUE
669,gresca,NA,NA,species,Greater Scaup,Aythya marila,NA,Anseriformes,"Anatidae (Ducks, Geese, and Waterfowl)",NA,NA,655,TRUE
675,lessca,range,"range changed from ""breeds North America from northern Alaska and western Canada southward through northern California, southern Colorado, and Minnesota (USA); winters to Hawaiian Islands,  the Caribbean, and northern South America"" to ""breeds North America from northern Alaska and western Canada southward through northern California, southern Colorado, and Minnesota (USA); winters to Hawaiian Islands, the Caribbean, and northern South America""",species,Lesser Scaup,Aythya affinis,"breeds North America from northern Alaska and western Canada southward through northern California, southern Colorado, and Minnesota (USA); winters to Hawaiian Islands, the Caribbean, and northern South America",Anseriformes,"Anatidae (Ducks, Geese, and Waterfowl)",NA,NA,661,TRUE
683,scaup,NA,NA,slash,Greater/Lesser Scaup,Aythya marila/affinis,NA,Anseriformes,"Anatidae (Ducks, Geese, and Waterfowl)",NA,NA,669,TRUE
684,aythya1,NA,NA,spuh,Aythya sp.,Aythya sp.,NA,Anseriformes,"Anatidae (Ducks, Geese, and Waterfowl)",NA,NA,670,FALSE
685,steeid,NA,NA,species,Steller's Eider,Polysticta stelleri,"northwestern and northeastern Siberia from Yamal Peninsula to Chukotka; and Arctic Coastal Plain, northern Alaska; winters to Kamchatka Peninsula, Commander and Kuril islands (southeastern Russia), and Aleutian Islands; also Kola Peninsula, Barents and White seas (northwestern Russia), and Baltic Sea",Anseriformes,"Anatidae (Ducks, Geese, and Waterfowl)",NA,NA,671,TRUE
686,labduc,NA,NA,species,Labrador Duck,Camptorhynchus labradorius,"formerly northeastern North America; extinct, last reported 1875",Anseriformes,"Anatidae (Ducks, Geese, and Waterfowl)",1,1875,672,FALSE
687,speeid,NA,NA,species,Spectacled Eider,Somateria fischeri,"breeds north-central and northeastern Siberia from Lena Delta to Chukotka, and western and northern Alaska in Yukon Delta and Arctic Coastal Plain; winters polynyas (ice-free seas) between St. Lawrence and St. Matthew islands (northern Bering Sea)",Anseriformes,"Anatidae (Ducks, Geese, and Waterfowl)",NA,NA,673,TRUE
688,kineid,NA,NA,species,King Eider,Somateria spectabilis,"breeds coastal northern and central Greenland, Svalbard (north of Norway), Russia from east of the White Sea to Chukotka (northeastern Russia); Arctic Coastal Plain of Alaska, northern slope of Canada and associated arctic islands; winters to Kamchatka (southeastern Russia) and Aleutian Islands, Newfoundland (southeastern Canada), southern Greenland, Iceland, and northern Norway",Anseriformes,"Anatidae (Ducks, Geese, and Waterfowl)",NA,NA,674,TRUE
690,comeid,NA,NA,species,Common Eider,Somateria mollissima,NA,Anseriformes,"Anatidae (Ducks, Geese, and Waterfowl)",NA,NA,676,TRUE
701,eider1,NA,NA,spuh,eider sp.,Somateria sp.,NA,Anseriformes,"Anatidae (Ducks, Geese, and Waterfowl)",NA,NA,686,FALSE
702,harduc,NA,NA,species,Harlequin Duck,Histrionicus histrionicus,"breeds eastern Siberia and northern Japan, Alaska southward to Oregon and Wyoming, eastern Canada (southeastern Baffin Island southward to the Gulf of St. Lawrence), Greenland and Iceland; winters coastally from Siberia to Japan and Korea, from Alaska to central California, to the northeastern USA, southern Greenland, and Iceland",Anseriformes,"Anatidae (Ducks, Geese, and Waterfowl)",NA,NA,687,TRUE
703,sursco,NA,NA,species,Surf Scoter,Melanitta perspicillata,breeds northern North America; winters to Baja California and southern USA,Anseriformes,"Anatidae (Ducks, Geese, and Waterfowl)",NA,NA,688,TRUE
704,whwsco3,NA,NA,species,Velvet Scoter,Melanitta fusca,breeds northern Eurasia; winters Norway to Spain and Caspian Sea,Anseriformes,"Anatidae (Ducks, Geese, and Waterfowl)",NA,NA,689,FALSE
705,whwsco2,NA,NA,species,White-winged Scoter,Melanitta deglandi,breeds subarctic western Alaska to eastern shore of James Bay (east-central Canada); winters Aleutian Islands to central California (eastern North Pacific coast); and Gulf of St. Lawrence to New Jersey,Anseriformes,"Anatidae (Ducks, Geese, and Waterfowl)",NA,NA,690,TRUE
706,whwsco1,NA,NA,species,Stejneger's Scoter,Melanitta stejnegeri,"breeds Yenisey Basin to Kamchatka (central and eastern Siberia), northeastern Kazakhstan, and northern and western Mongolia; winters to Kuril and Commander islands (southeastern Russia), coasts of Japan, and eastern Korean Peninsula (northeastern Pacific)",Anseriformes,"Anatidae (Ducks, Geese, and Waterfowl)",NA,NA,691,FALSE
711,blksco1,NA,NA,species,Common Scoter,Melanitta nigra,"breeds southeastern Greenland, Iceland, Scotland, and northern and western Scandinavia to Olenyok River (north-central Siberia); winters to Baltic and North sea coasts, and eastern Atlantic coast to northwestern Africa",Anseriformes,"Anatidae (Ducks, Geese, and Waterfowl)",NA,NA,695,FALSE
712,blksco2,NA,NA,species,Black Scoter,Melanitta americana,"breeds Yana River to Kamchatka (eastern Siberia), Alaska eastward to northwestern Yukon; eastern Northwest Territories and southwestern Nunavut to Newfoundland (central to eastern Canada); winters to central Japan (western North Pacific coast); Aleutian Islands, eastern North Pacific coast to central California; western North Atlantic coast from Newfoundland to northern Florida",Anseriformes,"Anatidae (Ducks, Geese, and Waterfowl)",NA,NA,696,TRUE
715,scoter,NA,NA,spuh,scoter sp.,Melanitta sp.,NA,Anseriformes,"Anatidae (Ducks, Geese, and Waterfowl)",NA,NA,699,TRUE
716,lotduc,NA,NA,species,Long-tailed Duck,Clangula hyemalis,coasts of Holarctic region,Anseriformes,"Anatidae (Ducks, Geese, and Waterfowl)",NA,NA,700,TRUE
717,buffle,NA,NA,species,Bufflehead,Bucephala albeola,breeds northern North America; winters to central Mexico and Greater Antilles,Anseriformes,"Anatidae (Ducks, Geese, and Waterfowl)",NA,NA,701,TRUE
718,comgol,NA,NA,species,Common Goldeneye,Bucephala clangula,NA,Anseriformes,"Anatidae (Ducks, Geese, and Waterfowl)",NA,NA,702,TRUE
723,bargol,NA,NA,species,Barrow's Goldeneye,Bucephala islandica,"breeds central Alaska southward to Oregon (formerly to northern California) and Wyoming; also in eastern Canada and Iceland; winters from southern Alaska to California and Wyoming, from the Maritime Provinces (Canada) southward to northeastern USA, and Iceland",Anseriformes,"Anatidae (Ducks, Geese, and Waterfowl)",NA,NA,707,TRUE
727,smew,NA,NA,species,Smew,Mergellus albellus,"northern Eurasia; winters to North Africa, India, and eastern China",Anseriformes,"Anatidae (Ducks, Geese, and Waterfowl)",NA,NA,710,FALSE
729,hoomer,NA,NA,species,Hooded Merganser,Lophodytes cucullatus,breeds northern North America; winters to Mexico and West Indies,Anseriformes,"Anatidae (Ducks, Geese, and Waterfowl)",NA,NA,712,TRUE
737,commer,NA,NA,species,Common Merganser,Mergus merganser,NA,Anseriformes,"Anatidae (Ducks, Geese, and Waterfowl)",NA,NA,720,TRUE
745,rebmer,NA,NA,species,Red-breasted Merganser,Mergus serrator,"breeds southern Greenland, Iceland, northern British Isles, and Scandinavia to Sakhalin and Kamchatka peninsulas, and Kuril and Commander islands (southeastern Russia), in south through northern Kazakhstan and northeastern China; western Alaska mainland through mainland Canada from Arctic to northern Great Lakes and eastward to Nova Scotia; winters to coasts of southern Europe, Black and Caspian seas; Japan, Korean Peninsula, and eastern China; to west-central Mexico, Gulf Coast, and Florida",Anseriformes,"Anatidae (Ducks, Geese, and Waterfowl)",NA,NA,728,TRUE
750,mergan1,NA,NA,spuh,merganser sp.,Mergellus/Lophodytes/Mergus sp.,NA,Anseriformes,"Anatidae (Ducks, Geese, and Waterfowl)",NA,NA,733,FALSE
751,blhduc1,NA,NA,species,Black-headed Duck,Heteronetta atricapilla,lowlands of southern South America,Anseriformes,"Anatidae (Ducks, Geese, and Waterfowl)",NA,NA,734,FALSE
752,masduc,NA,NA,species,Masked Duck,Nomonyx dominicus,"northeastern Mexico and Caribbean southward to South America; west of the Andes to western Ecuador, and east of the Andes to northern Argentina and Brazil",Anseriformes,"Anatidae (Ducks, Geese, and Waterfowl)",NA,NA,735,FALSE
753,rudduc,NA,NA,species,Ruddy Duck,Oxyura jamaicensis,interior northwestern North America (southwestern Canada to Mexico); West Indies,Anseriformes,"Anatidae (Ducks, Geese, and Waterfowl)",NA,NA,736,TRUE
755,andduc1,NA,NA,species,Andean Duck,Oxyura ferruginea,NA,Anseriformes,"Anatidae (Ducks, Geese, and Waterfowl)",NA,NA,738,FALSE
758,whhduc1,NA,NA,species,White-headed Duck,Oxyura leucocephala,patchily distributed Mediterranean basin to central Asia,Anseriformes,"Anatidae (Ducks, Geese, and Waterfowl)",NA,NA,741,FALSE
760,macduc1,NA,NA,species,Maccoa Duck,Oxyura maccoa,local in highlands of eastern and southern Africa,Anseriformes,"Anatidae (Ducks, Geese, and Waterfowl)",NA,NA,743,FALSE
768,waterf1,NA,NA,spuh,waterfowl sp.,Anatidae sp.,NA,Anseriformes,"Anatidae (Ducks, Geese, and Waterfowl)",NA,NA,751,FALSE
769,megapo1,NA,NA,family,Megapodes,Megapodiidae,NA,Galliformes,Megapodiidae (Megapodes),NA,NA,752,FALSE
828,placha,NA,NA,species,Plain Chachalaca,Ortalis vetula,NA,Galliformes,"Cracidae (Guans, Chachalacas, and Curassows)",NA,NA,811,TRUE
901,penelo1,NA,NA,spuh,Penelope sp.,Penelope sp.,NA,Galliformes,"Cracidae (Guans, Chachalacas, and Curassows)",NA,NA,881,FALSE
947,curass1,NA,NA,spuh,curassow sp.,Cracidae sp. (curassow sp.),NA,Galliformes,"Cracidae (Guans, Chachalacas, and Curassows)",NA,NA,927,FALSE
950,helgui,NA,NA,species,Helmeted Guineafowl,Numida meleagris,NA,Galliformes,Numididae (Guineafowl),NA,NA,930,FALSE
986,mouqua,NA,NA,species,Mountain Quail,Oreortyx pictus,"montane western North America, from Washington southward through the Cascades, coast ranges, and Sierra Nevada to Baja California (northwestern Mexico)",Galliformes,Odontophoridae (New World Quail),NA,NA,966,TRUE
999,norbob,NA,NA,species,Northern Bobwhite,Colinus virginianus,NA,Galliformes,Odontophoridae (New World Quail),NA,NA,979,TRUE
1051,scaqua,NA,NA,species,Scaled Quail,Callipepla squamata,NA,Galliformes,Odontophoridae (New World Quail),NA,NA,1032,TRUE
1064,calqua,NA,NA,species,California Quail,Callipepla californica,NA,Galliformes,Odontophoridae (New World Quail),NA,NA,1045,TRUE
1075,gamqua,NA,NA,species,Gambel's Quail,Callipepla gambelii,NA,Galliformes,Odontophoridae (New World Quail),NA,NA,1056,TRUE
1084,monqua,NA,NA,species,Montezuma Quail,Cyrtonyx montezumae,NA,Galliformes,Odontophoridae (New World Quail),NA,NA,1065,TRUE
1142,quail1,NA,NA,spuh,new world quail sp.,Odontophoridae sp.,NA,Galliformes,Odontophoridae (New World Quail),NA,NA,1123,FALSE
1143,phasia1,NA,NA,family,"Pheasants, Grouse, and Allies",Phasianidae,NA,Galliformes,"Phasianidae (Pheasants, Grouse, and Allies)",NA,NA,1124,FALSE
1242,wiltur,NA,NA,species,Wild Turkey,Meleagris gallopavo,NA,Galliformes,"Phasianidae (Pheasants, Grouse, and Allies)",NA,NA,1222,TRUE
1243,wiltur2,NA,NA,subspecies,NA,Meleagris gallopavo silvestris,central and eastern USA,Galliformes,"Phasianidae (Pheasants, Grouse, and Allies)",NA,NA,1223,FALSE
1245,wiltur4,NA,NA,subspecies,NA,Meleagris gallopavo intermedia,northern Texas to east-central Mexico,Galliformes,"Phasianidae (Pheasants, Grouse, and Allies)",NA,NA,1225,FALSE
1246,wiltur5,NA,NA,subspecies,NA,Meleagris gallopavo merriami,western USA,Galliformes,"Phasianidae (Pheasants, Grouse, and Allies)",NA,NA,1226,FALSE
1250,ocetur1,NA,NA,species,Ocellated Turkey,Meleagris ocellata,Yucatán Peninsula (southeastern Mexico) to Petén (northern Guatemala) and Belize,Galliformes,"Phasianidae (Pheasants, Grouse, and Allies)",NA,NA,1230,FALSE
1251,rufgro,NA,NA,species,Ruffed Grouse,Bonasa umbellus,NA,Galliformes,"Phasianidae (Pheasants, Grouse, and Allies)",NA,NA,1231,TRUE
1280,saggro,NA,NA,species,Greater Sage-Grouse,Centrocercus urophasianus,prairies and sage grassland of western Canada to southwestern USA,Galliformes,"Phasianidae (Pheasants, Grouse, and Allies)",NA,NA,1260,TRUE
1281,gusgro,NA,NA,species,Gunnison Sage-Grouse,Centrocercus minimus,Gunnison Basin of southwestern Colorado and adjacent southeastern Utah,Galliformes,"Phasianidae (Pheasants, Grouse, and Allies)",NA,NA,1261,TRUE
1283,dusgro,NA,NA,species,Dusky Grouse,Dendragapus obscurus,NA,Galliformes,"Phasianidae (Pheasants, Grouse, and Allies)",NA,NA,1263,TRUE
1288,soogro1,NA,NA,species,Sooty Grouse,Dendragapus fuliginosus,NA,Galliformes,"Phasianidae (Pheasants, Grouse, and Allies)",NA,NA,1268,TRUE
1294,shtgro,subspecies revised,NA,species,Sharp-tailed Grouse,Tympanuchus phasianellus,NA,Galliformes,"Phasianidae (Pheasants, Grouse, and Allies)",NA,NA,1274,TRUE
1303,grpchi,NA,NA,species,Greater Prairie-Chicken,Tympanuchus cupido,NA,Galliformes,"Phasianidae (Pheasants, Grouse, and Allies)",NA,NA,1283,TRUE
1306,attprc1,NA,NA,group (monotypic),Greater Prairie-Chicken (Attwater's),Tympanuchus cupido attwateri,coastal southeastern Texas,Galliformes,"Phasianidae (Pheasants, Grouse, and Allies)",NA,NA,1286,FALSE
1308,lepchi,NA,NA,species,Lesser Prairie-Chicken,Tympanuchus pallidicinctus,arid grassland of south-central USA,Galliformes,"Phasianidae (Pheasants, Grouse, and Allies)",NA,NA,1288,TRUE
1310,y00664,NA,NA,slash,Greater/Lesser Prairie-Chicken,Tympanuchus cupido/pallidicinctus,NA,Galliformes,"Phasianidae (Pheasants, Grouse, and Allies)",NA,NA,1290,FALSE
1311,whtpta1,NA,NA,species,White-tailed Ptarmigan,Lagopus leucura,NA,Galliformes,"Phasianidae (Pheasants, Grouse, and Allies)",NA,NA,1291,TRUE
1317,wilpta,subspecies added,NA,species,Willow Ptarmigan,Lagopus lagopus,NA,Galliformes,"Phasianidae (Pheasants, Grouse, and Allies)",NA,NA,1297,TRUE
1340,rocpta1,NA,NA,species,Rock Ptarmigan,Lagopus muta,NA,Galliformes,"Phasianidae (Pheasants, Grouse, and Allies)",NA,NA,1318,TRUE
1371,ptarmi1,NA,NA,spuh,ptarmigan sp.,Lagopus sp.,NA,Galliformes,"Phasianidae (Pheasants, Grouse, and Allies)",NA,NA,1349,FALSE
1373,sprgro,NA,NA,species,Spruce Grouse,Canachites canadensis,NA,Galliformes,"Phasianidae (Pheasants, Grouse, and Allies)",NA,NA,1351,TRUE
1400,blagro1,NA,NA,species,Black Grouse,Lyrurus tetrix,NA,Galliformes,"Phasianidae (Pheasants, Grouse, and Allies)",NA,NA,1376,FALSE
1410,grouse1,NA,NA,spuh,grouse sp.,Tetraoninae sp.,NA,Galliformes,"Phasianidae (Pheasants, Grouse, and Allies)",NA,NA,1386,FALSE
1417,grypar,NA,NA,species,Gray Partridge,Perdix perdix,NA,Galliformes,"Phasianidae (Pheasants, Grouse, and Allies)",NA,NA,1393,TRUE
1428,copphe1,NA,NA,species,Copper Pheasant,Syrmaticus soemmerringii,NA,Galliformes,"Phasianidae (Pheasants, Grouse, and Allies)",NA,NA,1404,FALSE
1444,rinphe1,NA,NA,species,Ring-necked Pheasant,Phasianus colchicus,NA,Galliformes,"Phasianidae (Pheasants, Grouse, and Allies)",NA,NA,1420,TRUE
1539,compea,NA,NA,species,Indian Peafowl,Pavo cristatus,"forest and scrub of eastern Pakistan, India, and Sri Lanka",Galliformes,"Phasianidae (Pheasants, Grouse, and Allies)",NA,NA,1515,TRUE
1541,grepea1,NA,NA,species,Green Peafowl,Pavo muticus,NA,Galliformes,"Phasianidae (Pheasants, Grouse, and Allies)",NA,NA,1517,FALSE
1578,pheasa1,NA,NA,spuh,pheasant sp.,Phasianidae sp. (pheasant sp.),NA,Galliformes,"Phasianidae (Pheasants, Grouse, and Allies)",NA,NA,1554,FALSE
1586,redjun,NA,NA,species,Red Junglefowl,Gallus gallus,NA,Galliformes,"Phasianidae (Pheasants, Grouse, and Allies)",NA,NA,1562,FALSE
1592,redjun1,NA,NA,domestic,Red Junglefowl (Domestic type),Gallus gallus (Domestic type),NA,Galliformes,"Phasianidae (Pheasants, Grouse, and Allies)",NA,NA,1568,FALSE
1605,gryfra,NA,NA,species,Gray Francolin,Ortygornis pondicerianus,NA,Galliformes,"Phasianidae (Pheasants, Grouse, and Allies)",NA,NA,1581,FALSE
1613,blkfra,NA,NA,species,Black Francolin,Francolinus francolinus,NA,Galliformes,"Phasianidae (Pheasants, Grouse, and Allies)",NA,NA,1589,FALSE
1665,himsno,NA,NA,species,Himalayan Snowcock,Tetraogallus himalayensis,NA,Galliformes,"Phasianidae (Pheasants, Grouse, and Allies)",NA,NA,1641,FALSE
1702,comqua1,NA,NA,species,Common Quail,Coturnix coturnix,NA,Galliformes,"Phasianidae (Pheasants, Grouse, and Allies)",NA,NA,1677,FALSE
1718,coturn1,NA,NA,spuh,old world quail sp.,Synoicus/Coturnix sp.,NA,Galliformes,"Phasianidae (Pheasants, Grouse, and Allies)",NA,NA,1687,FALSE
1729,chukar,NA,NA,species,Chukar,Alectoris chukar,NA,Galliformes,"Phasianidae (Pheasants, Grouse, and Allies)",NA,NA,1698,TRUE
1780,ercfra,NA,NA,species,Erckel's Spurfowl,Pternistis erckelii,northeastern Sudan and highlands of northern Eritrea and northwestern Ethiopia; introduced to Hawaii,Galliformes,"Phasianidae (Pheasants, Grouse, and Allies)",NA,NA,1749,FALSE
1817,rocpig,NA,NA,species,Rock Pigeon,Columba livia,NA,Columbiformes,Columbidae (Pigeons and Doves),NA,NA,1874,TRUE
1895,columb1,NA,NA,spuh,Columba sp.,Columba sp.,NA,Columbiformes,Columbidae (Pigeons and Doves),NA,NA,1952,FALSE
1903,pavpig2,NA,NA,species,Pale-vented Pigeon,Patagioenas cayennensis,NA,Columbiformes,Columbidae (Pigeons and Doves),NA,NA,1960,FALSE
1911,scnpig1,NA,NA,species,Scaly-naped Pigeon,Patagioenas squamosa,"Greater Antilles, Lesser Antilles, and Aruba, Curaçao, and Bonaire",Columbiformes,Columbidae (Pigeons and Doves),NA,NA,1968,FALSE
1912,picpig2,NA,NA,species,Picazuro Pigeon,Patagioenas picazuro,NA,Columbiformes,Columbidae (Pigeons and Doves),NA,NA,1969,FALSE
1919,whcpig2,NA,NA,species,White-crowned Pigeon,Patagioenas leucocephala,southern Florida and offshore islands from West Indies to northwestern Panama,Columbiformes,Columbidae (Pigeons and Doves),NA,NA,1976,TRUE
1920,rebpig1,NA,NA,species,Red-billed Pigeon,Patagioenas flavirostris,NA,Columbiformes,Columbidae (Pigeons and Doves),NA,NA,1977,TRUE
1925,plapig,NA,NA,species,Plain Pigeon,Patagioenas inornata,NA,Columbiformes,Columbidae (Pigeons and Doves),NA,NA,1982,FALSE
1929,batpig1,NA,NA,species,Band-tailed Pigeon,Patagioenas fasciata,NA,Columbiformes,Columbidae (Pigeons and Doves),NA,NA,1986,TRUE
1950,rudpig,NA,NA,species,Ruddy Pigeon,Patagioenas subvinacea,NA,Columbiformes,Columbidae (Pigeons and Doves),NA,NA,2007,FALSE
1966,paspig,NA,NA,species,Passenger Pigeon,Ectopistes migratorius,"formerly eastern Canada and USA; extinct, last reported in wild end of 19th C, last captive individual died 1914",Columbiformes,Columbidae (Pigeons and Doves),1,1914,2023,FALSE
1978,eutdov,NA,NA,species,European Turtle-Dove,Streptopelia turtur,NA,Columbiformes,Columbidae (Pigeons and Doves),NA,NA,2035,FALSE
1985,ortdov,NA,NA,species,Oriental Turtle-Dove,Streptopelia orientalis,NA,Columbiformes,Columbidae (Pigeons and Doves),NA,NA,2042,FALSE
1994,eucdov,NA,NA,species,Eurasian Collared-Dove,Streptopelia decaocto,"Europe to Middle East, India, Sri Lanka, western China, and Korea; introduced in North America, and occurs in the USA (except northeastern), southern Canada (except eastern) and southern Alaska, the West Indies, and northern Mexico locally to southern Mexico",Columbiformes,Columbidae (Pigeons and Doves),NA,NA,2051,TRUE
1999,afcdov1,NA,NA,species,African Collared-Dove,Streptopelia roseogrisea,NA,Columbiformes,Columbidae (Pigeons and Doves),NA,NA,2056,TRUE
2027,spodov,NA,NA,species,Spotted Dove,Spilopelia chinensis,NA,Columbiformes,Columbidae (Pigeons and Doves),NA,NA,2084,TRUE
2195,zebdov,NA,NA,species,Zebra Dove,Geopelia striata,"southern Myanmar through the Thai-Malay Peninsula to Sumatra, Java, and Lombok; also Philippines (native or introduced?), and many feral populations, e.g. the Seychelles, Mascarenes, Indochina, Borneo, Hawaii, and Tahiti, among others",Columbiformes,Columbidae (Pigeons and Doves),NA,NA,2251,FALSE
2205,incdov,NA,NA,species,Inca Dove,Columbina inca,semiarid southwestern USA to northwestern Costa Rica,Columbiformes,Columbidae (Pigeons and Doves),NA,NA,2261,TRUE
2206,cogdov,NA,NA,species,Common Ground Dove,Columbina passerina,NA,Columbiformes,Columbidae (Pigeons and Doves),NA,NA,2262,TRUE
2225,pbgdov1,NA,NA,species,Plain-breasted Ground Dove,Columbina minuta,NA,Columbiformes,Columbidae (Pigeons and Doves),NA,NA,2281,FALSE
2230,rugdov,NA,NA,species,Ruddy Ground Dove,Columbina talpacoti,NA,Columbiformes,Columbidae (Pigeons and Doves),NA,NA,2286,TRUE
2244,pigdov1,NA,NA,species,Picui Ground Dove,Columbina picui,NA,Columbiformes,Columbidae (Pigeons and Doves),NA,NA,2298,FALSE
2249,y00320,NA,NA,spuh,ground dove/Inca Dove,Columbina sp.,NA,Columbiformes,Columbidae (Pigeons and Doves),NA,NA,2303,FALSE
2250,blgdov1,NA,NA,species,Blue Ground Dove,Claravis pretiosa,southeastern Mexico (San Luis Potosí) to northern Argentina and southern Brazil,Columbiformes,Columbidae (Pigeons and Doves),NA,NA,2304,FALSE
2264,bwgdov1,NA,NA,species,Black-winged Ground Dove,Metriopelia melanoptera,NA,Columbiformes,Columbidae (Pigeons and Doves),NA,NA,2318,FALSE
2286,whtdov,NA,NA,species,White-tipped Dove,Leptotila verreauxi,NA,Columbiformes,Columbidae (Pigeons and Doves),NA,NA,2340,TRUE
2310,gycdov2,NA,NA,group (monotypic),Gray-chested Dove (rufinucha),Leptotila cassinii rufinucha,southwestern Costa Rica to northwestern Panama (Chiriquí),Columbiformes,Columbidae (Pigeons and Doves),NA,NA,2364,FALSE
2350,whwdov,NA,NA,species,White-winged Dove,Zenaida asiatica,NA,Columbiformes,Columbidae (Pigeons and Doves),NA,NA,2404,TRUE
2354,zendov,NA,NA,species,Zenaida Dove,Zenaida aurita,NA,Columbiformes,Columbidae (Pigeons and Doves),NA,NA,2408,FALSE
2361,eardov1,NA,NA,species,Eared Dove,Zenaida auriculata,NA,Columbiformes,Columbidae (Pigeons and Doves),NA,NA,2415,FALSE
2373,moudov,NA,NA,species,Mourning Dove,Zenaida macroura,NA,Columbiformes,Columbidae (Pigeons and Doves),NA,NA,2427,TRUE
2814,dove1,NA,NA,spuh,pigeon/dove sp.,Columbidae sp.,NA,Columbiformes,Columbidae (Pigeons and Doves),NA,NA,2855,FALSE
2982,guicuc1,NA,NA,species,Guira Cuckoo,Guira guira,"northeastern Brazil to Bolivia, Paraguay, Uruguay, and central Argentina",Cuculiformes,Cuculidae (Cuckoos),NA,NA,3023,FALSE
2983,greani1,NA,NA,species,Greater Ani,Crotophaga major,"eastern Panama and South America including Trinidad, east of Andes to northern Argentina",Cuculiformes,Cuculidae (Cuckoos),NA,NA,3024,FALSE
2984,smbani,NA,NA,species,Smooth-billed Ani,Crotophaga ani,"West Indies, southeastern Mexico (Quintana Roo) and Costa Rica southward to western Ecuador and northern Argentina, also Galapagos (introduced); formerly southeastern USA (Florida, where now rare)",Cuculiformes,Cuculidae (Cuckoos),NA,NA,3025,TRUE
2985,grbani,NA,NA,species,Groove-billed Ani,Crotophaga sulcirostris,southern Baja California; southern Texas through Central and South America (including Curaçao and Trinidad) to northern Chile and northern Argentina,Cuculiformes,Cuculidae (Cuckoos),NA,NA,3026,TRUE
2996,greroa,NA,NA,species,Greater Roadrunner,Geococcyx californianus,arid southwestern USA to southern Mexico,Cuculiformes,Cuculidae (Cuckoos),NA,NA,3037,TRUE
2997,y00957,NA,NA,slash,Lesser/Greater Roadrunner,Geococcyx velox/californianus,NA,Cuculiformes,Cuculidae (Cuckoos),NA,NA,3038,FALSE
3155,grscuc1,NA,NA,species,Great Spotted Cuckoo,Clamator glandarius,southwestern Palearctic and sub-Saharan Africa,Cuculiformes,Cuculidae (Cuckoos),NA,NA,3197,FALSE
3169,squcuc1,NA,NA,species,Squirrel Cuckoo,Piaya cayana,NA,Cuculiformes,Cuculidae (Cuckoos),NA,NA,3211,FALSE
3187,dabcuc1,NA,NA,species,Dark-billed Cuckoo,Coccyzus melacoryphus,"Venezuela to the Guianas, Brazil, northern Argentina, and Galapagos",Cuculiformes,Cuculidae (Cuckoos),NA,NA,3229,FALSE
3188,yebcuc,NA,NA,species,Yellow-billed Cuckoo,Coccyzus americanus,Canada to Mexico and West Indies; winters to northern Argentina,Cuculiformes,Cuculidae (Cuckoos),NA,NA,3230,TRUE
3191,mancuc,NA,NA,species,Mangrove Cuckoo,Coccyzus minor,locally from southern Florida to coastal northern Brazil,Cuculiformes,Cuculidae (Cuckoos),NA,NA,3233,TRUE
3193,bkbcuc,NA,NA,species,Black-billed Cuckoo,Coccyzus erythropthalmus,breeds eastern North America; winters to Bolivia,Cuculiformes,Cuculidae (Cuckoos),NA,NA,3235,TRUE
3196,chbcuc4,NA,NA,species,Chestnut-bellied Cuckoo,Coccyzus pluvialis,Jamaica,Cuculiformes,Cuculidae (Cuckoos),NA,NA,3238,FALSE
3198,jamlic1,NA,NA,species,Jamaican Lizard-Cuckoo,Coccyzus vetula,Jamaica,Cuculiformes,Cuculidae (Cuckoos),NA,NA,3240,FALSE
3199,purlic1,NA,NA,species,Puerto Rican Lizard-Cuckoo,Coccyzus vieilloti,Puerto Rico,Cuculiformes,Cuculidae (Cuckoos),NA,NA,3241,FALSE
3209,coccyz1,NA,NA,spuh,Coccyzus sp.,Coccyzus sp.,NA,Cuculiformes,Cuculidae (Cuckoos),NA,NA,3251,FALSE
3219,asikoe2,subspecies revised,NA,species,Asian Koel,Eudynamys scolopaceus,NA,Cuculiformes,Cuculidae (Cuckoos),NA,NA,3261,FALSE
3228,asikoe3,NA,NA,species,Pacific Koel,Eudynamys orientalis,NA,Cuculiformes,Cuculidae (Cuckoos),NA,NA,3270,FALSE
3240,lotkoe1,NA,NA,species,Long-tailed Koel,Urodynamis taitensis,"breeds North, South, and Stewart islands and satellite islands (New Zealand); non-breeding to central to southern tropical Pacific, from Palau (western Caroline Islands) to Pitcairn group (southeastern Polynesia)",Cuculiformes,Cuculidae (Cuckoos),NA,NA,3281,FALSE
3250,didcuc1,NA,NA,species,Dideric Cuckoo,Chrysococcyx caprius,intra-African migrant in sub-Saharan Africa and southern Arabia,Cuculiformes,Cuculidae (Cuckoos),NA,NA,3291,FALSE
3251,klacuc1,NA,NA,species,Klaas's Cuckoo,Chrysococcyx klaas,widespread sub-Saharan Africa and Bioko,Cuculiformes,Cuculidae (Cuckoos),NA,NA,3292,FALSE
3263,hobcuc1,name change - sciname,Move from Chrysococcyx into Chalcites,species,Horsfield's Bronze-Cuckoo,Chalcites basalis,Australia including Tasmania; winters to Java,Cuculiformes,Cuculidae (Cuckoos),NA,NA,3302,FALSE
3266,shbcuc1,name change - sciname,Move from Chrysococcyx into Chalcites,species,Shining Bronze-Cuckoo,Chalcites lucidus,NA,Cuculiformes,Cuculidae (Cuckoos),NA,NA,3305,FALSE
3270,shibrc4,NA,NA,group (monotypic),Shining Bronze-Cuckoo (Golden),Chalcites lucidus plagosus,southern Australia including Tasmania; winters to northern Melanesia,Cuculiformes,Cuculidae (Cuckoos),NA,NA,3309,FALSE
3292,palcuc1,name change - sciname,"Move monotypic Pallid Cuckoo Cacomantis pallidus into Heteroscenes, as Pallid Cuckoo Heteroscenes pallidus",species,Pallid Cuckoo,Heteroscenes pallidus,Australia including Tasmania; winters north to Wallacea,Cuculiformes,Cuculidae (Cuckoos),NA,NA,3331,FALSE
3298,fatcuc1,subspecies revised,NA,species,Fan-tailed Cuckoo,Cacomantis flabelliformis,NA,Cuculiformes,Cuculidae (Cuckoos),NA,NA,3337,FALSE
3317,placuc3,NA,NA,species,Gray-bellied Cuckoo,Cacomantis passerinus,India and Pakistan; winters to Sri Lanka,Cuculiformes,Cuculidae (Cuckoos),NA,NA,3354,FALSE
3370,nohcuc1,NA,NA,species,Northern Hawk-Cuckoo,Hierococcyx hyperythrus,"breeds southeastern Siberia, northeastern China, Korean Peninsula, and Japan; winters to southeastern Asia, northern Borneo, and northern Sulawesi",Cuculiformes,Cuculidae (Cuckoos),NA,NA,3402,FALSE
3379,lescuc1,NA,NA,species,Lesser Cuckoo,Cuculus poliocephalus,"southern and eastern Asia; winters peninsular India, Sri Lanka, and eastern Africa",Cuculiformes,Cuculidae (Cuckoos),NA,NA,3411,FALSE
3387,himcuc1,NA,NA,species,Himalayan Cuckoo,Cuculus saturatus,southern Himalayas to southern China and Taiwan; winters to Indonesia,Cuculiformes,Cuculidae (Cuckoos),NA,NA,3419,FALSE
3389,comcuc,NA,NA,species,Common Cuckoo,Cuculus canorus,NA,Cuculiformes,Cuculidae (Cuckoos),NA,NA,3421,FALSE
3392,comcuc3,NA,NA,subspecies,NA,Cuculus canorus subtelephonus,central Asia from Turkmenistan eastward to southern Mongolia (western Ala Shan); winters in southern Asia and Africa,Cuculiformes,Cuculidae (Cuckoos),NA,NA,3424,FALSE
3393,comcuc4,NA,NA,subspecies,NA,Cuculus canorus bakeri,"western China to northern India, Nepal, Myanmar, northwestern Thailand, and southern China",Cuculiformes,Cuculidae (Cuckoos),NA,NA,3425,FALSE
3395,oricuc2,NA,NA,species,Oriental Cuckoo,Cuculus optatus,"breeds western Russia and Kazakhstan through northeastern Russia to Japan; winters southeastern Asia, Indonesian Archipelago, and Philippines to northern and eastern Australia, New Guinea and satellite islands, Bismarck Archipelago, and Solomon Islands",Cuculiformes,Cuculidae (Cuckoos),NA,NA,3427,FALSE
3400,cuckoo3,NA,NA,spuh,cuckoo sp. (Cuculidae sp.),Cuculidae sp.,NA,Cuculiformes,Cuculidae (Cuckoos),NA,NA,3432,FALSE
3418,nacnig1,NA,NA,species,Nacunda Nighthawk,Chordeiles nacunda,NA,Caprimulgiformes,Caprimulgidae (Nightjars and Allies),NA,NA,3487,FALSE
3431,lesnig,NA,NA,species,Lesser Nighthawk,Chordeiles acutipennis,NA,Caprimulgiformes,Caprimulgidae (Nightjars and Allies),NA,NA,3500,TRUE
3439,comnig,NA,NA,species,Common Nighthawk,Chordeiles minor,NA,Caprimulgiformes,Caprimulgidae (Nightjars and Allies),NA,NA,3508,TRUE
3449,antnig,NA,NA,species,Antillean Nighthawk,Chordeiles gundlachii,NA,Caprimulgiformes,Caprimulgidae (Nightjars and Allies),NA,NA,3518,TRUE
3474,compau,sequence,NA,species,Common Pauraque,Nyctidromus albicollis,NA,Caprimulgiformes,Caprimulgidae (Nightjars and Allies),NA,NA,3553,TRUE
3493,litnig1,sequence,NA,species,Little Nightjar,Setopagis parvula,"eastern Peru to Brazil south of the Amazon River, Uruguay, and northern Argentina",Caprimulgiformes,Caprimulgidae (Nightjars and Allies),NA,NA,3572,FALSE
3520,sctnig2,NA,NA,species,Scissor-tailed Nightjar,Hydropsalis torquata,NA,Caprimulgiformes,Caprimulgidae (Nightjars and Allies),NA,NA,3589,FALSE
3535,compoo,NA,NA,species,Common Poorwill,Phalaenoptilus nuttallii,NA,Caprimulgiformes,Caprimulgidae (Nightjars and Allies),NA,NA,3604,TRUE
3541,chwwid,NA,NA,species,Chuck-will's-widow,Antrostomus carolinensis,eastern USA; winters southeastern USA to Greater Antilles and northern South America,Caprimulgiformes,Caprimulgidae (Nightjars and Allies),NA,NA,3610,TRUE
3542,rufnig1,NA,NA,species,Rufous Nightjar,Antrostomus rufus,NA,Caprimulgiformes,Caprimulgidae (Nightjars and Allies),NA,NA,3611,FALSE
3558,bucnig,NA,NA,species,Buff-collared Nightjar,Antrostomus ridgwayi,NA,Caprimulgiformes,Caprimulgidae (Nightjars and Allies),NA,NA,3627,FALSE
3561,easwpw1,NA,NA,species,Eastern Whip-poor-will,Antrostomus vociferus,southern Canada and eastern USA; winters to Cuba and western Panama,Caprimulgiformes,Caprimulgidae (Nightjars and Allies),NA,NA,3630,TRUE
3563,souwpw1,NA,NA,species,Mexican Whip-poor-will,Antrostomus arizonae,NA,Caprimulgiformes,Caprimulgidae (Nightjars and Allies),NA,NA,3632,TRUE
3690,nightj1,NA,NA,spuh,nightjar sp.,Caprimulgidae sp.,NA,Caprimulgiformes,Caprimulgidae (Nightjars and Allies),NA,NA,3759,FALSE
3698,compot1,NA,NA,species,Common Potoo,Nyctibius griseus,NA,Nyctibiiformes,Nyctibiidae (Potoos),NA,NA,3767,FALSE
3773,blkswi,NA,NA,species,Black Swift,Cypseloides niger,NA,Apodiformes,Apodidae (Swifts),NA,NA,3805,TRUE
3785,chcswi1,NA,NA,species,Chestnut-collared Swift,Streptoprocne rutila,NA,Apodiformes,Apodidae (Swifts),NA,NA,3817,FALSE
3790,whcswi,NA,NA,species,White-collared Swift,Streptoprocne zonaris,NA,Apodiformes,Apodidae (Swifts),NA,NA,3822,FALSE
3842,chiswi,NA,NA,species,Chimney Swift,Chaetura pelagica,"breeds eastern North America; winters in coastal Peru and northern Chile, in Amazonian Peru, and probably in western Brazil",Apodiformes,Apodidae (Swifts),NA,NA,3874,TRUE
3843,vauswi,NA,NA,species,Vaux's Swift,Chaetura vauxi,NA,Apodiformes,Apodidae (Swifts),NA,NA,3875,TRUE
4103,whtswi,NA,NA,species,White-throated Swift,Aeronautes saxatalis,NA,Apodiformes,Apodidae (Swifts),NA,NA,4134,TRUE
4133,anpswi,NA,NA,species,Antillean Palm Swift,Tachornis phoenicobia,NA,Apodiformes,Apodidae (Swifts),NA,NA,4164,FALSE
4144,swift1,NA,NA,spuh,swift sp.,Apodidae sp.,NA,Apodiformes,Apodidae (Swifts),NA,NA,4175,FALSE
4227,lother1,NA,NA,species,Long-tailed Hermit,Phaethornis superciliosus,NA,Apodiformes,Trochilidae (Hummingbirds),NA,NA,4257,FALSE
4248,lither2,NA,NA,species,Little Hermit,Phaethornis longuemareus,northeastern Venezuela and Trinidad to French Guiana,Apodiformes,Trochilidae (Hummingbirds),NA,NA,4278,FALSE
4255,stther2,NA,NA,species,Stripe-throated Hermit,Phaethornis striigularis,NA,Apodiformes,Trochilidae (Hummingbirds),NA,NA,4285,FALSE
4303,grnvie1,NA,NA,species,Mexican Violetear,Colibri thalassinus,open mountain slopes of southern Mexico to north-central Nicaragua,Apodiformes,Trochilidae (Hummingbirds),NA,NA,4333,FALSE
4333,gnbman,NA,NA,species,Green-breasted Mango,Anthracothorax prevostii,NA,Apodiformes,Trochilidae (Hummingbirds),NA,NA,4363,FALSE
4668,maghum1,NA,NA,species,Rivoli's Hummingbird,Eugenes fulgens,"mountains of southern Arizona, New Mexico, and Texas to northeastern Nicaragua",Apodiformes,Trochilidae (Hummingbirds),NA,NA,4698,TRUE
4674,plcsta,NA,NA,species,Plain-capped Starthroat,Heliomaster constantii,NA,Apodiformes,Trochilidae (Hummingbirds),NA,NA,4704,FALSE
4690,amthum1,NA,NA,species,Amethyst-throated Mountain-gem,Lampornis amethystinus,NA,Apodiformes,Trochilidae (Hummingbirds),NA,NA,4720,FALSE
4697,buthum,NA,NA,species,Blue-throated Mountain-gem,Lampornis clemenciae,NA,Apodiformes,Trochilidae (Hummingbirds),NA,NA,4727,TRUE
4712,gathum1,NA,NA,species,Garnet-throated Hummingbird,Lamprolaima rhami,"mountains of southern Mexico to Guatemala, El Salvador, and Honduras",Apodiformes,Trochilidae (Hummingbirds),NA,NA,4741,FALSE
4713,spthum1,NA,NA,species,Sparkling-tailed Hummingbird,Tilmatura dupontii,oak-pine highlands of western Mexico to northern Nicaragua,Apodiformes,Trochilidae (Hummingbirds),NA,NA,4742,FALSE
4744,luchum,NA,NA,species,Lucifer Hummingbird,Calothorax lucifer,arid mountains of southwestern USA and northern Mexico; winters to southern Mexico,Apodiformes,Trochilidae (Hummingbirds),NA,NA,4773,TRUE
4747,rthhum,NA,NA,species,Ruby-throated Hummingbird,Archilochus colubris,eastern Canada and USA; winters Mexico to Panama,Apodiformes,Trochilidae (Hummingbirds),NA,NA,4776,TRUE
4748,bkchum,NA,NA,species,Black-chinned Hummingbird,Archilochus alexandri,breeds drier parts of southern British Columbia to northwestern Mexico; winters to southern Mexico,Apodiformes,Trochilidae (Hummingbirds),NA,NA,4777,TRUE
4751,archil1,NA,NA,slash,Ruby-throated/Black-chinned Hummingbird,Archilochus colubris/alexandri,NA,Apodiformes,Trochilidae (Hummingbirds),NA,NA,4780,TRUE
4754,verhum1,NA,NA,species,Vervain Hummingbird,Mellisuga minima,NA,Apodiformes,Trochilidae (Hummingbirds),NA,NA,4783,FALSE
4758,annhum,NA,NA,species,Anna's Hummingbird,Calypte anna,breeds southwestern Alaska to northwestern Baja California (northwestern Mexico); winters to northern Mexico,Apodiformes,Trochilidae (Hummingbirds),NA,NA,4787,TRUE
4761,coshum,NA,NA,species,Costa's Hummingbird,Calypte costae,arid southwestern USA to southern Baja California and northwestern Mexico,Apodiformes,Trochilidae (Hummingbirds),NA,NA,4790,TRUE
4766,calhum,NA,NA,species,Calliope Hummingbird,Selasphorus calliope,mountains of British Columbia to southwestern USA and northern Baja California; winters to southern Mexico,Apodiformes,Trochilidae (Hummingbirds),NA,NA,4795,TRUE
4769,rufhum,NA,NA,species,Rufous Hummingbird,Selasphorus rufus,Alaska to northwestern USA; winters to southern Mexico,Apodiformes,Trochilidae (Hummingbirds),NA,NA,4798,TRUE
4774,allhum,NA,NA,species,Allen's Hummingbird,Selasphorus sasin,NA,Apodiformes,Trochilidae (Hummingbirds),NA,NA,4803,TRUE
4776,allhum4,NA,NA,subspecies,NA,Selasphorus sasin sedentarius,Channel Islands (off southern California) and adjacent mainland,Apodiformes,Trochilidae (Hummingbirds),NA,NA,4805,FALSE
4782,brthum,NA,NA,species,Broad-tailed Hummingbird,Selasphorus platycercus,mountains of southwestern USA to Mexico and Guatemala,Apodiformes,Trochilidae (Hummingbirds),NA,NA,4809,TRUE
4789,bumhum,NA,NA,species,Bumblebee Hummingbird,Selasphorus heloisa,NA,Apodiformes,Trochilidae (Hummingbirds),NA,NA,4816,FALSE
4802,selasp,NA,NA,spuh,Selasphorus sp.,Selasphorus sp.,NA,Apodiformes,Trochilidae (Hummingbirds),NA,NA,4829,FALSE
4804,cubeme1,NA,NA,species,Cuban Emerald,Riccordia ricordii,"Cuba including Isla de la Juventud (Isle of Pines; south of western Cuba), Grand Bahama, Great Abaco, and Andros",Apodiformes,Trochilidae (Hummingbirds),NA,NA,4831,FALSE
4810,brbhum,NA,NA,species,Broad-billed Hummingbird,Cynanthus latirostris,NA,Apodiformes,Trochilidae (Hummingbirds),NA,NA,4837,TRUE
4818,brbhum3,NA,NA,species,Tres Marias Hummingbird,Cynanthus lawrencei,Tres Marías Islands (off western Mexico),Apodiformes,Trochilidae (Hummingbirds),NA,NA,4845,FALSE
4826,caneme1,NA,NA,species,Canivet's Emerald,Cynanthus canivetii,NA,Apodiformes,Trochilidae (Hummingbirds),NA,NA,4853,FALSE
4861,whehum,NA,NA,species,White-eared Hummingbird,Basilinna leucotis,NA,Apodiformes,Trochilidae (Hummingbirds),NA,NA,4888,FALSE
4867,xanhum,NA,NA,species,Xantus's Hummingbird,Basilinna xantusii,arid scrub of southern Baja California,Apodiformes,Trochilidae (Hummingbirds),NA,NA,4893,FALSE
4894,viosab1,NA,NA,species,Violet Sabrewing,Campylopterus hemileucurus,NA,Apodiformes,Trochilidae (Hummingbirds),NA,NA,4920,FALSE
4957,stthum1,NA,NA,species,Stripe-tailed Hummingbird,Eupherusa eximia,NA,Apodiformes,Trochilidae (Hummingbirds),NA,NA,4983,FALSE
4986,vichum,NA,NA,species,Violet-crowned Hummingbird,Ramosomyia violiceps,NA,Apodiformes,Trochilidae (Hummingbirds),NA,NA,5012,TRUE
4998,buvhum1,NA,NA,species,Blue-vented Hummingbird,Saucerottia hoffmanni,semiarid western Nicaragua to central Costa Rica,Apodiformes,Trochilidae (Hummingbirds),NA,NA,5024,FALSE
4999,berhum,NA,NA,species,Berylline Hummingbird,Saucerottia beryllina,NA,Apodiformes,Trochilidae (Hummingbirds),NA,NA,5025,FALSE
5009,blthum1,NA,NA,species,Blue-tailed Hummingbird,Saucerottia cyanura,NA,Apodiformes,Trochilidae (Hummingbirds),NA,NA,5034,FALSE
5018,stvhum2,NA,NA,species,Steely-vented Hummingbird,Saucerottia saucerottei,NA,Apodiformes,Trochilidae (Hummingbirds),NA,NA,5043,FALSE
5042,cinhum1,NA,NA,species,Cinnamon Hummingbird,Amazilia rutila,NA,Apodiformes,Trochilidae (Hummingbirds),NA,NA,5067,FALSE
5048,bubhum,NA,NA,species,Buff-bellied Hummingbird,Amazilia yucatanensis,NA,Apodiformes,Trochilidae (Hummingbirds),NA,NA,5073,TRUE
5053,rtlhum,NA,NA,species,Rufous-tailed Hummingbird,Amazilia tzacatl,NA,Apodiformes,Trochilidae (Hummingbirds),NA,NA,5078,FALSE
5157,hummin,NA,NA,spuh,hummingbird sp.,Trochilidae sp.,NA,Apodiformes,Trochilidae (Hummingbirds),NA,NA,5182,TRUE
5198,rallid1,NA,NA,family,"Rails, Gallinules, and Coots",Rallidae,NA,Gruiformes,"Rallidae (Rails, Gallinules, and Coots)",NA,NA,5226,FALSE
5199,ridrai1,NA,NA,species,Ridgway's Rail,Rallus obsoletus,NA,Gruiformes,"Rallidae (Rails, Gallinules, and Coots)",NA,NA,5227,TRUE
5204,kinrai2,NA,NA,species,Aztec Rail,Rallus tenuirostris,central Mexico,Gruiformes,"Rallidae (Rails, Gallinules, and Coots)",NA,NA,5232,FALSE
5205,manrai1,NA,NA,species,Mangrove Rail,Rallus longirostris,NA,Gruiformes,"Rallidae (Rails, Gallinules, and Coots)",NA,NA,5233,FALSE
5215,kinrai4,NA,NA,species,King Rail,Rallus elegans,NA,Gruiformes,"Rallidae (Rails, Gallinules, and Coots)",NA,NA,5243,TRUE
5219,clarai11,NA,NA,species,Clapper Rail,Rallus crepitans,NA,Gruiformes,"Rallidae (Rails, Gallinules, and Coots)",NA,NA,5247,TRUE
5240,virrai,split,Polytypic Virginia Rail Rallus limicola is split into polytypic Virginia Rail Rallus limicola (with subspecies limicola and friedmanni) and polytypic Ecuadorian Rail Rallus aequatorialis (with subspecies aequatorialis and meyerdeschauenseei),species,Virginia Rail,Rallus limicola,NA,Gruiformes,"Rallidae (Rails, Gallinules, and Coots)",NA,NA,5268,TRUE
5259,rallus1,NA,NA,spuh,Rallus sp.,Rallus sp.,NA,Gruiformes,"Rallidae (Rails, Gallinules, and Coots)",NA,NA,5288,FALSE
5312,bubrai1,NA,NA,species,Buff-banded Rail,Gallirallus philippensis,NA,Gruiformes,"Rallidae (Rails, Gallinules, and Coots)",NA,NA,5342,FALSE
5398,sora,NA,NA,species,Sora,Porzana carolina,southern Alaska to northern Baja California and southern USA; winters to West Indies and northern South America,Gruiformes,"Rallidae (Rails, Gallinules, and Coots)",NA,NA,5428,TRUE
5405,commoo3,NA,NA,species,Eurasian Moorhen,Gallinula chloropus,NA,Gruiformes,"Rallidae (Rails, Gallinules, and Coots)",NA,NA,5436,FALSE
5411,comgal1,NA,NA,species,Common Gallinule,Gallinula galeata,NA,Gruiformes,"Rallidae (Rails, Gallinules, and Coots)",NA,NA,5442,TRUE
5430,eurcoo,NA,NA,species,Eurasian Coot,Fulica atra,NA,Gruiformes,"Rallidae (Rails, Gallinules, and Coots)",NA,NA,5461,FALSE
5437,rekcoo1,NA,NA,species,Red-knobbed Coot,Fulica cristata,southern Spain and Morocco; eastern and southern Africa and Madagascar,Gruiformes,"Rallidae (Rails, Gallinules, and Coots)",NA,NA,5468,FALSE
5443,y00475,NA,NA,species,American Coot,Fulica americana,NA,Gruiformes,"Rallidae (Rails, Gallinules, and Coots)",NA,NA,5474,TRUE
5456,coot1,NA,NA,spuh,coot sp.,Fulica sp.,NA,Gruiformes,"Rallidae (Rails, Gallinules, and Coots)",NA,NA,5487,FALSE
5458,purgal2,NA,NA,species,Purple Gallinule,Porphyrio martinica,locally from southern USA to northern Argentina and West Indies,Gruiformes,"Rallidae (Rails, Gallinules, and Coots)",NA,NA,5489,TRUE
5459,azugal1,NA,NA,species,Azure Gallinule,Porphyrio flavirostris,"eastern Colombia to southern Venezuela, the Guianas, northern Argentina, and Brazil",Gruiformes,"Rallidae (Rails, Gallinules, and Coots)",NA,NA,5490,FALSE
5463,purswa1,NA,NA,species,Western Swamphen,Porphyrio porphyrio,Iberian Peninsula and northwestern Africa (Morocco to Tunisia),Gruiformes,"Rallidae (Rails, Gallinules, and Coots)",NA,NA,5494,TRUE
5477,gyhswa1,NA,NA,subspecies,NA,Porphyrio poliocephalus caspius,Caspian Sea to northwestern Iran and Türkiye,Gruiformes,"Rallidae (Rails, Gallinules, and Coots)",NA,NA,5508,FALSE
5549,spocra2,NA,NA,species,Spotless Crake,Zapornia tabuensis,NA,Gruiformes,"Rallidae (Rails, Gallinules, and Coots)",NA,NA,5579,FALSE
5569,yelrai,NA,NA,species,Yellow Rail,Coturnicops noveboracensis,NA,Gruiformes,"Rallidae (Rails, Gallinules, and Coots)",NA,NA,5597,TRUE
5594,blkrai,NA,NA,species,Black Rail,Laterallus jamaicensis,NA,Gruiformes,"Rallidae (Rails, Gallinules, and Coots)",NA,NA,5621,TRUE
5603,porzan1,concept change (minor); name change - English and sciname; sequence,"Previously Porzana/Zapornia/Hapalocrex sp., which was surely the correct conversion after Porzana was initially split into three genera. But all uses to date are Old World, so it seems far better to emove Yellow-breasted Crake from this spuh than to add in a suite of irrelevant New World taxa. Fundamentally,",spuh,Porzana/Zapornia sp.,Porzana/Zapornia sp.,NA,Gruiformes,"Rallidae (Rails, Gallinules, and Coots)",NA,NA,5607,FALSE
5614,limpki,NA,NA,species,Limpkin,Aramus guarauna,NA,Gruiformes,Aramidae (Limpkin),NA,NA,5642,TRUE
5639,demcra1,NA,NA,species,Demoiselle Crane,Anthropoides virgo,Palearctic; winters in northeastern Africa and southern Asia,Gruiformes,Gruidae (Cranes),NA,NA,5667,FALSE
5642,sibcra1,NA,NA,species,Siberian Crane,Leucogeranus leucogeranus,breeds Arctic Siberia; winters to northern India and China,Gruiformes,Gruidae (Cranes),NA,NA,5670,FALSE
5643,sancra,NA,NA,species,Sandhill Crane,Antigone canadensis,NA,Gruiformes,Gruidae (Cranes),NA,NA,5671,TRUE
5644,sancra1,name change - English,"Change group names for Sandhill Crane Antigone canadensis from Sandhill Crane (canadensis) to Sandhill Crane (Lesser), Sandhill Crane (tabida/rowani) to Sandhill Crane (Greater), Sandhill Crane (pulla) to Sandhill Crane (Mississippi), Sandhill Crane (pratensis) to Sandhill Crane (Florida), and Sandhill Crane (nesiotes) to Sandhill Crane (Cuban)",group (monotypic),Sandhill Crane (Lesser),Antigone canadensis canadensis,Arctic North America and eastern Siberia; winters southwestern USA and northern Mexico,Gruiformes,Gruidae (Cranes),NA,NA,5672,FALSE
5646,sancra7,NA,NA,subspecies,NA,Antigone canadensis rowani,British Columbia to northern Ontario; winters to northern Mexico,Gruiformes,Gruidae (Cranes),NA,NA,5674,FALSE
5647,sancra8,NA,NA,subspecies,NA,Antigone canadensis tabida,mid-continental North America; winters southern USA and northern Mexico,Gruiformes,Gruidae (Cranes),NA,NA,5675,FALSE
5662,whocra,NA,NA,species,Whooping Crane,Grus americana,breeds northern Canada; winters coastal southeastern Texas,Gruiformes,Gruidae (Cranes),NA,NA,5690,TRUE
5666,crane1,NA,NA,spuh,crane sp.,Gruidae sp.,NA,Gruiformes,Gruidae (Cranes),NA,NA,5694,FALSE
5668,magplo1,NA,NA,species,Magellanic Plover,Pluvianellus socialis,"breeds lagoons and ponds of inland western Santa Cruz Province (southwestern Argentina), southeastern Magallanes Province (far southeastern Chile), and northern and central Isla Grande de Tierra del Fuego; non-breeders reach coastal east-central and southeastern Argentina northward to southeastern Buenos Aires Province",Charadriiformes,Pluvianellidae (Magellanic Plover),NA,NA,5696,FALSE
5675,snoshe2,NA,NA,species,Snowy Sheathbill,Chionis albus,"southern Argentina, southern Chile, Antarctic Peninsula, and Falkland Islands",Charadriiformes,Chionidae (Sheathbills),NA,NA,5703,FALSE
5707,piesti1,NA,NA,species,Pied Stilt,Himantopus leucocephalus,Indonesia to Australia and New Zealand; winters to Philippines,Charadriiformes,Recurvirostridae (Stilts and Avocets),NA,NA,5735,FALSE
5713,bknsti,NA,NA,species,Black-necked Stilt,Himantopus mexicanus,NA,Charadriiformes,Recurvirostridae (Stilts and Avocets),NA,NA,5741,TRUE
5714,bknsti1,NA,NA,group (monotypic),Black-necked Stilt (Black-necked),Himantopus mexicanus mexicanus,"western and southern USA to eastern Ecuador, southwestern Peru, and northeastern Brazil; West Indies",Charadriiformes,Recurvirostridae (Stilts and Avocets),NA,NA,5742,FALSE
5715,hawsti1,NA,NA,group (monotypic),Black-necked Stilt (Hawaiian),Himantopus mexicanus knudseni,Hawaiian Islands,Charadriiformes,Recurvirostridae (Stilts and Avocets),NA,NA,5743,FALSE
5720,pieavo1,NA,NA,species,Pied Avocet,Recurvirostra avosetta,northern Africa and Eurasia; winters to South Africa and southern Asia,Charadriiformes,Recurvirostridae (Stilts and Avocets),NA,NA,5748,FALSE
5723,ameavo,NA,NA,species,American Avocet,Recurvirostra americana,southern Canada to northern Mexico; winters southern USA to Costa Rica and Cuba,Charadriiformes,Recurvirostridae (Stilts and Avocets),NA,NA,5751,TRUE
5725,y00722,NA,NA,spuh,stilt/avocet sp.,Recurvirostridae sp.,NA,Charadriiformes,Recurvirostridae (Stilts and Avocets),NA,NA,5753,FALSE
5729,euroys1,NA,NA,species,Eurasian Oystercatcher,Haematopus ostralegus,NA,Charadriiformes,Haematopodidae (Oystercatchers),NA,NA,5757,FALSE
5734,pieoys1,NA,NA,species,Pied Oystercatcher,Haematopus longirostris,"coastal Australia including Tasmania, and southern New Guinea, Aru, and Kai islands",Charadriiformes,Haematopodidae (Oystercatchers),NA,NA,5762,FALSE
5737,varoys1,NA,NA,species,Variable Oystercatcher,Haematopus unicolor,coasts and islands of New Zealand,Charadriiformes,Haematopodidae (Oystercatchers),NA,NA,5765,FALSE
5742,ameoys,NA,NA,species,American Oystercatcher,Haematopus palliatus,NA,Charadriiformes,Haematopodidae (Oystercatchers),NA,NA,5770,TRUE
5749,blkoys,NA,NA,species,Black Oystercatcher,Haematopus bachmani,western Aleutians to central Baja California and Los Coronados Islands,Charadriiformes,Haematopodidae (Oystercatchers),NA,NA,5777,TRUE
5752,oyster1,NA,NA,spuh,oystercatcher sp.,Haematopus sp.,NA,Charadriiformes,Haematopodidae (Oystercatchers),NA,NA,5780,FALSE
5754,bkbplo,NA,NA,species,Black-bellied Plover,Pluvialis squatarola,Holarctic; almost cosmopolitan post-breeding dispersal,Charadriiformes,Charadriidae (Plovers and Lapwings),NA,NA,5782,TRUE
5755,eugplo,NA,NA,species,European Golden-Plover,Pluvialis apricaria,NA,Charadriiformes,Charadriidae (Plovers and Lapwings),NA,NA,5783,FALSE
5758,amgplo,NA,NA,species,American Golden-Plover,Pluvialis dominica,"breeds Alaska and northern Canada; winters in southern South America, primarily in eastern Argentina and adjacent Paraguay and southern Brazil",Charadriiformes,Charadriidae (Plovers and Lapwings),NA,NA,5786,TRUE
5759,pagplo,NA,NA,species,Pacific Golden-Plover,Pluvialis fulva,winters from eastern Africa southward through Asia and the tropical Pacific to Australia and New Zealand,Charadriiformes,Charadriidae (Plovers and Lapwings),NA,NA,5787,TRUE
5762,y00494,NA,NA,spuh,Black-bellied Plover/golden-plover sp.,Pluvialis sp.,NA,Charadriiformes,Charadriidae (Plovers and Lapwings),NA,NA,5790,FALSE
5770,killde,NA,NA,species,Killdeer,Charadrius vociferus,NA,Charadriiformes,Charadriidae (Plovers and Lapwings),NA,NA,5798,TRUE
5774,corplo,NA,NA,species,Common Ringed Plover,Charadrius hiaticula,NA,Charadriiformes,Charadriidae (Plovers and Lapwings),NA,NA,5802,TRUE
5777,semplo,NA,NA,species,Semipalmated Plover,Charadrius semipalmatus,breeds northern North America; winters to southern South America and Hawaiian Islands,Charadriiformes,Charadriidae (Plovers and Lapwings),NA,NA,5805,TRUE
5779,pipplo,NA,NA,species,Piping Plover,Charadrius melodus,"eastern Canada and USA; winters southeastern USA, Bahamas, and Greater Antilles",Charadriiformes,Charadriidae (Plovers and Lapwings),NA,NA,5807,TRUE
5795,norlap,NA,NA,species,Northern Lapwing,Vanellus vanellus,"Palearctic; winters to northern Africa, India, Myanmar, and southern China",Charadriiformes,Charadriidae (Plovers and Lapwings),NA,NA,5823,FALSE
5835,soulap1,NA,NA,species,Southern Lapwing,Vanellus chilensis,NA,Charadriiformes,Charadriidae (Plovers and Lapwings),NA,NA,5862,FALSE
5860,dobplo1,NA,NA,species,Double-banded Plover,Anarhynchus bicinctus,NA,Charadriiformes,Charadriidae (Plovers and Lapwings),NA,NA,5887,FALSE
5864,rebdot1,NA,NA,species,Red-breasted Dotterel,Anarhynchus obscurus,NA,Charadriiformes,Charadriidae (Plovers and Lapwings),NA,NA,5891,FALSE
5867,wilplo,NA,NA,species,Wilson's Plover,Anarhynchus wilsonia,NA,Charadriiformes,Charadriidae (Plovers and Lapwings),NA,NA,5894,TRUE
5872,colplo1,NA,NA,species,Collared Plover,Anarhynchus collaris,Mexico to northern Argentina and central Chile,Charadriiformes,Charadriidae (Plovers and Lapwings),NA,NA,5899,FALSE
5873,mouplo,NA,NA,species,Mountain Plover,Anarhynchus montanus,Great Plains of western Canada to southwestern USA; winters to northern Mexico,Charadriiformes,Charadriidae (Plovers and Lapwings),NA,NA,5900,TRUE
5875,twbplo1,NA,NA,species,Two-banded Plover,Anarhynchus falklandicus,"southern Chile, Argentina, and Falkland Islands; winters to southern Brazil",Charadriiformes,Charadriidae (Plovers and Lapwings),NA,NA,5902,FALSE
5878,sthplo1,NA,NA,species,St. Helena Plover,Anarhynchus sanctaehelenae,St. Helena Island (southern Atlantic Ocean),Charadriiformes,Charadriidae (Plovers and Lapwings),NA,NA,5905,FALSE
5880,snoplo5,NA,NA,species,Snowy Plover,Anarhynchus nivosus,NA,Charadriiformes,Charadriidae (Plovers and Lapwings),NA,NA,5907,TRUE
5903,plover2,NA,NA,spuh,plover sp.,Charadriidae sp.,NA,Charadriiformes,Charadriidae (Plovers and Lapwings),NA,NA,5930,FALSE
5925,norjac,subspecies deleted; range,"Synonymize Jacana spinosa gymnostoma and Jacana spinosa violacea with nominate, rendering Jacana spinosa monotypic; modify range to ""inland southern Sinaloa and central Tamaulipas (northwestern and northeastern Mexico); rarely southern Texas (where formerly bred) to western Panama, and including Cozumel (just off Yucatán Peninsula); and Cuba, Jamaica, and Hispaniola""",species,Northern Jacana,Jacana spinosa,"inland southern Sinaloa and central Tamaulipas (northwestern and northeastern Mexico); rarely southern Texas (where formerly bred) to western Panama, and including Cozumel (just off Yucatán Peninsula); and Cuba, Jamaica, and Hispaniola",Charadriiformes,Jacanidae (Jacanas),NA,NA,5952,FALSE
5949,uplsan,NA,NA,species,Upland Sandpiper,Bartramia longicauda,breeds Alaska to southern USA; winters in South America,Charadriiformes,Scolopacidae (Sandpipers and Allies),NA,NA,5976,TRUE
5950,brtcur,NA,NA,species,Bristle-thighed Curlew,Numenius tahitiensis,breeds western Alaska; winters Hawaii and Micronesia to Polynesia,Charadriiformes,Scolopacidae (Sandpipers and Allies),NA,NA,5977,TRUE
5951,whimbr,NA,NA,species,Whimbrel,Numenius phaeopus,NA,Charadriiformes,Scolopacidae (Sandpipers and Allies),NA,NA,5978,TRUE
5960,eskcur,NA,NA,species,Eskimo Curlew,Numenius borealis,Canadian Arctic; winters to southern South America (probably extinct),Charadriiformes,Scolopacidae (Sandpipers and Allies),NA,NA,5987,FALSE
5961,lobcur,NA,NA,species,Long-billed Curlew,Numenius americanus,NA,Charadriiformes,Scolopacidae (Sandpipers and Allies),NA,NA,5988,TRUE
5964,faecur,NA,NA,species,Far Eastern Curlew,Numenius madagascariensis,"breeds northeastern Asia; winters to Philippines, Indonesia, and Australia",Charadriiformes,Scolopacidae (Sandpipers and Allies),NA,NA,5991,FALSE
5966,eurcur,NA,NA,species,Eurasian Curlew,Numenius arquata,NA,Charadriiformes,Scolopacidae (Sandpipers and Allies),NA,NA,5993,FALSE
5972,curlew1,NA,NA,spuh,curlew sp.,Numenius sp.,NA,Charadriiformes,Scolopacidae (Sandpipers and Allies),NA,NA,5999,FALSE
5973,batgod,NA,NA,species,Bar-tailed Godwit,Limosa lapponica,NA,Charadriiformes,Scolopacidae (Sandpipers and Allies),NA,NA,6000,TRUE
5975,batgod5,NA,NA,subspecies,NA,Limosa lapponica lapponica,"breeds from northern Scandinavia eastward to the Kanin Peninsula (northwestern Russia); winters from Lapland eastern through Kola and Kanin peninsulas to western Yamal (north-central Russia); winters from the North Sea, western Iberia, and northwestern Africa south to western South Africa",Charadriiformes,Scolopacidae (Sandpipers and Allies),NA,NA,6002,FALSE
5981,batgod4,NA,NA,subspecies,NA,Limosa lapponica baueri,breeds western Alaska; winters coastal China to New Zealand,Charadriiformes,Scolopacidae (Sandpipers and Allies),NA,NA,6008,FALSE
5982,bktgod,NA,NA,species,Black-tailed Godwit,Limosa limosa,NA,Charadriiformes,Scolopacidae (Sandpipers and Allies),NA,NA,6009,FALSE
5988,hudgod,NA,NA,species,Hudsonian Godwit,Limosa haemastica,"breeds locally in Alaska and northern Canada (east to Hudson Bay); winters in southern South America (Argentina and south-central Chile), southward to Tierra del Fuego",Charadriiformes,Scolopacidae (Sandpipers and Allies),NA,NA,6015,TRUE
5991,margod,NA,NA,species,Marbled Godwit,Limosa fedoa,NA,Charadriiformes,Scolopacidae (Sandpipers and Allies),NA,NA,6018,TRUE
5995,godwit1,NA,NA,spuh,godwit sp.,Limosa sp.,NA,Charadriiformes,Scolopacidae (Sandpipers and Allies),NA,NA,6022,FALSE
5997,shbdow,NA,NA,species,Short-billed Dowitcher,Limnodromus griseus,NA,Charadriiformes,Scolopacidae (Sandpipers and Allies),NA,NA,6024,TRUE
5998,shbdow1,NA,NA,group (monotypic),Short-billed Dowitcher (griseus),Limnodromus griseus griseus,Quebec and Labrador; winters coastal eastern USA to Brazil,Charadriiformes,Scolopacidae (Sandpipers and Allies),NA,NA,6025,FALSE
5999,shbdow2,NA,NA,group (monotypic),Short-billed Dowitcher (hendersoni),Limnodromus griseus hendersoni,plains of central Canada; winters southeastern USA to Panama,Charadriiformes,Scolopacidae (Sandpipers and Allies),NA,NA,6026,FALSE
6001,lobdow,NA,NA,species,Long-billed Dowitcher,Limnodromus scolopaceus,breeds Siberia and Alaska; winters southern USA to Panama,Charadriiformes,Scolopacidae (Sandpipers and Allies),NA,NA,6028,TRUE
6004,amewoo,NA,NA,species,American Woodcock,Scolopax minor,breeds eastern Canada and USA; winters to Gulf Coast,Charadriiformes,Scolopacidae (Sandpipers and Allies),NA,NA,6031,TRUE
6037,comsni,NA,NA,species,Common Snipe,Gallinago gallinago,NA,Charadriiformes,Scolopacidae (Sandpipers and Allies),NA,NA,6064,FALSE
6042,wilsni1,NA,NA,species,Wilson's Snipe,Gallinago delicata,Aleutian Islands and Alaska to southern USA; winters to northern South America,Charadriiformes,Scolopacidae (Sandpipers and Allies),NA,NA,6069,TRUE
6056,snipe2,NA,NA,spuh,snipe sp.,Gallinago sp.,NA,Charadriiformes,Scolopacidae (Sandpipers and Allies),NA,NA,6083,FALSE
6057,wilpha,NA,NA,species,Wilson's Phalarope,Phalaropus tricolor,breeds Canada and USA; winters in western and southern South America,Charadriiformes,Scolopacidae (Sandpipers and Allies),NA,NA,6084,TRUE
6058,redpha1,NA,NA,species,Red Phalarope,Phalaropus fulicarius,Holarctic circumpolar; winters at sea in southern hemisphere,Charadriiformes,Scolopacidae (Sandpipers and Allies),NA,NA,6085,TRUE
6059,renpha,NA,NA,species,Red-necked Phalarope,Phalaropus lobatus,Holarctic circumpolar; winters at sea in southern hemisphere,Charadriiformes,Scolopacidae (Sandpipers and Allies),NA,NA,6086,TRUE
6061,phalar,NA,NA,spuh,phalarope sp.,Phalaropus sp.,NA,Charadriiformes,Scolopacidae (Sandpipers and Allies),NA,NA,6088,FALSE
6063,comsan,NA,NA,species,Common Sandpiper,Actitis hypoleucos,"Palearctic; winters to southern Africa, central Asia, Philippines, and Australia",Charadriiformes,Scolopacidae (Sandpipers and Allies),NA,NA,6090,TRUE
6064,sposan,NA,NA,species,Spotted Sandpiper,Actitis macularius,breeds North America; winters to southern South America,Charadriiformes,Scolopacidae (Sandpipers and Allies),NA,NA,6091,TRUE
6065,y00668,NA,NA,slash,Common/Spotted Sandpiper,Actitis hypoleucos/macularius,NA,Charadriiformes,Scolopacidae (Sandpipers and Allies),NA,NA,6092,FALSE
6067,solsan,NA,NA,species,Solitary Sandpiper,Tringa solitaria,NA,Charadriiformes,Scolopacidae (Sandpipers and Allies),NA,NA,6094,TRUE
6071,gyttat1,NA,NA,species,Gray-tailed Tattler,Tringa brevipes,mountains of Siberia; winters to southeastern Asia and Australasia,Charadriiformes,Scolopacidae (Sandpipers and Allies),NA,NA,6097,FALSE
6072,wantat1,NA,NA,species,Wandering Tattler,Tringa incana,"Siberia and Alaska; winters to northern South America, Hawaii, and southwestern Oceania",Charadriiformes,Scolopacidae (Sandpipers and Allies),NA,NA,6098,TRUE
6076,comred1,NA,NA,species,Common Redshank,Tringa totanus,NA,Charadriiformes,Scolopacidae (Sandpipers and Allies),NA,NA,6102,FALSE
6083,lesyel,NA,NA,species,Lesser Yellowlegs,Tringa flavipes,Alaska and Canada; winters to Tierra del Fuego and Galapagos,Charadriiformes,Scolopacidae (Sandpipers and Allies),NA,NA,6109,TRUE
6084,norgre1,NA,NA,species,Nordmann's Greenshank,Tringa guttifer,eastern Siberia; winters southeastern Asia to Philippines and Indonesia,Charadriiformes,Scolopacidae (Sandpipers and Allies),NA,NA,6110,FALSE
6085,willet1,NA,NA,species,Willet,Tringa semipalmata,NA,Charadriiformes,Scolopacidae (Sandpipers and Allies),NA,NA,6111,TRUE
6086,willet2,NA,NA,group (monotypic),Willet (Eastern),Tringa semipalmata semipalmata,southeastern Canada to Gulf Coast and West Indies; winters to southern Brazil,Charadriiformes,Scolopacidae (Sandpipers and Allies),NA,NA,6112,FALSE
6090,comgre,NA,NA,species,Common Greenshank,Tringa nebularia,"Palearctic; winters to southern Africa, southern Asia, Philippines, and Australia",Charadriiformes,Scolopacidae (Sandpipers and Allies),NA,NA,6116,TRUE
6092,greyel,NA,NA,species,Greater Yellowlegs,Tringa melanoleuca,Alaska and Canada; winters to southern South America,Charadriiformes,Scolopacidae (Sandpipers and Allies),NA,NA,6118,TRUE
6094,tringa1,NA,NA,spuh,Tringa sp.,Tringa sp.,NA,Charadriiformes,Scolopacidae (Sandpipers and Allies),NA,NA,6120,FALSE
6099,rudtur,NA,NA,species,Ruddy Turnstone,Arenaria interpres,NA,Charadriiformes,Scolopacidae (Sandpipers and Allies),NA,NA,6125,TRUE
6102,blktur,NA,NA,species,Black Turnstone,Arenaria melanocephala,breeds coastal Alaska; winters southeastern Alaska to northwestern Mexico,Charadriiformes,Scolopacidae (Sandpipers and Allies),NA,NA,6128,TRUE
6103,grekno,NA,NA,species,Great Knot,Calidris tenuirostris,"northeastern Siberia; winters to India, southeastern Asia, Philippines, and Australia",Charadriiformes,Scolopacidae (Sandpipers and Allies),NA,NA,6129,FALSE
6104,redkno,NA,NA,species,Red Knot,Calidris canutus,NA,Charadriiformes,Scolopacidae (Sandpipers and Allies),NA,NA,6130,TRUE
6112,surfbi,NA,NA,species,Surfbird,Calidris virgata,breeds Alaska and Yukon; winters to Straits of Magellan,Charadriiformes,Scolopacidae (Sandpipers and Allies),NA,NA,6138,TRUE
6115,ruff,NA,NA,species,Ruff,Calidris pugnax,"breeds northern Palearctic; winters to southern Africa, southern Asia, and Australia",Charadriiformes,Scolopacidae (Sandpipers and Allies),NA,NA,6141,TRUE
6119,shtsan,NA,NA,species,Sharp-tailed Sandpiper,Calidris acuminata,breeds northeastern Siberia; winters in Australasia and Polynesia,Charadriiformes,Scolopacidae (Sandpipers and Allies),NA,NA,6145,TRUE
6120,cursan,NA,NA,species,Curlew Sandpiper,Calidris ferruginea,"Arctic Siberia; winters to southern Africa, southeastern Asia, and Australasia",Charadriiformes,Scolopacidae (Sandpipers and Allies),NA,NA,6146,FALSE
6121,stisan,NA,NA,species,Stilt Sandpiper,Calidris himantopus,breeds northern North America; winters southwestern USA to southern South America,Charadriiformes,Scolopacidae (Sandpipers and Allies),NA,NA,6147,TRUE
6124,rensti,NA,NA,species,Red-necked Stint,Calidris ruficollis,breeds Siberia and Alaska; disperses to southern Asia and Australasia,Charadriiformes,Scolopacidae (Sandpipers and Allies),NA,NA,6150,TRUE
6126,bubsan,range,"range changed from ""breeds Arctic North America; winters in southern South America"" to ""breeds high Arctic dry coastal tundra of far northeastern Palearctic and northern Nearctic, from northern Chukotka eastward from Wrangel Island (off northeastern Siberia), Alaskan North Slope from Pt. Barrow eastward through northeastern Canada, including Arctic islands from Banks to Devon islands (northeastern Canada); migrates to coastal and inland grassland of subtropical southern Neotropics, mainly in southeastern Brazil and Uruguay to central Argentina; prone to extreme vagrancy worldwide""",species,Buff-breasted Sandpiper,Calidris subruficollis,"breeds high Arctic dry coastal tundra of far northeastern Palearctic and northern Nearctic, from northern Chukotka eastward from Wrangel Island (off northeastern Siberia), Alaskan North Slope from Pt. Barrow eastward through northeastern Canada, including Arctic islands from Banks to Devon islands (northeastern Canada); migrates to coastal and inland grassland of subtropical southern Neotropics, mainly in southeastern Brazil and Uruguay to central Argentina; prone to extreme vagrancy worldwide",Charadriiformes,Scolopacidae (Sandpipers and Allies),NA,NA,6152,TRUE
6127,sander,NA,NA,species,Sanderling,Calidris alba,NA,Charadriiformes,Scolopacidae (Sandpipers and Allies),NA,NA,6153,TRUE
6130,dunlin,NA,NA,species,Dunlin,Calidris alpina,NA,Charadriiformes,Scolopacidae (Sandpipers and Allies),NA,NA,6156,TRUE
6133,dunlin8,NA,NA,subspecies,NA,Calidris alpina pacifica,southwestern Alaska; winters in western USA and western Mexico,Charadriiformes,Scolopacidae (Sandpipers and Allies),NA,NA,6159,FALSE
6145,pursan,NA,NA,species,Purple Sandpiper,Calidris maritima,Holarctic tundra; winters coastal eastern USA and northwestern Europe,Charadriiformes,Scolopacidae (Sandpipers and Allies),NA,NA,6171,TRUE
6147,rocsan,NA,NA,species,Rock Sandpiper,Calidris ptilocnemis,NA,Charadriiformes,Scolopacidae (Sandpipers and Allies),NA,NA,6173,TRUE
6154,baisan,NA,NA,species,Baird's Sandpiper,Calidris bairdii,"Siberia, northern Alaska to Greenland; winters in Andes to southern South America",Charadriiformes,Scolopacidae (Sandpipers and Allies),NA,NA,6180,TRUE
6158,whrsan,NA,NA,species,White-rumped Sandpiper,Calidris fuscicollis,breeds Arctic North America; winters to Tierra del Fuego,Charadriiformes,Scolopacidae (Sandpipers and Allies),NA,NA,6183,TRUE
6162,leasan,NA,NA,species,Least Sandpiper,Calidris minutilla,breeds northern North America; winters to southern South America and Hawaiian Islands,Charadriiformes,Scolopacidae (Sandpipers and Allies),NA,NA,6187,TRUE
6163,pecsan,NA,NA,species,Pectoral Sandpiper,Calidris melanotos,"breeds Arctic North America and Siberia; winters to southern South America, Australia",Charadriiformes,Scolopacidae (Sandpipers and Allies),NA,NA,6188,TRUE
6167,wessan,NA,NA,species,Western Sandpiper,Calidris mauri,breeds Siberia and Alaska; winters to northern South America,Charadriiformes,Scolopacidae (Sandpipers and Allies),NA,NA,6192,TRUE
6168,semsan,NA,NA,species,Semipalmated Sandpiper,Calidris pusilla,breeds Arctic North America; winters to southern South America,Charadriiformes,Scolopacidae (Sandpipers and Allies),NA,NA,6193,TRUE
6172,calidr1,NA,NA,spuh,Calidris sp.,Calidris sp.,NA,Charadriiformes,Scolopacidae (Sandpipers and Allies),NA,NA,6197,TRUE
6173,scolop1,NA,NA,spuh,Scolopacidae sp.,Scolopacidae sp.,NA,Charadriiformes,Scolopacidae (Sandpipers and Allies),NA,NA,6198,FALSE
6175,turnic1,NA,NA,family,Buttonquail,Turnicidae,NA,Charadriiformes,Turnicidae (Buttonquail),NA,NA,6200,FALSE
6291,shoreb1,name change - sciname,Charadriiformes sp. > Charadriiformes sp. (shorebird sp.),spuh,shorebird sp.,Charadriiformes sp. (shorebird sp.),NA,Charadriiformes,NA,NA,NA,6316,FALSE
6293,lotjae,NA,NA,species,Long-tailed Jaeger,Stercorarius longicaudus,NA,Charadriiformes,Stercorariidae (Skuas and Jaegers),NA,NA,6318,TRUE
6296,parjae,NA,NA,species,Parasitic Jaeger,Stercorarius parasiticus,"breeds Holarctic low Arctic tundra, locally high Arctic and subarctic, from western and southern Greenland, Iceland, northern Scotland, and Scandinavian coasts including Baltic Sea, Svalbard (north of Norway), northern Russia to northeastern Siberia and Kamchatka, Aleutian and Bering Sea islands, western and southwestern Alaska, Arctic Canada (except northern high Arctic islands) to Baffin Island and east-central Canada; winters to high-productivity subtropical to tropical coastal waters of southern continents, in coastal waters of Africa, Persian Gulf, eastern coast of Arabian Sea (western India and Sri Lanka), northern Indian Ocean, Australia, and New Zealand, Peru, Chile, and east-central Argentina",Charadriiformes,Stercorariidae (Skuas and Jaegers),NA,NA,6321,TRUE
6298,pomjae,NA,NA,species,Pomarine Jaeger,Stercorarius pomarinus,"breeds Holarctic high Arctic tundra, erratically off southwestern Greenland, Svalbard (nesting unconfirmed; north of Norway), northwestern to northeastern Arctic Russia (including many high Arctic islands), high Arctic of northern Alaska and southwestern Alaska mainland, and Arctic Canada to Baffin Island (northeastern Canada); winters to temperate to tropical coasts and offshore waters worldwide",Charadriiformes,Stercorariidae (Skuas and Jaegers),NA,NA,6323,TRUE
6301,gresku1,NA,NA,species,Great Skua,Stercorarius skua,"breeds Iceland, Faroe Islands, Ireland, Scotland, Norway, Svalbard (north of Norway), and northwestern Russia to Novaya Zemlya; winters North Atlantic Ocean offshore waters to central Gulf Stream of New England to North Carolina, northeastern Brazil, North Sea to Iberian Peninsula, Macaronesia, western Africa, and western Mediterranean",Charadriiformes,Stercorariidae (Skuas and Jaegers),NA,NA,6326,FALSE
6303,brnsku3,NA,NA,species,Brown Skua,Stercorarius antarcticus,NA,Charadriiformes,Stercorariidae (Skuas and Jaegers),NA,NA,6328,FALSE
6307,sopsku1,NA,NA,species,South Polar Skua,Stercorarius maccormicki,"breeds coastal Antarctica, especially Ross Sea; also South Shetland and South Orkney islands (off Antarctic Peninsula); winters to northern offshore waters and North Indian Ocean: mostly clockwise to Japanese and Korean waters (western North Pacific) and Gulf Stream of eastern USA (western North Atlantic), then southwestern Canada to northern Baja California and northwestern Africa",Charadriiformes,Stercorariidae (Skuas and Jaegers),NA,NA,6332,FALSE
6308,jaeger,NA,NA,spuh,jaeger sp.,Stercorarius sp. (jaeger sp.),NA,Charadriiformes,Stercorariidae (Skuas and Jaegers),NA,NA,6333,FALSE
6309,skua,NA,NA,spuh,skua sp.,Stercorarius sp. (skua sp.),NA,Charadriiformes,Stercorariidae (Skuas and Jaegers),NA,NA,6334,FALSE
6310,y00615,NA,NA,spuh,jaeger/skua sp.,Stercorarius sp.,NA,Charadriiformes,Stercorariidae (Skuas and Jaegers),NA,NA,6335,FALSE
6312,rhiauk,NA,NA,species,Rhinoceros Auklet,Cerorhinca monocerata,eastern Asia and western North America; winters to Baja California,Charadriiformes,"Alcidae (Auks, Murres, and Puffins)",NA,NA,6337,TRUE
6313,tufpuf,NA,NA,species,Tufted Puffin,Fratercula cirrhata,coasts and islands of northeastern Asia to Aleutians and southern California,Charadriiformes,"Alcidae (Auks, Murres, and Puffins)",NA,NA,6338,TRUE
6314,atlpuf,NA,NA,species,Atlantic Puffin,Fratercula arctica,NA,Charadriiformes,"Alcidae (Auks, Murres, and Puffins)",NA,NA,6339,TRUE
6318,horpuf,NA,NA,species,Horned Puffin,Fratercula corniculata,eastern Siberia and northwestern North America; winters to Japan and southern California,Charadriiformes,"Alcidae (Auks, Murres, and Puffins)",NA,NA,6343,TRUE
6319,puffin1,NA,NA,spuh,puffin sp.,Fratercula sp.,NA,Charadriiformes,"Alcidae (Auks, Murres, and Puffins)",NA,NA,6344,FALSE
6320,casauk,NA,NA,species,Cassin's Auklet,Ptychoramphus aleuticus,NA,Charadriiformes,"Alcidae (Auks, Murres, and Puffins)",NA,NA,6345,TRUE
6323,leaauk,NA,NA,species,Least Auklet,Aethia pusilla,breeds eastern Siberia and western Alaska; winters southward to northern Japan,Charadriiformes,"Alcidae (Auks, Murres, and Puffins)",NA,NA,6348,TRUE
6324,whiauk,NA,NA,species,Whiskered Auklet,Aethia pygmaea,breeds eastern Siberia and Aleutian Islands; winters southward to Japan,Charadriiformes,"Alcidae (Auks, Murres, and Puffins)",NA,NA,6349,TRUE
6325,creauk,NA,NA,species,Crested Auklet,Aethia cristatella,breeds western Alaska and eastern Siberia; winters southward to Japan,Charadriiformes,"Alcidae (Auks, Murres, and Puffins)",NA,NA,6350,TRUE
6326,parauk,NA,NA,species,Parakeet Auklet,Aethia psittacula,North Pacific and Bering Sea; winters to Japan and southern California,Charadriiformes,"Alcidae (Auks, Murres, and Puffins)",NA,NA,6351,TRUE
6327,auklet,NA,NA,spuh,auklet sp.,Ptychoramphus/Aethia sp.,NA,Charadriiformes,"Alcidae (Auks, Murres, and Puffins)",NA,NA,6352,FALSE
6328,lobmur,NA,NA,species,Long-billed Murrelet,Brachyramphus perdix,Kamchatka Peninsula and Sea of Okhotsk to Hokkaido,Charadriiformes,"Alcidae (Auks, Murres, and Puffins)",NA,NA,6353,FALSE
6329,kitmur,NA,NA,species,Kittlitz's Murrelet,Brachyramphus brevirostris,Bering Sea to Gulf of Alaska; winters to Glacier Bay,Charadriiformes,"Alcidae (Auks, Murres, and Puffins)",NA,NA,6354,TRUE
6330,marmur,NA,NA,species,Marbled Murrelet,Brachyramphus marmoratus,western Aleutian Islands and Alaska to central California,Charadriiformes,"Alcidae (Auks, Murres, and Puffins)",NA,NA,6355,TRUE
6331,blkgui,NA,NA,species,Black Guillemot,Cepphus grylle,NA,Charadriiformes,"Alcidae (Auks, Murres, and Puffins)",NA,NA,6356,TRUE
6338,spegui1,NA,NA,species,Spectacled Guillemot,Cepphus carbo,"Kamchatka and Sea of Okhotsk to Korea, Kuril Islands, and northern Japan",Charadriiformes,"Alcidae (Auks, Murres, and Puffins)",NA,NA,6363,FALSE
6339,piggui,NA,NA,species,Pigeon Guillemot,Cepphus columba,NA,Charadriiformes,"Alcidae (Auks, Murres, and Puffins)",NA,NA,6364,TRUE
6347,razorb,NA,NA,species,Razorbill,Alca torda,NA,Charadriiformes,"Alcidae (Auks, Murres, and Puffins)",NA,NA,6372,TRUE
6351,doveki,NA,NA,species,Dovekie,Alle alle,NA,Charadriiformes,"Alcidae (Auks, Murres, and Puffins)",NA,NA,6376,TRUE
6354,thbmur,NA,NA,species,Thick-billed Murre,Uria lomvia,NA,Charadriiformes,"Alcidae (Auks, Murres, and Puffins)",NA,NA,6379,TRUE
6359,commur,NA,NA,species,Common Murre,Uria aalge,NA,Charadriiformes,"Alcidae (Auks, Murres, and Puffins)",NA,NA,6384,TRUE
6366,murre,NA,NA,slash,Thick-billed/Common Murre,Uria lomvia/aalge,NA,Charadriiformes,"Alcidae (Auks, Murres, and Puffins)",NA,NA,6391,TRUE
6368,ancmur,NA,NA,species,Ancient Murrelet,Synthliboramphus antiquus,NA,Charadriiformes,"Alcidae (Auks, Murres, and Puffins)",NA,NA,6393,TRUE
6372,xanmur2,NA,NA,species,Scripps's Murrelet,Synthliboramphus scrippsi,Channel Islands and islands off western coast of Baja California,Charadriiformes,"Alcidae (Auks, Murres, and Puffins)",NA,NA,6397,TRUE
6373,xanmur1,NA,NA,species,Guadalupe Murrelet,Synthliboramphus hypoleucus,San Benito Island and Guadalupe Island (off Baja California),Charadriiformes,"Alcidae (Auks, Murres, and Puffins)",NA,NA,6398,TRUE
6375,cramur,NA,NA,species,Craveri's Murrelet,Synthliboramphus craveri,islands in Gulf of California; disperses north to southern California,Charadriiformes,"Alcidae (Auks, Murres, and Puffins)",NA,NA,6400,TRUE
6378,murrel,NA,NA,spuh,murrelet sp.,Brachyramphus/Synthliboramphus sp.,NA,Charadriiformes,"Alcidae (Auks, Murres, and Puffins)",NA,NA,6403,FALSE
6379,alcid,NA,NA,spuh,alcid sp.,Alcidae sp.,NA,Charadriiformes,"Alcidae (Auks, Murres, and Puffins)",NA,NA,6404,FALSE
6381,swtgul1,NA,NA,species,Swallow-tailed Gull,Creagrus furcatus,Galapagos; winters coastal Colombia to Chile,Charadriiformes,"Laridae (Gulls, Terns, and Skimmers)",NA,NA,6406,FALSE
6382,litgul,NA,NA,species,Little Gull,Hydrocoloeus minutus,northern Eurasia and northeastern North America,Charadriiformes,"Laridae (Gulls, Terns, and Skimmers)",NA,NA,6407,TRUE
6383,rosgul,NA,NA,species,Ross's Gull,Rhodostethia rosea,locally in Siberia and Arctic North America,Charadriiformes,"Laridae (Gulls, Terns, and Skimmers)",NA,NA,6408,TRUE
6384,bklkit,NA,NA,species,Black-legged Kittiwake,Rissa tridactyla,NA,Charadriiformes,"Laridae (Gulls, Terns, and Skimmers)",NA,NA,6409,TRUE
6387,relkit,NA,NA,species,Red-legged Kittiwake,Rissa brevirostris,"Komandorskiye, Aleutian, and Pribilof islands; winters North Pacific",Charadriiformes,"Laridae (Gulls, Terns, and Skimmers)",NA,NA,6412,TRUE
6388,y00697,NA,NA,slash,Black-legged/Red-legged Kittiwake,Rissa tridactyla/brevirostris,NA,Charadriiformes,"Laridae (Gulls, Terns, and Skimmers)",NA,NA,6413,FALSE
6389,ivogul,NA,NA,species,Ivory Gull,Pagophila eburnea,Arctic circumpolar (mainly associated with ice pack),Charadriiformes,"Laridae (Gulls, Terns, and Skimmers)",NA,NA,6414,TRUE
6390,sabgul,NA,NA,species,Sabine's Gull,Xema sabini,NA,Charadriiformes,"Laridae (Gulls, Terns, and Skimmers)",NA,NA,6415,TRUE
6396,slbgul1,NA,NA,species,Slender-billed Gull,Chroicocephalus genei,Mediterranean basin to northwestern India; winters to northeastern Africa,Charadriiformes,"Laridae (Gulls, Terns, and Skimmers)",NA,NA,6421,FALSE
6397,bongul,NA,NA,species,Bonaparte's Gull,Chroicocephalus philadelphia,northern North America; winters to Mexico and Greater Antilles,Charadriiformes,"Laridae (Gulls, Terns, and Skimmers)",NA,NA,6422,TRUE
6398,silgul2,NA,NA,species,Silver Gull,Chroicocephalus novaehollandiae,NA,Charadriiformes,"Laridae (Gulls, Terns, and Skimmers)",NA,NA,6423,FALSE
6405,andgul1,NA,NA,species,Andean Gull,Chroicocephalus serranus,Andean lakes of Ecuador to northern Argentina and central Chile,Charadriiformes,"Laridae (Gulls, Terns, and Skimmers)",NA,NA,6430,FALSE
6406,brhgul2,NA,NA,species,Brown-hooded Gull,Chroicocephalus maculipennis,NA,Charadriiformes,"Laridae (Gulls, Terns, and Skimmers)",NA,NA,6431,FALSE
6409,bkhgul,NA,NA,species,Black-headed Gull,Chroicocephalus ridibundus,"northern Palearctic; winters to Africa, southern Asia, and eastern North America",Charadriiformes,"Laridae (Gulls, Terns, and Skimmers)",NA,NA,6434,TRUE
6415,grhgul,NA,NA,species,Gray-hooded Gull,Chroicocephalus cirrocephalus,NA,Charadriiformes,"Laridae (Gulls, Terns, and Skimmers)",NA,NA,6440,FALSE
6422,grygul,NA,NA,species,Gray Gull,Leucophaeus modestus,inland nitrate desert of Peru and Chile; ranges to Ecuador,Charadriiformes,"Laridae (Gulls, Terns, and Skimmers)",NA,NA,6446,FALSE
6423,dolgul2,NA,NA,species,Dolphin Gull,Leucophaeus scoresbii,"coasts of southern Chile, Argentina, and Falkland Islands",Charadriiformes,"Laridae (Gulls, Terns, and Skimmers)",NA,NA,6447,FALSE
6424,laugul,NA,NA,species,Laughing Gull,Leucophaeus atricilla,NA,Charadriiformes,"Laridae (Gulls, Terns, and Skimmers)",NA,NA,6448,TRUE
6428,fragul,NA,NA,species,Franklin's Gull,Leucophaeus pipixcan,west-central North America; winters Pacific coast of South America,Charadriiformes,"Laridae (Gulls, Terns, and Skimmers)",NA,NA,6452,TRUE
6435,medgul1,NA,NA,species,Mediterranean Gull,Ichthyaetus melanocephalus,North Sea to Mediterranean and Black Sea; winters to northern Africa,Charadriiformes,"Laridae (Gulls, Terns, and Skimmers)",NA,NA,6459,FALSE
6440,pacgul1,NA,NA,species,Pacific Gull,Larus pacificus,NA,Charadriiformes,"Laridae (Gulls, Terns, and Skimmers)",NA,NA,6464,FALSE
6443,belgul,NA,NA,species,Belcher's Gull,Larus belcheri,Humboldt Current of Peru and Chile; disperses to Ecuador,Charadriiformes,"Laridae (Gulls, Terns, and Skimmers)",NA,NA,6467,FALSE
6444,bktgul,NA,NA,species,Black-tailed Gull,Larus crassirostris,"coastal Siberia, Kuril Islands, Korea, China, and Japan",Charadriiformes,"Laridae (Gulls, Terns, and Skimmers)",NA,NA,6468,FALSE
6445,olrgul1,NA,NA,species,Olrog's Gull,Larus atlanticus,Atlantic coast of northeastern Argentina; winters north to Uruguay,Charadriiformes,"Laridae (Gulls, Terns, and Skimmers)",NA,NA,6469,FALSE
6446,heegul,NA,NA,species,Heermann's Gull,Larus heermanni,coastal western Mexico; winters British Columbia to Guatemala,Charadriiformes,"Laridae (Gulls, Terns, and Skimmers)",NA,NA,6470,TRUE
6447,mewgul,NA,NA,species,Common Gull,Larus canus,NA,Charadriiformes,"Laridae (Gulls, Terns, and Skimmers)",NA,NA,6471,FALSE
6448,comgul1,NA,NA,group (monotypic),Common Gull (European),Larus canus canus,Iceland and British Isles to White Sea; winters to northern Africa,Charadriiformes,"Laridae (Gulls, Terns, and Skimmers)",NA,NA,6472,FALSE
6450,kamgul1,NA,NA,group (monotypic),Common Gull (Kamchatka),Larus canus kamtschatschensis,northeastern Siberia; winters southeastern Asia,Charadriiformes,"Laridae (Gulls, Terns, and Skimmers)",NA,NA,6474,FALSE
6453,mewgul2,NA,NA,species,Short-billed Gull,Larus brachyrhynchus,Alaska to British Columbia and Saskatchewan; winters to California,Charadriiformes,"Laridae (Gulls, Terns, and Skimmers)",NA,NA,6477,TRUE
6455,ribgul,NA,NA,species,Ring-billed Gull,Larus delawarensis,"North America; winters to southern Mexico, Bahamas, and Greater Antilles",Charadriiformes,"Laridae (Gulls, Terns, and Skimmers)",NA,NA,6479,TRUE
6460,yefgul,NA,NA,species,Yellow-footed Gull,Larus livens,islands in Gulf of California; ranges north to Salton Sea,Charadriiformes,"Laridae (Gulls, Terns, and Skimmers)",NA,NA,6484,FALSE
6461,wesgul,NA,NA,species,Western Gull,Larus occidentalis,NA,Charadriiformes,"Laridae (Gulls, Terns, and Skimmers)",NA,NA,6485,TRUE
6465,casgul2,NA,NA,species,Caspian Gull,Larus cachinnans,Black Sea to Kazakhstan; winters to southern Asia and northeastern Africa,Charadriiformes,"Laridae (Gulls, Terns, and Skimmers)",NA,NA,6489,FALSE
6466,kelgul,NA,NA,species,Kelp Gull,Larus dominicanus,NA,Charadriiformes,"Laridae (Gulls, Terns, and Skimmers)",NA,NA,6490,FALSE
6472,amhgul1,split,"Polytypic Herring Gull Larus argentatus is split into polytypic European Herring Gull Larus argentatus (with subspecies argenteus and argentatus), monotypic American Herring Gull Larus smithsonianus, monotypic Vega Gull Larus vegae, and monotypic Mongolian Gull Larus mongolicus",species,American Herring Gull,Larus smithsonianus,northern North America (Alaska to Atlantic coast); winters to Central America,Charadriiformes,"Laridae (Gulls, Terns, and Skimmers)",NA,NA,6497,FALSE
6474,veggul1,split,"Polytypic Herring Gull Larus argentatus is split into polytypic European Herring Gull Larus argentatus (with subspecies argenteus and argentatus), monotypic American Herring Gull Larus smithsonianus, monotypic Vega Gull Larus vegae, and monotypic Mongolian Gull Larus mongolicus",species,Vega Gull,Larus vegae,northeastern Siberia; winters southward to China,Charadriiformes,"Laridae (Gulls, Terns, and Skimmers)",NA,NA,6498,FALSE
6476,casgul4,split,"Polytypic Herring Gull Larus argentatus is split into polytypic European Herring Gull Larus argentatus (with subspecies argenteus and argentatus), monotypic American Herring Gull Larus smithsonianus, monotypic Vega Gull Larus vegae, and monotypic Mongolian Gull Larus mongolicus",species,Mongolian Gull,Larus mongolicus,southeastern Altai and Lake Baikal to Mongolia; winters southern Asia,Charadriiformes,"Laridae (Gulls, Terns, and Skimmers)",NA,NA,6499,FALSE
6478,euhgul1,split,"Polytypic Herring Gull Larus argentatus is split into polytypic European Herring Gull Larus argentatus (with subspecies argenteus and argentatus), monotypic American Herring Gull Larus smithsonianus, monotypic Vega Gull Larus vegae, and monotypic Mongolian Gull Larus mongolicus",species,European Herring Gull,Larus argentatus,NA,Charadriiformes,"Laridae (Gulls, Terns, and Skimmers)",NA,NA,6500,TRUE
6485,yelgul1,NA,NA,species,Yellow-legged Gull,Larus michahellis,NA,Charadriiformes,"Laridae (Gulls, Terns, and Skimmers)",NA,NA,6507,FALSE
6494,gbbgul,NA,NA,species,Great Black-backed Gull,Larus marinus,Palearctic and northeastern North America; winters to West Indies and Iberian Peninsula,Charadriiformes,"Laridae (Gulls, Terns, and Skimmers)",NA,NA,6516,TRUE
6498,glagul,NA,NA,species,Glaucous Gull,Larus hyperboreus,NA,Charadriiformes,"Laridae (Gulls, Terns, and Skimmers)",NA,NA,6519,TRUE
6508,lbbgul,NA,NA,species,Lesser Black-backed Gull,Larus fuscus,NA,Charadriiformes,"Laridae (Gulls, Terns, and Skimmers)",NA,NA,6526,TRUE
6509,lbbgul1,NA,NA,group (monotypic),Lesser Black-backed Gull (fuscus),Larus fuscus fuscus,"northern Norway, Sweden, and Finland, to White Sea; winters to Africa and southwestern Asia",Charadriiformes,"Laridae (Gulls, Terns, and Skimmers)",NA,NA,6527,FALSE
6522,calgul,NA,NA,species,California Gull,Larus californicus,NA,Charadriiformes,"Laridae (Gulls, Terns, and Skimmers)",NA,NA,6539,TRUE
6526,glwgul,NA,NA,species,Glaucous-winged Gull,Larus glaucescens,Bering Sea to northwestern Oregon; winters to Japan and northwestern Mexico,Charadriiformes,"Laridae (Gulls, Terns, and Skimmers)",NA,NA,6543,TRUE
6527,x00051,NA,NA,hybrid,Western x Glaucous-winged Gull (hybrid),Larus occidentalis x glaucescens,NA,Charadriiformes,"Laridae (Gulls, Terns, and Skimmers)",NA,NA,6544,TRUE
6532,slbgul,NA,NA,species,Slaty-backed Gull,Larus schistisagus,breeds northeastern Siberia to Japan; winters southward to Taiwan,Charadriiformes,"Laridae (Gulls, Terns, and Skimmers)",NA,NA,6549,TRUE
6536,y00478,NA,NA,species,Iceland Gull,Larus glaucoides,NA,Charadriiformes,"Laridae (Gulls, Terns, and Skimmers)",NA,NA,6553,TRUE
6537,thagul,NA,NA,group (monotypic),Iceland Gull (Thayer's),Larus glaucoides thayeri,Hudson Bay to western Greenland; winters British Columbia to Baja California,Charadriiformes,"Laridae (Gulls, Terns, and Skimmers)",NA,NA,6554,FALSE
6538,kumgul1,NA,NA,group (monotypic),Iceland Gull (kumlieni),Larus glaucoides kumlieni,northeastern Canada (Baffin Island and northwestern Ungava); winters to northern USA,Charadriiformes,"Laridae (Gulls, Terns, and Skimmers)",NA,NA,6555,FALSE
6540,icegul1,NA,NA,group (monotypic),Iceland Gull (glaucoides),Larus glaucoides glaucoides,southern and western Greenland; winters to northern Europe,Charadriiformes,"Laridae (Gulls, Terns, and Skimmers)",NA,NA,6557,FALSE
6547,larus1,NA,NA,spuh,Larus sp.,Larus sp.,NA,Charadriiformes,"Laridae (Gulls, Terns, and Skimmers)",NA,NA,6563,FALSE
6548,larus,NA,NA,spuh,gull sp.,Larinae sp.,NA,Charadriiformes,"Laridae (Gulls, Terns, and Skimmers)",NA,NA,6564,TRUE
6551,blkski,NA,NA,species,Black Skimmer,Rynchops niger,NA,Charadriiformes,"Laridae (Gulls, Terns, and Skimmers)",NA,NA,6567,TRUE
6555,whiter,NA,NA,species,White Tern,Gygis alba,NA,Charadriiformes,"Laridae (Gulls, Terns, and Skimmers)",NA,NA,6571,FALSE
6561,brnnod,NA,NA,species,Brown Noddy,Anous stolidus,NA,Charadriiformes,"Laridae (Gulls, Terns, and Skimmers)",NA,NA,6577,FALSE
6566,lesnod1,NA,NA,species,Lesser Noddy,Anous tenuirostris,NA,Charadriiformes,"Laridae (Gulls, Terns, and Skimmers)",NA,NA,6582,FALSE
6569,blknod,NA,NA,species,Black Noddy,Anous minutus,NA,Charadriiformes,"Laridae (Gulls, Terns, and Skimmers)",NA,NA,6585,FALSE
6591,aleter1,NA,NA,species,Aleutian Tern,Onychoprion aleuticus,Alaska and Siberia; winters to Singapore and Indonesia,Charadriiformes,"Laridae (Gulls, Terns, and Skimmers)",NA,NA,6606,TRUE
6592,sooter1,NA,NA,species,Sooty Tern,Onychoprion fuscatus,NA,Charadriiformes,"Laridae (Gulls, Terns, and Skimmers)",NA,NA,6607,TRUE
6600,briter1,NA,NA,species,Bridled Tern,Onychoprion anaethetus,NA,Charadriiformes,"Laridae (Gulls, Terns, and Skimmers)",NA,NA,6615,FALSE
6606,gybter1,NA,NA,species,Gray-backed Tern,Onychoprion lunatus,islands in tropical Pacific Ocean,Charadriiformes,"Laridae (Gulls, Terns, and Skimmers)",NA,NA,6621,FALSE
6625,leater1,NA,NA,species,Least Tern,Sternula antillarum,NA,Charadriiformes,"Laridae (Gulls, Terns, and Skimmers)",NA,NA,6638,TRUE
6626,leater5,NA,NA,subspecies,NA,Sternula antillarum browni,southern California to Baja California and western Mexico; winters to Central America,Charadriiformes,"Laridae (Gulls, Terns, and Skimmers)",NA,NA,6639,FALSE
6630,yebter2,NA,NA,species,Yellow-billed Tern,Sternula superciliaris,rivers and lakes of South America east of the Andes,Charadriiformes,"Laridae (Gulls, Terns, and Skimmers)",NA,NA,6643,FALSE
6633,labter1,NA,NA,species,Large-billed Tern,Phaetusa simplex,NA,Charadriiformes,"Laridae (Gulls, Terns, and Skimmers)",NA,NA,6646,FALSE
6636,gubter2,NA,NA,species,Gull-billed Tern,Gelochelidon nilotica,NA,Charadriiformes,"Laridae (Gulls, Terns, and Skimmers)",NA,NA,6649,TRUE
6644,caster1,NA,NA,species,Caspian Tern,Hydroprogne caspia,"breeds patchily coastal Baltic Sea and inland southeast Europe to western Mongolia and Ussuriland (southeastern Russia) and northeastern China and southern Asian coasts; coastal and inland western and southern Africa; Europa (west of southern Madagascar, Mozambique Channel), coastal Madagascar and Aldabra group (southwestern Seychelles); coastal and inland northern and eastern Australia, coastal New Zealand (North, South and Stewart islands); inland Northwest Territories to northeastern Canada, in south to central California and Great Lakes; winters to coastal Africa, Red Sea, Persian Gulf, India, Thailand, Malay Peninsula, and Vietnam; eastern Pacific and Caribbean to Panama",Charadriiformes,"Laridae (Gulls, Terns, and Skimmers)",NA,NA,6657,TRUE
6651,blkter,NA,NA,species,Black Tern,Chlidonias niger,NA,Charadriiformes,"Laridae (Gulls, Terns, and Skimmers)",NA,NA,6664,TRUE
6654,whwter,NA,NA,species,White-winged Tern,Chlidonias leucopterus,"Palearctic; winters to Africa, southern Asia, and Australasia",Charadriiformes,"Laridae (Gulls, Terns, and Skimmers)",NA,NA,6667,FALSE
6657,forter,NA,NA,species,Forster's Tern,Sterna forsteri,North America; winters southern USA to Costa Rica and Greater Antilles,Charadriiformes,"Laridae (Gulls, Terns, and Skimmers)",NA,NA,6670,TRUE
6658,truter,NA,NA,species,Snowy-crowned Tern,Sterna trudeaui,lagoons and marshes of southeastern Brazil and Uruguay to Patagonia,Charadriiformes,"Laridae (Gulls, Terns, and Skimmers)",NA,NA,6671,FALSE
6659,arcter,NA,NA,species,Arctic Tern,Sterna paradisaea,Arctic circumpolar; winters sub-Antarctic and Antarctic seas,Charadriiformes,"Laridae (Gulls, Terns, and Skimmers)",NA,NA,6672,TRUE
6661,soater1,NA,NA,species,South American Tern,Sterna hirundinacea,coasts and islands of southern South America and Falkland Islands,Charadriiformes,"Laridae (Gulls, Terns, and Skimmers)",NA,NA,6673,FALSE
6662,antter1,NA,NA,species,Antarctic Tern,Sterna vittata,NA,Charadriiformes,"Laridae (Gulls, Terns, and Skimmers)",NA,NA,6674,FALSE
6674,comter,NA,NA,species,Common Tern,Sterna hirundo,NA,Charadriiformes,"Laridae (Gulls, Terns, and Skimmers)",NA,NA,6686,TRUE
6678,comter2,NA,NA,group (monotypic),Common Tern (longipennis),Sterna hirundo longipennis,northeastern Siberia to northeastern China; winters southeastern Asia to Australia,Charadriiformes,"Laridae (Gulls, Terns, and Skimmers)",NA,NA,6690,FALSE
6684,blnter1,NA,NA,species,Black-naped Tern,Sterna sumatrana,NA,Charadriiformes,"Laridae (Gulls, Terns, and Skimmers)",NA,NA,6696,FALSE
6687,roster,NA,NA,species,Roseate Tern,Sterna dougallii,NA,Charadriiformes,"Laridae (Gulls, Terns, and Skimmers)",NA,NA,6699,TRUE
6694,whfter1,NA,NA,species,White-fronted Tern,Sterna striata,NA,Charadriiformes,"Laridae (Gulls, Terns, and Skimmers)",NA,NA,6706,FALSE
6700,sterna,NA,NA,spuh,Sterna sp.,Sterna sp.,NA,Charadriiformes,"Laridae (Gulls, Terns, and Skimmers)",NA,NA,6712,FALSE
6701,santer1,NA,NA,species,Sandwich Tern,Thalasseus sandvicensis,NA,Charadriiformes,"Laridae (Gulls, Terns, and Skimmers)",NA,NA,6713,TRUE
6703,santer2,range,"range changed from ""eastern North America to southern Caribbean; winters to southern Peru and Uruguay"" to ""coast of southeastern North America (Virginia southward locally to Belize) and through the Caribbean; summer resident from Virginia to northeastern Florida and coast of north-central Gulf of Mexico, year-round elsewhere on coast of northern Gulf of Mexico and in Caribbean, and nonbreeding from southern Gulf of Mexico to Caribbean and Atlantic coast of South America to northeastern Brazil, also Pacific coast from Colombia to southern Peru""",group (monotypic),Sandwich Tern (Cabot's),Thalasseus sandvicensis acuflavidus,"coast of southeastern North America (Virginia southward locally to Belize) and through the Caribbean; summer resident from Virginia to northeastern Florida and coast of north-central Gulf of Mexico, year-round elsewhere on coast of northern Gulf of Mexico and in Caribbean, and nonbreeding from southern Gulf of Mexico to Caribbean and Atlantic coast of South America to northeastern Brazil, also Pacific coast from Colombia to southern Peru",Charadriiformes,"Laridae (Gulls, Terns, and Skimmers)",NA,NA,6715,FALSE
6704,santer3,range,"range changed from ""islands off Venezuela, the Guianas, eastern Brazil, and northern Argentina"" to ""locally in the Caribbean (Puerto Rico, Virgin Islands) and on islands off of Venezuela (Bonaire, Curaçao) and locally along Atlantic coast of South America from French Guiana to northern Argentina; largely resident""",group (monotypic),Sandwich Tern (Cayenne),Thalasseus sandvicensis eurygnathus,"locally in the Caribbean (Puerto Rico, Virgin Islands) and on islands off of Venezuela (Bonaire, Curaçao) and locally along Atlantic coast of South America from French Guiana to northern Argentina; largely resident",Charadriiformes,"Laridae (Gulls, Terns, and Skimmers)",NA,NA,6716,FALSE
6706,eleter1,NA,NA,species,Elegant Tern,Thalasseus elegans,southern California to western Mexico (Nayarit); winters Guatemala to Chile,Charadriiformes,"Laridae (Gulls, Terns, and Skimmers)",NA,NA,6718,TRUE
6709,lecter2,NA,NA,species,Lesser Crested Tern,Thalasseus bengalensis,NA,Charadriiformes,"Laridae (Gulls, Terns, and Skimmers)",NA,NA,6720,FALSE
6714,royter1,NA,NA,species,Royal Tern,Thalasseus maximus,"breeds from southwestern USA (southern California) to northwestern Mexico (south to Sinaloa), and eastern USA through the West Indies to the Guianas and possibly Brazil, wintering southward to Peru, Uruguay, and Argentina; also a disjunct breeding population in northern Argentina and southern Brazil",Charadriiformes,"Laridae (Gulls, Terns, and Skimmers)",NA,NA,6725,TRUE
6717,grcter1,NA,NA,species,Great Crested Tern,Thalasseus bergii,NA,Charadriiformes,"Laridae (Gulls, Terns, and Skimmers)",NA,NA,6728,FALSE
6728,tern1,NA,NA,spuh,tern sp.,Sterninae sp.,NA,Charadriiformes,"Laridae (Gulls, Terns, and Skimmers)",NA,NA,6738,TRUE
6729,y00728,NA,NA,spuh,gull/tern sp.,Laridae sp.,NA,Charadriiformes,"Laridae (Gulls, Terns, and Skimmers)",NA,NA,6739,FALSE
6731,chifla1,NA,NA,species,Chilean Flamingo,Phoenicopterus chilensis,Andes of southern South America; pampas of southern Brazil to southern Argentina,Phoenicopteriformes,Phoenicopteridae (Flamingos),NA,NA,1786,FALSE
6732,grefla2,subspecies revised,NA,species,American Flamingo,Phoenicopterus ruber,NA,Phoenicopteriformes,Phoenicopteridae (Flamingos),NA,NA,1787,FALSE
6743,whtgre3,NA,NA,species,White-tufted Grebe,Rollandia rolland,NA,Podicipediformes,Podicipedidae (Grebes),NA,NA,1798,FALSE
6749,litgre1,NA,NA,species,Little Grebe,Tachybaptus ruficollis,NA,Podicipediformes,Podicipedidae (Grebes),NA,NA,1804,FALSE
6770,leagre,NA,NA,species,Least Grebe,Tachybaptus dominicus,NA,Podicipediformes,Podicipedidae (Grebes),NA,NA,1825,TRUE
6776,pibgre,NA,NA,species,Pied-billed Grebe,Podilymbus podiceps,NA,Podicipediformes,Podicipedidae (Grebes),NA,NA,1831,TRUE
6781,hohgre1,NA,NA,species,Hoary-headed Grebe,Poliocephalus poliocephalus,southwestern and southeastern Australia including Tasmania; some winter farther north (except far northeastern and south-central Australia),Podicipediformes,Podicipedidae (Grebes),NA,NA,1836,FALSE
6787,horgre,NA,NA,species,Horned Grebe,Podiceps auritus,NA,Podicipediformes,Podicipedidae (Grebes),NA,NA,1842,TRUE
6790,rengre,NA,NA,species,Red-necked Grebe,Podiceps grisegena,NA,Podicipediformes,Podicipedidae (Grebes),NA,NA,1845,TRUE
6793,grcgre1,NA,NA,species,Great Crested Grebe,Podiceps cristatus,NA,Podicipediformes,Podicipedidae (Grebes),NA,NA,1848,FALSE
6797,eargre,NA,NA,species,Eared Grebe,Podiceps nigricollis,NA,Podicipediformes,Podicipedidae (Grebes),NA,NA,1852,TRUE
6808,podice1,NA,NA,spuh,Podiceps sp.,Podiceps sp.,NA,Podicipediformes,Podicipedidae (Grebes),NA,NA,1863,FALSE
6809,wesgre,NA,NA,species,Western Grebe,Aechmophorus occidentalis,NA,Podicipediformes,Podicipedidae (Grebes),NA,NA,1864,TRUE
6812,clagre,NA,NA,species,Clark's Grebe,Aechmophorus clarkii,NA,Podicipediformes,Podicipedidae (Grebes),NA,NA,1867,TRUE
6816,y00012,NA,NA,slash,Western/Clark's Grebe,Aechmophorus occidentalis/clarkii,NA,Podicipediformes,Podicipedidae (Grebes),NA,NA,1871,TRUE
6817,grebe1,NA,NA,spuh,grebe sp.,Podicipedidae sp.,NA,Podicipediformes,Podicipedidae (Grebes),NA,NA,1872,FALSE
6829,whttro,NA,NA,species,White-tailed Tropicbird,Phaethon lepturus,NA,Phaethontiformes,Phaethontidae (Tropicbirds),NA,NA,6749,FALSE
6836,rebtro,NA,NA,species,Red-billed Tropicbird,Phaethon aethereus,NA,Phaethontiformes,Phaethontidae (Tropicbirds),NA,NA,6756,TRUE
6846,tropic1,NA,NA,spuh,tropicbird sp.,Phaethon sp.,NA,Phaethontiformes,Phaethontidae (Tropicbirds),NA,NA,6766,FALSE
6848,retloo,NA,NA,species,Red-throated Loon,Gavia stellata,"breeds across the northern Holarctic region; winters coastally in the north Pacific Ocean from the Kamchatka Peninsula to the Yellow Sea, and from southern Alaska to northwestern Mexico; and in the northern Atlantic Ocean from the Maritime Provinces (Canada) to the southeastern USA, from Scandinavia south to the Mediterranean, and the Black and Caspian seas",Gaviiformes,Gaviidae (Loons),NA,NA,6768,TRUE
6849,arcloo,NA,NA,species,Arctic Loon,Gavia arctica,NA,Gaviiformes,Gaviidae (Loons),NA,NA,6769,TRUE
6852,pacloo,NA,NA,species,Pacific Loon,Gavia pacifica,coastal eastern Siberia and northern North America; winters to Japan and southern Baja California,Gaviiformes,Gaviidae (Loons),NA,NA,6772,TRUE
6854,comloo,NA,NA,species,Common Loon,Gavia immer,"breeds in northern North America, southern Greenland, and Iceland; winters from southern Alaska and the Maritime Provinces (Canada) to northern Mexico, and from Iceland and Scandinavia to the Iberian Peninsula",Gaviiformes,Gaviidae (Loons),NA,NA,6774,TRUE
6855,yebloo,NA,NA,species,Yellow-billed Loon,Gavia adamsii,northern Eurasia and northern North America; winters to northern Baja California,Gaviiformes,Gaviidae (Loons),NA,NA,6775,TRUE
6858,loon,NA,NA,spuh,loon sp.,Gavia sp.,NA,Gaviiformes,Gaviidae (Loons),NA,NA,6777,TRUE
6863,genpen1,NA,NA,species,Gentoo Penguin,Pygoscelis papua,NA,Sphenisciformes,Spheniscidae (Penguins),NA,NA,6782,FALSE
6879,galpen1,NA,NA,species,Galapagos Penguin,Spheniscus mendiculus,Galapagos (Fernandina and Isabela),Sphenisciformes,Spheniscidae (Penguins),NA,NA,6798,FALSE
6906,laralb1,NA,NA,spuh,large albatross sp.,Diomedea sp.,NA,Procellariiformes,Diomedeidae (Albatrosses),NA,NA,6825,FALSE
6908,layalb,NA,NA,species,Laysan Albatross,Phoebastria immutabilis,breeds western Hawaiian and Revillagigedo islands; ranges North Pacific,Procellariiformes,Diomedeidae (Albatrosses),NA,NA,6827,FALSE
6909,bkfalb,NA,NA,species,Black-footed Albatross,Phoebastria nigripes,"western Hawaiian Islands, and Izu, Bonin, and southern Ryukyu islands (southern Japan)",Procellariiformes,Diomedeidae (Albatrosses),NA,NA,6828,FALSE
6932,albatr1,NA,NA,spuh,albatross sp.,Diomedeidae sp.,NA,Procellariiformes,Diomedeidae (Albatrosses),NA,NA,6851,FALSE
6934,wispet,NA,NA,species,Wilson's Storm-Petrel,Oceanites oceanicus,NA,Procellariiformes,Oceanitidae (Southern Storm-Petrels),NA,NA,6853,FALSE
6967,bripet,NA,NA,species,European Storm-Petrel,Hydrobates pelagicus,NA,Procellariiformes,Hydrobatidae (Northern Storm-Petrels),NA,NA,6885,FALSE
6970,ftspet,NA,NA,species,Fork-tailed Storm-Petrel,Hydrobates furcatus,NA,Procellariiformes,Hydrobatidae (Northern Storm-Petrels),NA,NA,6888,FALSE
6974,lcspet,NA,NA,species,Leach's Storm-Petrel,Hydrobates leucorhous,NA,Procellariiformes,Hydrobatidae (Northern Storm-Petrels),NA,NA,6892,TRUE
6977,leastp5,NA,NA,species,Townsend's Storm-Petrel,Hydrobates socorroensis,summer breeder on islets off Guadalupe Island (western Mexico); ranges in eastern Pacific north to southern California and southward to ca. 10°N,Procellariiformes,Hydrobatidae (Northern Storm-Petrels),NA,NA,6895,FALSE
6981,leastp2,NA,NA,species,Ainley's Storm-Petrel,Hydrobates cheimomnestes,"winter breeder on islets off Guadalupe Island (western Mexico); nonbreeding range poorly known, but apparently disperses south in eastern Pacific, at least as far as the Galapagos",Procellariiformes,Hydrobatidae (Northern Storm-Petrels),NA,NA,6899,FALSE
6983,swspet,NA,NA,species,Swinhoe's Storm-Petrel,Hydrobates monorhis,breeds islands off Japan; disperses to northern Indian Ocean,Procellariiformes,Hydrobatidae (Northern Storm-Petrels),NA,NA,6901,FALSE
6984,asspet,NA,NA,species,Ashy Storm-Petrel,Hydrobates homochroa,breeds islands off California; ranges to southern Baja California,Procellariiformes,Hydrobatidae (Northern Storm-Petrels),NA,NA,6902,FALSE
6985,barpet,NA,NA,species,Band-rumped Storm-Petrel,Hydrobates castro,NA,Procellariiformes,Hydrobatidae (Northern Storm-Petrels),NA,NA,6903,FALSE
6992,wrspet,NA,NA,species,Wedge-rumped Storm-Petrel,Hydrobates tethys,NA,Procellariiformes,Hydrobatidae (Northern Storm-Petrels),NA,NA,6910,FALSE
6995,bkspet,NA,NA,species,Black Storm-Petrel,Hydrobates melania,breeds islands off California and Baja California; ranges to Peru,Procellariiformes,Hydrobatidae (Northern Storm-Petrels),NA,NA,6913,FALSE
7001,trspet,NA,NA,species,Tristram's Storm-Petrel,Hydrobates tristrami,"breeds and ranges Hawaii, Izu, and Volcano islands",Procellariiformes,Hydrobatidae (Northern Storm-Petrels),NA,NA,6918,FALSE
7002,lsspet,NA,NA,species,Least Storm-Petrel,Hydrobates microsoma,breeds islands off Baja California; ranges southward to far northern Peru,Procellariiformes,Hydrobatidae (Northern Storm-Petrels),NA,NA,6919,FALSE
7003,oceano1,NA,NA,spuh,Hydrobates sp.,Hydrobates sp.,NA,Procellariiformes,Hydrobatidae (Northern Storm-Petrels),NA,NA,6920,FALSE
7006,stopet,NA,NA,spuh,storm-petrel sp.,Oceanitidae/Hydrobatidae sp.,NA,Procellariiformes,NA,NA,NA,6923,FALSE
7007,procel3,NA,NA,family,Shearwaters and Petrels,Procellariidae,NA,Procellariiformes,Procellariidae (Shearwaters and Petrels),NA,NA,6924,FALSE
7011,norful,NA,NA,species,Northern Fulmar,Fulmarus glacialis,NA,Procellariiformes,Procellariidae (Shearwaters and Petrels),NA,NA,6928,TRUE
7026,grwpet3,NA,NA,species,Great-winged Petrel,Pterodroma macroptera,"breeds on subtropical to temperate islands from Tristan da Cunha and Gough (south-central South Atlantic Ocean) to Kerguelen Island (southern Indian Ocean), and Eclipse and Coffin islands (off southwestern Australia); non-breeding range in subtropical to temperate South Atlantic and southern Indian oceans from east of southern South America to southern Australian waters",Procellariiformes,Procellariidae (Shearwaters and Petrels),NA,NA,6943,FALSE
7051,bkcpet,NA,NA,species,Black-capped Petrel,Pterodroma hasitata,NA,Procellariiformes,Procellariidae (Shearwaters and Petrels),NA,NA,6968,FALSE
7056,jufpet,NA,NA,species,Juan Fernandez Petrel,Pterodroma externa,"Alejandro Selkirk Island (=Mas Afuera, Juan Fernández Islands; far west of central Chile)",Procellariiformes,Procellariidae (Shearwaters and Petrels),NA,NA,6973,FALSE
7063,bonpet,NA,NA,species,Bonin Petrel,Pterodroma hypoleuca,"Volcano, Bonin, and western Hawaiian islands; ranges to Polynesia",Procellariiformes,Procellariidae (Shearwaters and Petrels),NA,NA,6980,FALSE
7068,goupet1,NA,NA,species,Gould's Petrel,Pterodroma leucoptera,NA,Procellariiformes,Procellariidae (Shearwaters and Petrels),NA,NA,6985,FALSE
7082,brbpri1,NA,NA,species,Broad-billed Prion,Pachyptila vittata,breeds islands off New Zealand and Tristan da Cunha group,Procellariiformes,Procellariidae (Shearwaters and Petrels),NA,NA,6999,FALSE
7097,prion1,NA,NA,spuh,prion sp.,Pachyptila sp.,NA,Procellariiformes,Procellariidae (Shearwaters and Petrels),NA,NA,7012,FALSE
7119,corshe1,split; range,"Polytypic Cory’s Shearwater Calonectris diomedea is split into monotypic Cory’s Shearwater Calonectris borealis and monotypic Scopoli’s Shearwater Calonectris diomedea; range changed from ""breeds Azores, Madeira, and Canary and Berlenga islands"" to ""eastern Atlantic, breeding from Azores southward to Canary Islands and eastward to Galicia (northwestern Spain) and Berlengas Islands (off west-central Portugal); outside breeding season ranges widely in Atlantic, but mainly in upwelling systems of the Benguela and Agulhas currents""",species,Cory's Shearwater,Calonectris borealis,"eastern Atlantic, breeding from Azores southward to Canary Islands and eastward to Galicia (northwestern Spain) and Berlengas Islands (off west-central Portugal); outside breeding season ranges widely in Atlantic, but mainly in upwelling systems of the Benguela and Agulhas currents",Procellariiformes,Procellariidae (Shearwaters and Petrels),NA,NA,7034,FALSE
7120,scoshe1,split; range,"Polytypic Cory’s Shearwater Calonectris diomedea is split into monotypic Cory’s Shearwater Calonectris borealis and monotypic Scopoli’s Shearwater Calonectris diomedea; range changed from ""breeds Mediterranean islands"" to ""breeds Mediterranean islands, outside breeding season moving to winter mainly in upwelling systems of tropical eastern Atlantic""",species,Scopoli's Shearwater,Calonectris diomedea,"breeds Mediterranean islands, outside breeding season moving to winter mainly in upwelling systems of tropical eastern Atlantic",Procellariiformes,Procellariidae (Shearwaters and Petrels),NA,NA,7035,TRUE
7124,pifshe,NA,NA,species,Pink-footed Shearwater,Ardenna creatopus,Mocha and Juan Fernández islands off Chile; ranges to North Pacific,Procellariiformes,Procellariidae (Shearwaters and Petrels),NA,NA,7038,FALSE
7125,flfshe,NA,NA,species,Flesh-footed Shearwater,Ardenna carneipes,southern Indian and southwestern Pacific Oceans; winters to Arabian Sea and northwestern Pacific,Procellariiformes,Procellariidae (Shearwaters and Petrels),NA,NA,7039,FALSE
7126,greshe,NA,NA,species,Great Shearwater,Ardenna gravis,islands in South Atlantic Ocean; ranges North Atlantic to Arctic Circle,Procellariiformes,Procellariidae (Shearwaters and Petrels),NA,NA,7040,FALSE
7128,wetshe,NA,NA,species,Wedge-tailed Shearwater,Ardenna pacifica,NA,Procellariiformes,Procellariidae (Shearwaters and Petrels),NA,NA,7042,FALSE
7132,sooshe,NA,NA,species,Sooty Shearwater,Ardenna grisea,"breeds southern South America, New Zealand, and southeastern Australia; winters to North Pacific and North Atlantic",Procellariiformes,Procellariidae (Shearwaters and Petrels),NA,NA,7046,FALSE
7133,shtshe,NA,NA,species,Short-tailed Shearwater,Ardenna tenuirostris,southern Australia including Tasmania; winters to North Pacific,Procellariiformes,Procellariidae (Shearwaters and Petrels),NA,NA,7047,FALSE
7139,manshe,NA,NA,species,Manx Shearwater,Puffinus puffinus,NA,Procellariiformes,Procellariidae (Shearwaters and Petrels),NA,NA,7053,TRUE
7142,levshe1,NA,NA,species,Yelkouan Shearwater,Puffinus yelkouan,breeds central and eastern Mediterranean islands,Procellariiformes,Procellariidae (Shearwaters and Petrels),NA,NA,7056,FALSE
7153,bkvshe,NA,NA,species,Black-vented Shearwater,Puffinus opisthomelas,islands off western coast of Baja California; disperses adjacent Mexican waters,Procellariiformes,Procellariidae (Shearwaters and Petrels),NA,NA,7067,TRUE
7154,flushe1,NA,NA,species,Fluttering Shearwater,Puffinus gavia,breeds islands off New Zealand; ranges to southeastern Australia and Vanuatu,Procellariiformes,Procellariidae (Shearwaters and Petrels),NA,NA,7068,FALSE
7166,audshe,name change - English,Change English name of Puffinus lherminieri from Audubon's Shearwater to Sargasso Shearwater,species,Sargasso Shearwater,Puffinus lherminieri,NA,Procellariiformes,Procellariidae (Shearwaters and Petrels),NA,NA,7080,FALSE
7180,bawshe1,concept change (minor); name change - English and scientific,Change concept of small shearwater sp. Puffinus sp. to include Puffinus nativitatis and Puffinus heinrothi,spuh,small shearwater sp.,Puffinus sp.,NA,Procellariiformes,Procellariidae (Shearwaters and Petrels),NA,NA,7094,FALSE
7181,shearw,NA,NA,spuh,shearwater sp.,Procellariidae sp. (shearwater sp.),NA,Procellariiformes,Procellariidae (Shearwaters and Petrels),NA,NA,7095,FALSE
7195,procel2,NA,NA,spuh,procellariid sp.,Procellariidae sp.,NA,Procellariiformes,Procellariidae (Shearwaters and Petrels),NA,NA,7109,FALSE
7209,whisto1,NA,NA,species,White Stork,Ciconia ciconia,NA,Ciconiiformes,Ciconiidae (Storks),NA,NA,7123,FALSE
7214,ciconi1,NA,NA,spuh,Ciconia sp.,Ciconia sp.,NA,Ciconiiformes,Ciconiidae (Storks),NA,NA,7128,FALSE
7219,jabiru,NA,NA,species,Jabiru,Jabiru mycteria,west-central Mexico through South America to northeastern Argentina,Ciconiiformes,Ciconiidae (Storks),NA,NA,7133,FALSE
7224,woosto,NA,NA,species,Wood Stork,Mycteria americana,"southern USA to northern Argentina, Brazil, Cuba, and Hispaniola",Ciconiiformes,Ciconiidae (Storks),NA,NA,7138,TRUE
7230,stork1,NA,NA,spuh,stork sp.,Ciconiidae sp.,NA,Ciconiiformes,Ciconiidae (Storks),NA,NA,7144,FALSE
7232,asifri1,NA,NA,species,Ascension Frigatebird,Fregata aquila,breeds Ascension Island; ranges to western African coast,Suliformes,Fregatidae (Frigatebirds),NA,NA,7146,FALSE
7233,magfri,NA,NA,species,Magnificent Frigatebird,Fregata magnificens,NA,Suliformes,Fregatidae (Frigatebirds),NA,NA,7147,TRUE
7236,lesfri,NA,NA,species,Lesser Frigatebird,Fregata ariel,NA,Suliformes,Fregatidae (Frigatebirds),NA,NA,7150,FALSE
7241,grefri,NA,NA,species,Great Frigatebird,Fregata minor,NA,Suliformes,Fregatidae (Frigatebirds),NA,NA,7155,FALSE
7248,frigat,NA,NA,spuh,frigatebird sp.,Fregata sp.,NA,Suliformes,Fregatidae (Frigatebirds),NA,NA,7162,FALSE
7249,sulida1,NA,NA,family,Boobies and Gannets,Sulidae,NA,Suliformes,Sulidae (Boobies and Gannets),NA,NA,7163,FALSE
7251,norgan,NA,NA,species,Northern Gannet,Morus bassanus,breeds North Atlantic coasts; ranges to coastal northwestern Africa,Suliformes,Sulidae (Boobies and Gannets),NA,NA,7165,TRUE
7252,capgan1,NA,NA,species,Cape Gannet,Morus capensis,breeds islands off southern Africa; disperses to coastal Mozambique,Suliformes,Sulidae (Boobies and Gannets),NA,NA,7166,FALSE
7253,ausgan1,NA,NA,species,Australasian Gannet,Morus serrator,"breeds islands off southeastern Australia including Tasmania, and coasts and islands off New Zealand",Suliformes,Sulidae (Boobies and Gannets),NA,NA,7167,FALSE
7254,refboo,NA,NA,species,Red-footed Booby,Sula sula,NA,Suliformes,Sulidae (Boobies and Gannets),NA,NA,7168,FALSE
7258,brnboo,split,Polytypic Brown Booby Sula leucogaster is split into polytypic Brown Booby Sula leucogaster (with subspecies leucogaster and plotus) and polytypic Cocos Booby Sula brewsteri (with subspecies brewsteri and etesiaca),species,Brown Booby,Sula leucogaster,NA,Suliformes,Sulidae (Boobies and Gannets),NA,NA,7172,TRUE
7265,masboo,NA,NA,species,Masked Booby,Sula dactylatra,NA,Suliformes,Sulidae (Boobies and Gannets),NA,NA,7177,TRUE
7271,nazboo1,NA,NA,species,Nazca Booby,Sula granti,breeds Galapagos and islands off western Mexico,Suliformes,Sulidae (Boobies and Gannets),NA,NA,7183,FALSE
7274,bfoboo,NA,NA,species,Blue-footed Booby,Sula nebouxii,NA,Suliformes,Sulidae (Boobies and Gannets),NA,NA,7186,TRUE
7278,perboo1,NA,NA,species,Peruvian Booby,Sula variegata,coastal southwestern Colombia to southern Chile,Suliformes,Sulidae (Boobies and Gannets),NA,NA,7190,FALSE
7280,booby1,NA,NA,spuh,booby sp.,Sula sp.,NA,Suliformes,Sulidae (Boobies and Gannets),NA,NA,7192,FALSE
7281,sulid,NA,NA,spuh,sulid sp.,Sulidae sp.,NA,Suliformes,Sulidae (Boobies and Gannets),NA,NA,7193,FALSE
7282,anhing3,NA,NA,family,Anhingas,Anhingidae,NA,Suliformes,Anhingidae (Anhingas),NA,NA,7194,FALSE
7283,anhing,NA,NA,species,Anhinga,Anhinga anhinga,NA,Suliformes,Anhingidae (Anhingas),NA,NA,7195,TRUE
7305,bracor,NA,NA,species,Brandt's Cormorant,Urile penicillatus,coastal southern Alaska to Baja California,Suliformes,Phalacrocoracidae (Cormorants and Shags),NA,NA,7216,TRUE
7306,refcor,NA,NA,species,Red-faced Cormorant,Urile urile,"central coastal subarctic North Pacific from Kamchatka, northern and central Kuril and Commander islands (southeastern Russia) to southern Kuril Islands and eastern Hokkaido (northern Japan); Aleutian and Pribilof islands (Bering Sea) and southern Alaskan islands",Suliformes,Phalacrocoracidae (Cormorants and Shags),NA,NA,7217,TRUE
7307,pelcor,NA,NA,species,Pelagic Cormorant,Urile pelagicus,NA,Suliformes,Phalacrocoracidae (Cormorants and Shags),NA,NA,7218,TRUE
7313,grecor,NA,NA,species,Great Cormorant,Phalacrocorax carbo,NA,Suliformes,Phalacrocoracidae (Cormorants and Shags),NA,NA,7224,TRUE
7324,soccor1,NA,NA,species,Socotra Cormorant,Phalacrocorax nigrogularis,seacoasts and islands in Persian Gulf,Suliformes,Phalacrocoracidae (Cormorants and Shags),NA,NA,7235,FALSE
7336,eursha1,NA,NA,species,European Shag,Gulosus aristotelis,NA,Suliformes,Phalacrocoracidae (Cormorants and Shags),NA,NA,7247,FALSE
7342,doccor,NA,NA,species,Double-crested Cormorant,Nannopterum auritum,NA,Suliformes,Phalacrocoracidae (Cormorants and Shags),NA,NA,7253,TRUE
7349,neocor,NA,NA,species,Neotropic Cormorant,Nannopterum brasilianum,NA,Suliformes,Phalacrocoracidae (Cormorants and Shags),NA,NA,7260,TRUE
7375,cormor1,NA,NA,spuh,cormorant sp.,Phalacrocoracidae sp.,NA,Suliformes,Phalacrocoracidae (Cormorants and Shags),NA,NA,7286,FALSE
7376,thresk1,sequence,Threskiornithidae is resequenced as sister to the Ardeidae/Pelecanidae clade,family,Ibises and Spoonbills,Threskiornithidae,NA,Pelecaniformes,Threskiornithidae (Ibises and Spoonbills),NA,NA,7545,FALSE
7377,whiibi,NA,NA,species,White Ibis,Eudocimus albus,NA,Pelecaniformes,Threskiornithidae (Ibises and Spoonbills),NA,NA,7546,TRUE
7380,scaibi,NA,NA,species,Scarlet Ibis,Eudocimus ruber,"coastal Colombia to Trinidad, the Guianas, and northeastern Brazil",Pelecaniformes,Threskiornithidae (Ibises and Spoonbills),NA,NA,7549,FALSE
7382,gloibi,NA,NA,species,Glossy Ibis,Plegadis falcinellus,"locally in eastern North and southern South America, Africa, Eurasia, to Australasia",Pelecaniformes,Threskiornithidae (Ibises and Spoonbills),NA,NA,7551,TRUE
7383,whfibi,NA,NA,species,White-faced Ibis,Plegadis chihi,Great Basin of western USA to southwestern Brazil and central Argentina,Pelecaniformes,Threskiornithidae (Ibises and Spoonbills),NA,NA,7552,TRUE
7386,punibi1,NA,NA,species,Puna Ibis,Plegadis ridgwayi,high Andes of central Peru to northwestern Argentina and northern Chile,Pelecaniformes,Threskiornithidae (Ibises and Spoonbills),NA,NA,7555,FALSE
7436,ibis1,NA,NA,spuh,ibis sp.,Threskiornithidae sp. (ibis sp.),NA,Pelecaniformes,Threskiornithidae (Ibises and Spoonbills),NA,NA,7604,FALSE
7446,rosspo1,NA,NA,species,Roseate Spoonbill,Platalea ajaja,"southern USA to northern Argentina, Brazil, and West Indies",Pelecaniformes,Threskiornithidae (Ibises and Spoonbills),NA,NA,7614,TRUE
7447,spoonb1,NA,NA,spuh,spoonbill sp.,Platalea sp.,NA,Pelecaniformes,Threskiornithidae (Ibises and Spoonbills),NA,NA,7615,FALSE
7459,bobher1,NA,NA,species,Boat-billed Heron,Cochlearius cochlearius,NA,Pelecaniformes,"Ardeidae (Herons, Egrets, and Bitterns)",NA,NA,7321,FALSE
7473,amebit,NA,NA,species,American Bittern,Botaurus lentiginosus,Alaska to Mexico; winters to Panama and West Indies,Pelecaniformes,"Ardeidae (Herons, Egrets, and Bitterns)",NA,NA,7335,TRUE
7474,pinbit1,NA,NA,species,Pinnated Bittern,Botaurus pinnatus,NA,Pelecaniformes,"Ardeidae (Herons, Egrets, and Bitterns)",NA,NA,7336,FALSE
7478,leabit,name change - sciname,"Move Ixobrychus species into Botaurus, as Stripe-backed Bittern Botaurus involucris, Least Bittern Botaurus exilis, Black Bittern Botaurus flavicollis, Cinnamon Bittern Botaurus cinnamomeus, Schrenck’s Bittern Botaurus eurhythmus, Dwarf Bittern Botaurus sturmii, Little Bittern Botaurus minutus, Yellow Bittern Botaurus sinensis, Black-backed Bittern Botaurus dubius, and New Zealand Bittern Botaurus novaezelandiae.",species,Least Bittern,Botaurus exilis,NA,Pelecaniformes,"Ardeidae (Herons, Egrets, and Bitterns)",NA,NA,7340,TRUE
7504,ycnher,NA,NA,species,Yellow-crowned Night Heron,Nyctanassa violacea,NA,Pelecaniformes,"Ardeidae (Herons, Egrets, and Bitterns)",NA,NA,7364,TRUE
7513,bcnher,NA,NA,species,Black-crowned Night Heron,Nycticorax nycticorax,NA,Pelecaniformes,"Ardeidae (Herons, Egrets, and Bitterns)",NA,NA,7373,TRUE
7515,bkcnih2,NA,NA,group (monotypic),Black-crowned Night Heron (American),Nycticorax nycticorax hoactli,southern Canada to northern Argentina and Chile,Pelecaniformes,"Ardeidae (Herons, Egrets, and Bitterns)",NA,NA,7375,FALSE
7523,runher1,NA,NA,species,Nankeen Night Heron,Nycticorax caledonicus,NA,Pelecaniformes,"Ardeidae (Herons, Egrets, and Bitterns)",NA,NA,7383,FALSE
7531,y00940,NA,NA,slash,Black-crowned/Nankeen Night Heron,Nycticorax nycticorax/caledonicus,NA,Pelecaniformes,"Ardeidae (Herons, Egrets, and Bitterns)",NA,NA,7391,FALSE
7542,libher,NA,NA,species,Little Blue Heron,Egretta caerulea,"USA to southern Brazil, Uruguay, and West Indies",Pelecaniformes,"Ardeidae (Herons, Egrets, and Bitterns)",NA,NA,7401,TRUE
7543,triher,NA,NA,species,Tricolored Heron,Egretta tricolor,NA,Pelecaniformes,"Ardeidae (Herons, Egrets, and Bitterns)",NA,NA,7402,TRUE
7547,redegr,NA,NA,species,Reddish Egret,Egretta rufescens,NA,Pelecaniformes,"Ardeidae (Herons, Egrets, and Bitterns)",NA,NA,7406,TRUE
7557,snoegr,NA,NA,species,Snowy Egret,Egretta thula,NA,Pelecaniformes,"Ardeidae (Herons, Egrets, and Bitterns)",NA,NA,7416,TRUE
7562,litegr,new subspecies; subspecies deleted,NA,species,Little Egret,Egretta garzetta,NA,Pelecaniformes,"Ardeidae (Herons, Egrets, and Bitterns)",NA,NA,7421,TRUE
7567,werher,NA,NA,species,Western Reef-Heron,Egretta gularis,NA,Pelecaniformes,"Ardeidae (Herons, Egrets, and Bitterns)",NA,NA,7426,FALSE
7576,egrett1,new eBird,Add new group Egretta sp.,spuh,Egretta sp.,Egretta sp.,NA,Pelecaniformes,"Ardeidae (Herons, Egrets, and Bitterns)",NA,NA,NA,FALSE
7581,strher,NA,NA,species,Striated Heron,Butorides striata,NA,Pelecaniformes,"Ardeidae (Herons, Egrets, and Bitterns)",NA,NA,7439,FALSE
7611,grnher,NA,NA,species,Green Heron,Butorides virescens,NA,Pelecaniformes,"Ardeidae (Herons, Egrets, and Bitterns)",NA,NA,7469,TRUE
7621,squher1,NA,NA,species,Squacco Heron,Ardeola ralloides,"locally in southern Palearctic region, and Africa and Madagascar",Pelecaniformes,"Ardeidae (Herons, Egrets, and Bitterns)",NA,NA,7479,FALSE
7631,categr1,name change - English and sciname,"Add hyphen to group name, as Cattle-Egret. Move Western Cattle-Egret Bubulcus ibis and Eastern Cattle-Egret Bubulcus coromandus into Ardea, as Western Cattle-Egret Ardea ibis and Eastern Cattle-Egret Ardea coromanda.",species,Western Cattle-Egret,Ardea ibis,"southern Europe eastward to Iran, and Africa, Madagascar, and islands in western Indian Ocean (Seychelles, Aldabra, Comoros, and Mauritius); colonized the New World in the 20th century, now widespread in North and South America; introduced to the Hawaiian Islands; partially migratory in North America and southern Africa",Pelecaniformes,"Ardeidae (Herons, Egrets, and Bitterns)",NA,NA,7487,TRUE
7632,categr2,name change - English and sciname,"Add hyphen to group name, as Cattle-Egret. Move Western Cattle-Egret Bubulcus ibis and Eastern Cattle-Egret Bubulcus coromandus into Ardea, as Western Cattle-Egret Ardea ibis and Eastern Cattle-Egret Ardea coromanda.",species,Eastern Cattle-Egret,Ardea coromanda,southern and eastern Asia to Australia and New Zealand,Pelecaniformes,"Ardeidae (Herons, Egrets, and Bitterns)",NA,NA,7488,FALSE
7633,categr,name change - English and sciname,"Add hyphen to group name, as Cattle-Egret. Move Western Cattle-Egret Bubulcus ibis and Eastern Cattle-Egret Bubulcus coromandus into Ardea, as Western Cattle-Egret Ardea ibis and Eastern Cattle-Egret Ardea coromanda.",slash,Western/Eastern Cattle-Egret,Ardea ibis/coromanda,NA,Pelecaniformes,"Ardeidae (Herons, Egrets, and Bitterns)",NA,NA,7489,FALSE
7635,greegr,NA,NA,species,Great Egret,Ardea alba,NA,Pelecaniformes,"Ardeidae (Herons, Egrets, and Bitterns)",NA,NA,7491,TRUE
7637,greegr4,NA,NA,group (monotypic),Great Egret (African),Ardea alba melanorhynchos,sub-Saharan Africa and Madagascar,Pelecaniformes,"Ardeidae (Herons, Egrets, and Bitterns)",NA,NA,7493,FALSE
7651,graher1,NA,NA,species,Gray Heron,Ardea cinerea,NA,Pelecaniformes,"Ardeidae (Herons, Egrets, and Bitterns)",NA,NA,7507,FALSE
7658,grbher3,NA,NA,species,Great Blue Heron,Ardea herodias,NA,Pelecaniformes,"Ardeidae (Herons, Egrets, and Bitterns)",NA,NA,7514,TRUE
7664,grwher,NA,NA,group (monotypic),Great Blue Heron (Great White),Ardea herodias occidentalis,southern Florida through West Indies to islands off Venezuela,Pelecaniformes,"Ardeidae (Herons, Egrets, and Bitterns)",NA,NA,7520,TRUE
7671,purher1,NA,NA,species,Purple Heron,Ardea purpurea,NA,Pelecaniformes,"Ardeidae (Herons, Egrets, and Bitterns)",NA,NA,7527,FALSE
7685,golher1,NA,NA,species,Goliath Heron,Ardea goliath,"locally in Africa, Iraq, and Iran; casual to India and Sri Lanka",Pelecaniformes,"Ardeidae (Herons, Egrets, and Bitterns)",NA,NA,7541,FALSE
7687,heron1,NA,NA,spuh,heron sp.,Ardeidae sp.,NA,Pelecaniformes,"Ardeidae (Herons, Egrets, and Bitterns)",NA,NA,7543,FALSE
7690,hamerk1,NA,NA,species,Hamerkop,Scopus umbretta,NA,Pelecaniformes,Scopidae (Hamerkop),NA,NA,7307,FALSE
7696,amwpel,NA,NA,species,American White Pelican,Pelecanus erythrorhynchos,breeds inland south-central British Columbia and northeastern Alberta to west-central Ontario (southwestern and south-central Canada) southward to central California and Texas (southwestern to south-central USA); non-breeders range inland southern USA to northwestern Central America,Pelecaniformes,Pelecanidae (Pelicans),NA,NA,7288,TRUE
7697,brnpel,NA,NA,species,Brown Pelican,Pelecanus occidentalis,NA,Pelecaniformes,Pelecanidae (Pelicans),NA,NA,7289,TRUE
7699,brnpel3,NA,NA,group (monotypic),Brown Pelican (California),Pelecanus occidentalis californicus,breeds from southern California (Channel Islands) south locally to northwestern Mexico (south to Sinaloa); disperses north and south along the coast,Pelecaniformes,Pelecanidae (Pelicans),NA,NA,7291,FALSE
7709,dalpel1,NA,NA,species,Dalmatian Pelican,Pelecanus crispus,breeds southern Eurasia; winters to India,Pelecaniformes,Pelecanidae (Pelicans),NA,NA,7301,FALSE
7711,pelica1,NA,NA,spuh,pelican sp.,Pelecanus sp.,NA,Pelecaniformes,Pelecanidae (Pelicans),NA,NA,7303,FALSE
7713,calcon,NA,NA,species,California Condor,Gymnogyps californianus,"formerly southern California; extinct in the wild, then reintroduced mainly into Pinnacles and Big Sur National Parks (central California), Los Padres and Sespe areas (southern California), San Pedro Martir (northern Baja California); and Grand Canyon and Zion National Parks areas (northern Arizona)",Cathartiformes,Cathartidae (New World Vultures),NA,NA,7617,TRUE
7714,kinvul1,NA,NA,species,King Vulture,Sarcoramphus papa,southern Mexico to northern Argentina and Brazil,Cathartiformes,Cathartidae (New World Vultures),NA,NA,7619,FALSE
7715,andcon1,NA,NA,species,Andean Condor,Vultur gryphus,Andes and coasts of Colombia to Tierra del Fuego,Cathartiformes,Cathartidae (New World Vultures),NA,NA,7618,FALSE
7716,blkvul,NA,NA,species,Black Vulture,Coragyps atratus,NA,Cathartiformes,Cathartidae (New World Vultures),NA,NA,7620,TRUE
7718,blkvul2,NA,NA,subspecies,NA,Coragyps atratus brasiliensis,Central America to northern and eastern South America,Cathartiformes,Cathartidae (New World Vultures),NA,NA,7622,FALSE
7720,turvul,subspecies revised,NA,species,Turkey Vulture,Cathartes aura,NA,Cathartiformes,Cathartidae (New World Vultures),NA,NA,7624,TRUE
7726,turvul1,range,"range changed from ""Central America and lowlands of South America, including Trinidad"" to ""southern Costa Rica and lowlands of South America, including Trinidad""",group (monotypic),Turkey Vulture (Tropical),Cathartes aura ruficollis,"southern Costa Rica and lowlands of South America, including Trinidad",Cathartiformes,Cathartidae (New World Vultures),NA,NA,7629,FALSE
7727,turvul3,NA,NA,group (monotypic),Turkey Vulture (South Temperate),Cathartes aura jota,Pacific coast of Ecuador to Tierra del Fuego and Falkland Islands,Cathartiformes,Cathartidae (New World Vultures),NA,NA,7630,FALSE
7728,lyhvul1,NA,NA,species,Lesser Yellow-headed Vulture,Cathartes burrovianus,NA,Cathartiformes,Cathartidae (New World Vultures),NA,NA,7631,FALSE
7731,gyhvul1,NA,NA,species,Greater Yellow-headed Vulture,Cathartes melambrotus,the Guianas and southern Venezuela to northern Bolivia and northern Brazil,Cathartiformes,Cathartidae (New World Vultures),NA,NA,7634,FALSE
7732,cathar1,NA,NA,spuh,Cathartes sp.,Cathartes sp.,NA,Cathartiformes,Cathartidae (New World Vultures),NA,NA,7635,TRUE
7733,vultur1,NA,NA,spuh,new world vulture sp.,Cathartidae sp.,NA,Cathartiformes,Cathartidae (New World Vultures),NA,NA,7636,FALSE
7735,secret2,NA,NA,species,Secretarybird,Sagittarius serpentarius,savanna and grassland of sub-Saharan Africa,Accipitriformes,Sagittariidae (Secretarybird),NA,NA,7638,FALSE
7737,osprey,NA,NA,species,Osprey,Pandion haliaetus,NA,Accipitriformes,Pandionidae (Osprey),NA,NA,7640,TRUE
7742,accipi1,sequence,Linear sequence of Accipitriformes modified to follow Catanach et al. (2024),family,"Hawks, Eagles, and Kites",Accipitridae,NA,Accipitriformes,"Accipitridae (Hawks, Eagles, and Kites)",NA,NA,7645,FALSE
7743,peakit1,NA,NA,species,Pearl Kite,Gampsonyx swainsonii,NA,Accipitriformes,"Accipitridae (Hawks, Eagles, and Kites)",NA,NA,7646,FALSE
7748,whtkit,NA,NA,species,White-tailed Kite,Elanus leucurus,NA,Accipitriformes,"Accipitridae (Hawks, Eagles, and Kites)",NA,NA,7657,TRUE
7751,bkskit1,NA,NA,species,Black-winged Kite,Elanus caeruleus,NA,Accipitriformes,"Accipitridae (Hawks, Eagles, and Kites)",NA,NA,7650,FALSE
7767,egyvul1,NA,NA,species,Egyptian Vulture,Neophron percnopterus,NA,Accipitriformes,"Accipitridae (Hawks, Eagles, and Kites)",NA,NA,7671,FALSE
7772,hobkit,NA,NA,species,Hook-billed Kite,Chondrohierax uncinatus,NA,Accipitriformes,"Accipitridae (Hawks, Eagles, and Kites)",NA,NA,7675,TRUE
7776,grhkit1,NA,NA,species,Gray-headed Kite,Leptodon cayanensis,NA,Accipitriformes,"Accipitridae (Hawks, Eagles, and Kites)",NA,NA,7679,FALSE
7810,euhbuz1,NA,NA,species,European Honey-buzzard,Pernis apivorus,Western Palearctic; winters southern Europe and Iran to southern Africa,Accipitriformes,"Accipitridae (Hawks, Eagles, and Kites)",NA,NA,7683,FALSE
7826,swtkit,NA,NA,species,Swallow-tailed Kite,Elanoides forficatus,NA,Accipitriformes,"Accipitridae (Hawks, Eagles, and Kites)",NA,NA,7699,TRUE
7916,y00839,NA,NA,species,Changeable Hawk-Eagle,Nisaetus cirrhatus,NA,Accipitriformes,"Accipitridae (Hawks, Eagles, and Kites)",NA,NA,7826,FALSE
7926,blheag1,NA,NA,species,Black Hawk-Eagle,Spizaetus tyrannus,NA,Accipitriformes,"Accipitridae (Hawks, Eagles, and Kites)",NA,NA,7840,FALSE
7934,spizae1,NA,NA,spuh,Spizaetus sp.,Spizaetus sp.,NA,Accipitriformes,"Accipitridae (Hawks, Eagles, and Kites)",NA,NA,7848,FALSE
7949,waheag3,NA,NA,species,Wahlberg's Eagle,Hieraaetus wahlbergi,savanna of sub-Saharan Africa,Accipitriformes,"Accipitridae (Hawks, Eagles, and Kites)",NA,NA,7859,FALSE
7969,goleag,NA,NA,species,Golden Eagle,Aquila chrysaetos,NA,Accipitriformes,"Accipitridae (Hawks, Eagles, and Kites)",NA,NA,7875,TRUE
8150,eurspa1,NA,NA,species,Eurasian Sparrowhawk,Accipiter nisus,NA,Accipitriformes,"Accipitridae (Hawks, Eagles, and Kites)",NA,NA,8098,FALSE
8161,shshaw,NA,NA,species,Sharp-shinned Hawk,Accipiter striatus,NA,Accipitriformes,"Accipitridae (Hawks, Eagles, and Kites)",NA,NA,8109,TRUE
8165,shshaw9,NA,NA,subspecies,NA,Accipiter striatus venator,Puerto Rico,Accipitriformes,"Accipitridae (Hawks, Eagles, and Kites)",NA,NA,8113,FALSE
8174,bichaw1,name change - sciname; sequence,Move from Accipiter into Astur,species,Bicolored Hawk,Astur bicolor,NA,Accipitriformes,"Accipitridae (Hawks, Eagles, and Kites)",NA,NA,8127,FALSE
8183,coohaw,name change - sciname; sequence,Move from Accipiter into Astur,species,Cooper's Hawk,Astur cooperii,woodland of southern Canada and USA; winters to Central America,Accipitriformes,"Accipitridae (Hawks, Eagles, and Kites)",NA,NA,8122,TRUE
8188,norgos1,name change - sciname; sequence,Move from Accipiter into Astur,species,Eurasian Goshawk,Astur gentilis,NA,Accipitriformes,"Accipitridae (Hawks, Eagles, and Kites)",NA,NA,8140,FALSE
8197,norgos,name change - sciname; sequence,Move from Accipiter into Astur,species,American Goshawk,Astur atricapillus,NA,Accipitriformes,"Accipitridae (Hawks, Eagles, and Kites)",NA,NA,8149,TRUE
8199,norgos10,NA,NA,subspecies,NA,Astur atricapillus laingi,Haida Gwaii and Vancouver Island (British Columbia),Accipitriformes,"Accipitridae (Hawks, Eagles, and Kites)",NA,NA,8151,FALSE
8205,blagos1,name change - sciname; sequence,Move from Accipiter into Astur,species,Black Goshawk,Astur melanoleucus,NA,Accipitriformes,"Accipitridae (Hawks, Eagles, and Kites)",NA,NA,8136,FALSE
8209,accipi,name change - sciname; sequence,Change Accipiter sp. to former Accipiter hawk Aerospiza/Tachyspiza/Accipiter/Astur sp.,spuh,Accipitrine hawk sp. (former Accipiter sp.),Aerospiza/Tachyspiza/Accipiter/Astur sp.,NA,Accipitriformes,"Accipitridae (Hawks, Eagles, and Kites)",NA,NA,8157,TRUE
8211,wemhar1,NA,NA,species,Western Marsh Harrier,Circus aeruginosus,NA,Accipitriformes,"Accipitridae (Hawks, Eagles, and Kites)",NA,NA,7933,FALSE
8219,swahar1,NA,NA,species,Swamp Harrier,Circus approximans,"breeds Australia (except south-central), North, South, Stewart, and Chatham islands (east of South Island; New Zealand), Vanuatu, New Caledonia including Loyalty Islands, to Fiji and Tonga (southwestern and south-central Polynesia); non-breeders range to Trans-Fly (south-central New Guinea) and Kermadec Islands (northeast of North Island, New Zealand)",Accipitriformes,"Accipitridae (Hawks, Eagles, and Kites)",NA,NA,7941,FALSE
8222,lowhar1,NA,NA,species,Long-winged Harrier,Circus buffoni,"grassland of tropical South America, including Trinidad and Tobago",Accipitriformes,"Accipitridae (Hawks, Eagles, and Kites)",NA,NA,7944,FALSE
8226,cinhar1,NA,NA,species,Cinereous Harrier,Circus cinereus,Andes of Colombia to Tierra del Fuego and Falkland Islands,Accipitriformes,"Accipitridae (Hawks, Eagles, and Kites)",NA,NA,7948,FALSE
8227,norhar1,NA,NA,species,Hen Harrier,Circus cyaneus,widespread Eurasia,Accipitriformes,"Accipitridae (Hawks, Eagles, and Kites)",NA,NA,7949,FALSE
8228,norhar2,NA,NA,species,Northern Harrier,Circus hudsonius,widespread North America; winters to northern South America,Accipitriformes,"Accipitridae (Hawks, Eagles, and Kites)",NA,NA,7950,TRUE
8237,harrie1,NA,NA,spuh,harrier sp.,Circus sp.,NA,Accipitriformes,"Accipitridae (Hawks, Eagles, and Kites)",NA,NA,7959,FALSE
8246,redkit1,NA,NA,species,Red Kite,Milvus milvus,NA,Accipitriformes,"Accipitridae (Hawks, Eagles, and Kites)",NA,NA,8162,FALSE
8268,whteag,NA,NA,species,White-tailed Eagle,Haliaeetus albicilla,NA,Accipitriformes,"Accipitridae (Hawks, Eagles, and Kites)",NA,NA,8186,FALSE
8271,baleag,NA,NA,species,Bald Eagle,Haliaeetus leucocephalus,NA,Accipitriformes,"Accipitridae (Hawks, Eagles, and Kites)",NA,NA,8187,TRUE
8275,stseag,NA,NA,species,Steller's Sea-Eagle,Haliaeetus pelagicus,"coastal eastern Siberia; winters to China, Korea, and Japan including Ryukyu Islands (southern Japan)",Accipitriformes,"Accipitridae (Hawks, Eagles, and Kites)",NA,NA,8184,FALSE
8278,affeag1,NA,NA,species,African Fish-Eagle,Icthyophaga vocifer,sub-Saharan Africa,Accipitriformes,"Accipitridae (Hawks, Eagles, and Kites)",NA,NA,8194,FALSE
8280,wbseag1,NA,NA,species,White-bellied Sea-Eagle,Icthyophaga leucogaster,coasts and islands of southern Asia to Philippines and Australia,Accipitriformes,"Accipitridae (Hawks, Eagles, and Kites)",NA,NA,8192,FALSE
8287,haliae1,NA,NA,spuh,Haliaeetus/Icthyophaga sp.,Haliaeetus/Icthyophaga sp.,NA,Accipitriformes,"Accipitridae (Hawks, Eagles, and Kites)",NA,NA,8201,FALSE
8292,miskit,NA,NA,species,Mississippi Kite,Ictinia mississippiensis,southern USA (Arizona to Florida); winters in South America,Accipitriformes,"Accipitridae (Hawks, Eagles, and Kites)",NA,NA,7926,TRUE
8307,snakit,NA,NA,species,Snail Kite,Rostrhamus sociabilis,NA,Accipitriformes,"Accipitridae (Hawks, Eagles, and Kites)",NA,NA,7917,TRUE
8315,comblh1,"subspecies revised
",NA,species,Common Black Hawk,Buteogallus anthracinus,NA,Accipitriformes,"Accipitridae (Hawks, Eagles, and Kites)",NA,NA,8213,TRUE
8323,savhaw1,NA,NA,species,Savanna Hawk,Buteogallus meridionalis,savanna and marshes of western Panama to Brazil and northern Argentina,Accipitriformes,"Accipitridae (Hawks, Eagles, and Kites)",NA,NA,8223,FALSE
8325,grbhaw1,NA,NA,species,Great Black Hawk,Buteogallus urubitinga,NA,Accipitriformes,"Accipitridae (Hawks, Eagles, and Kites)",NA,NA,8225,FALSE
8334,roahaw,NA,NA,species,Roadside Hawk,Rupornis magnirostris,NA,Accipitriformes,"Accipitridae (Hawks, Eagles, and Kites)",NA,NA,8235,FALSE
8349,hrshaw,NA,NA,species,Harris's Hawk,Parabuteo unicinctus,NA,Accipitriformes,"Accipitridae (Hawks, Eagles, and Kites)",NA,NA,8250,TRUE
8353,whthaw,NA,NA,species,White-tailed Hawk,Geranoaetus albicaudatus,NA,Accipitriformes,"Accipitridae (Hawks, Eagles, and Kites)",NA,NA,8254,TRUE
8357,rebhaw2,NA,NA,species,Variable Hawk,Geranoaetus polyosoma,NA,Accipitriformes,"Accipitridae (Hawks, Eagles, and Kites)",NA,NA,8258,FALSE
8362,bcbeag1,NA,NA,species,Black-chested Buzzard-Eagle,Geranoaetus melanoleucus,NA,Accipitriformes,"Accipitridae (Hawks, Eagles, and Kites)",NA,NA,8263,FALSE
8377,gryhaw2,NA,NA,species,Gray Hawk,Buteo plagiatus,lowlands of southwestern USA to northwestern Costa Rica,Accipitriformes,"Accipitridae (Hawks, Eagles, and Kites)",NA,NA,8278,TRUE
8378,gryhaw3,NA,NA,species,Gray-lined Hawk,Buteo nitidus,NA,Accipitriformes,"Accipitridae (Hawks, Eagles, and Kites)",NA,NA,8279,FALSE
8383,brwhaw,NA,NA,species,Broad-winged Hawk,Buteo platypterus,NA,Accipitriformes,"Accipitridae (Hawks, Eagles, and Kites)",NA,NA,8293,TRUE
8391,reshaw,NA,NA,species,Red-shouldered Hawk,Buteo lineatus,NA,Accipitriformes,"Accipitridae (Hawks, Eagles, and Kites)",NA,NA,8284,TRUE
8399,ridhaw1,NA,NA,species,Ridgway's Hawk,Buteo ridgwayi,lowlands of Hispaniola and satellite islands,Accipitriformes,"Accipitridae (Hawks, Eagles, and Kites)",NA,NA,8292,FALSE
8402,zothaw,NA,NA,species,Zone-tailed Hawk,Buteo albonotatus,"arid southwestern USA to northern Bolivia, Paraguay, and Brazil",Accipitriformes,"Accipitridae (Hawks, Eagles, and Kites)",NA,NA,8310,TRUE
8403,hawhaw,NA,NA,species,Hawaiian Hawk,Buteo solitarius,forest of Hawaii (Hawaiian Islands),Accipitriformes,"Accipitridae (Hawks, Eagles, and Kites)",NA,NA,8303,FALSE
8405,shthaw,NA,NA,species,Short-tailed Hawk,Buteo brachyurus,NA,Accipitriformes,"Accipitridae (Hawks, Eagles, and Kites)",NA,NA,8304,TRUE
8408,swahaw,NA,NA,species,Swainson's Hawk,Buteo swainsoni,"western North America; winters to northern Argentina, southern Brazil, and Paraguay",Accipitriformes,"Accipitridae (Hawks, Eagles, and Kites)",NA,NA,8308,TRUE
8409,galhaw1,NA,NA,species,Galapagos Hawk,Buteo galapagoensis,Galapagos,Accipitriformes,"Accipitridae (Hawks, Eagles, and Kites)",NA,NA,8309,FALSE
8410,rethaw,subspecies revised,NA,species,Red-tailed Hawk,Buteo jamaicensis,NA,Accipitriformes,"Accipitridae (Hawks, Eagles, and Kites)",NA,NA,8312,TRUE
8411,hrthaw1,NA,NA,group (monotypic),Red-tailed Hawk (Harlan's),Buteo jamaicensis harlani,interior Alaska to southwestern Yukon and northern British Columbia,Accipitriformes,"Accipitridae (Hawks, Eagles, and Kites)",NA,NA,8319,TRUE
8415,rethaw11,range,NA,subspecies,NA,Buteo jamaicensis calurus,western North America (west of the Great Plains),Accipitriformes,"Accipitridae (Hawks, Eagles, and Kites)",NA,NA,8315,FALSE
8432,rolhaw,NA,NA,species,Rough-legged Hawk,Buteo lagopus,NA,Accipitriformes,"Accipitridae (Hawks, Eagles, and Kites)",NA,NA,8332,TRUE
8439,ferhaw,NA,NA,species,Ferruginous Hawk,Buteo regalis,prairies and plains of southern Canada to northern Mexico,Accipitriformes,"Accipitridae (Hawks, Eagles, and Kites)",NA,NA,8339,TRUE
8447,combuz1,NA,NA,species,Common Buzzard,Buteo buteo,NA,Accipitriformes,"Accipitridae (Hawks, Eagles, and Kites)",NA,NA,8341,FALSE
8465,uplbuz1,NA,NA,species,Upland Buzzard,Buteo hemilasius,open steppes and montane slopes of eastern Asia,Accipitriformes,"Accipitridae (Hawks, Eagles, and Kites)",NA,NA,8369,FALSE
8477,buteo,NA,NA,spuh,Buteo sp.,Buteo sp.,NA,Accipitriformes,"Accipitridae (Hawks, Eagles, and Kites)",NA,NA,8377,TRUE
8480,hawk,NA,NA,spuh,hawk sp.,Accipitridae sp. (hawk sp.),NA,Accipitriformes,"Accipitridae (Hawks, Eagles, and Kites)",NA,NA,8380,FALSE
8482,tytoni1,NA,NA,family,Barn-Owls,Tytonidae,NA,Strigiformes,Tytonidae (Barn-Owls),NA,NA,8382,FALSE
8516,webowl1,split,"Polytypic Barn Owl Tyto alba is split into polytypic Western Barn Owl Tyto alba (with subspecies alba, guttata, ernesti, erlangeri, schmitzi, gracilirostris, poensis, detorta, and thomensis), polytypic Eastern Barn Owl Tyto javanica (with subspecies stertens, javanica, sumbaensis, delicatula, meeki, crassirostris, and interposita), and polytypic American Barn Owl Tyto furcata (with subspecies pratincola, guatemalae, bondi, contempta, hellmayri, tuidara, furcata, bargei, insularis, nigresecens, and punctatissima)",species,Western Barn Owl,Tyto alba,NA,Strigiformes,Tytonidae (Barn-Owls),NA,NA,NA,TRUE
8537,brnowl,split,"Polytypic Barn Owl Tyto alba is split into polytypic Western Barn Owl Tyto alba (with subspecies alba, guttata, ernesti, erlangeri, schmitzi, gracilirostris, poensis, detorta, and thomensis), polytypic Eastern Barn Owl Tyto javanica (with subspecies stertens, javanica, sumbaensis, delicatula, meeki, crassirostris, and interposita), and polytypic American Barn Owl Tyto furcata (with subspecies pratincola, guatemalae, bondi, contempta, hellmayri, tuidara, furcata, bargei, insularis, nigresecens, and punctatissima)",species,American Barn Owl,Tyto furcata,NA,Strigiformes,Tytonidae (Barn-Owls),NA,NA,8416,FALSE
8545,barowl28,NA,NA,group (monotypic),American Barn Owl (White-winged),Tyto furcata furcata,"Cuba, Cayman Islands, and Jamaica",Strigiformes,Tytonidae (Barn-Owls),NA,NA,8442,FALSE
8552,asfowl1,NA,NA,species,Ashy-faced Owl,Tyto glaucops,Hispaniola including Tortue Island,Strigiformes,Tytonidae (Barn-Owls),NA,NA,8449,FALSE
8563,strigi1,NA,NA,family,Owls,Strigidae,NA,Strigiformes,Strigidae (Owls),NA,NA,8459,FALSE
8698,otus1,NA,NA,spuh,scops-owl sp.,Otus sp.,NA,Strigiformes,Strigidae (Owls),NA,NA,8592,FALSE
8699,flaowl,NA,NA,species,Flammulated Owl,Psiloscops flammeolus,southern British Columbia to southwestern USA and southern Mexico; winters to Guatemala,Strigiformes,Strigidae (Owls),NA,NA,8593,TRUE
8704,whsowl1,NA,NA,species,Whiskered Screech-Owl,Megascops trichopsis,NA,Strigiformes,Strigidae (Owls),NA,NA,8598,TRUE
8714,trsowl,NA,NA,species,Tropical Screech-Owl,Megascops choliba,NA,Strigiformes,Strigidae (Owls),NA,NA,8608,FALSE
8735,vesowl,NA,NA,species,Middle American Screech-Owl,Megascops guatemalae,NA,Strigiformes,Strigidae (Owls),NA,NA,8629,FALSE
8759,wesowl1,NA,NA,species,Western Screech-Owl,Megascops kennicottii,NA,Strigiformes,Strigidae (Owls),NA,NA,8653,TRUE
8770,easowl1,NA,NA,species,Eastern Screech-Owl,Megascops asio,NA,Strigiformes,Strigidae (Owls),NA,NA,8664,TRUE
8787,screec1,NA,NA,spuh,screech-owl sp.,Megascops sp.,NA,Strigiformes,Strigidae (Owls),NA,NA,8681,FALSE
8810,snoowl1,NA,NA,species,Snowy Owl,Bubo scandiacus,Arctic circumpolar; irregular southern post-breeding irruptions,Strigiformes,Strigidae (Owls),NA,NA,8704,TRUE
8811,grhowl,NA,NA,species,Great Horned Owl,Bubo virginianus,NA,Strigiformes,Strigidae (Owls),NA,NA,8705,TRUE
8843,eueowl1,NA,NA,species,Eurasian Eagle-Owl,Bubo bubo,NA,Strigiformes,Strigidae (Owls),NA,NA,8737,FALSE
8860,bubo1,NA,NA,spuh,Bubo sp.,Bubo sp.,NA,Strigiformes,Strigidae (Owls),NA,NA,8754,FALSE
8898,nohowl,NA,NA,species,Northern Hawk Owl,Surnia ulula,NA,Strigiformes,Strigidae (Owls),NA,NA,8792,TRUE
8903,eupowl1,NA,NA,species,Eurasian Pygmy-Owl,Glaucidium passerinum,NA,Strigiformes,Strigidae (Owls),NA,NA,8797,FALSE
8910,nopowl,NA,NA,species,Northern Pygmy-Owl,Glaucidium gnoma,NA,Strigiformes,Strigidae (Owls),NA,NA,8804,TRUE
8936,fepowl,NA,NA,species,Ferruginous Pygmy-Owl,Glaucidium brasilianum,NA,Strigiformes,Strigidae (Owls),NA,NA,8830,TRUE
8987,glauci1,NA,NA,spuh,Glaucidium sp.,Glaucidium sp.,NA,Strigiformes,Strigidae (Owls),NA,NA,8881,FALSE
8994,elfowl,NA,NA,species,Elf Owl,Micrathene whitneyi,NA,Strigiformes,Strigidae (Owls),NA,NA,8888,TRUE
9006,litowl1,NA,NA,species,Little Owl,Athene noctua,NA,Strigiformes,Strigidae (Owls),NA,NA,8900,FALSE
9032,burowl,NA,NA,species,Burrowing Owl,Athene cunicularia,NA,Strigiformes,Strigidae (Owls),NA,NA,8926,TRUE
9056,motowl,NA,NA,species,Mottled Owl,Strix virgata,NA,Strigiformes,Strigidae (Owls),NA,NA,8950,FALSE
9098,tawowl1,NA,NA,species,Tawny Owl,Strix aluco,NA,Strigiformes,Strigidae (Owls),NA,NA,8992,FALSE
9113,spoowl,NA,NA,species,Spotted Owl,Strix occidentalis,NA,Strigiformes,Strigidae (Owls),NA,NA,9007,TRUE
9117,brdowl,NA,NA,species,Barred Owl,Strix varia,NA,Strigiformes,Strigidae (Owls),NA,NA,9011,TRUE
9123,barowl13,NA,NA,species,Cinereous Owl,Strix sartorii,mountains of northern Mexico (Durango) to Veracruz and Oaxaca,Strigiformes,Strigidae (Owls),NA,NA,9017,FALSE
9130,uraowl1,NA,NA,species,Ural Owl,Strix uralensis,NA,Strigiformes,Strigidae (Owls),NA,NA,9024,FALSE
9141,grgowl,NA,NA,species,Great Gray Owl,Strix nebulosa,NA,Strigiformes,Strigidae (Owls),NA,NA,9035,TRUE
9151,loeowl,NA,NA,species,Long-eared Owl,Asio otus,NA,Strigiformes,Strigidae (Owls),NA,NA,9045,TRUE
9174,sheowl,NA,NA,species,Short-eared Owl,Asio flammeus,NA,Strigiformes,Strigidae (Owls),NA,NA,9068,TRUE
9194,borowl,NA,NA,species,Boreal Owl,Aegolius funereus,NA,Strigiformes,Strigidae (Owls),NA,NA,9088,TRUE
9196,borowl3,NA,NA,subspecies,NA,Aegolius funereus funereus,northern Scandinavia to Pyrénées and Urals (except for Caucasus Mountains),Strigiformes,Strigidae (Owls),NA,NA,9090,FALSE
9202,nswowl,NA,NA,species,Northern Saw-whet Owl,Aegolius acadicus,NA,Strigiformes,Strigidae (Owls),NA,NA,9096,TRUE
9299,owl1,NA,NA,spuh,owl sp.,Strigiformes sp.,NA,Strigiformes,Strigidae (Owls),NA,NA,9193,FALSE
9346,trogon1,NA,NA,family,Trogons,Trogonidae,NA,Trogoniformes,Trogonidae (Trogons),NA,NA,9240,FALSE
9399,earque,NA,NA,species,Eared Quetzal,Euptilotis neoxenus,montane forest of western Mexico; occasional southeastern Arizona,Trogoniformes,Trogonidae (Trogons),NA,NA,9293,FALSE
9404,resque1,NA,NA,species,Resplendent Quetzal,Pharomachrus mocinno,NA,Trogoniformes,Trogonidae (Trogons),NA,NA,9298,FALSE
9418,slttro1,NA,NA,species,Slaty-tailed Trogon,Trogon massena,NA,Trogoniformes,Trogonidae (Trogons),NA,NA,9311,FALSE
9433,cittro1,NA,NA,species,Citreoline Trogon,Trogon citreolus,NA,Trogoniformes,Trogonidae (Trogons),NA,NA,9327,FALSE
9465,eletro,NA,NA,species,Elegant Trogon,Trogon elegans,NA,Trogoniformes,Trogonidae (Trogons),NA,NA,9358,TRUE
9473,moutro1,NA,NA,species,Mountain Trogon,Trogon mexicanus,NA,Trogoniformes,Trogonidae (Trogons),NA,NA,9366,FALSE
9501,hoopoe,subspecies revised,NA,species,Eurasian Hoopoe,Upupa epops,NA,Bucerotiformes,Upupidae (Hoopoes),NA,NA,9394,FALSE
9582,rebhor1,NA,NA,species,Northern Red-billed Hornbill,Tockus erythrorhynchus,Sierra Leone to Somalia and southward to Tanzania,Bucerotiformes,Bucerotidae (Hornbills),NA,NA,9473,FALSE
9749,rucmot1,NA,NA,species,Russet-crowned Motmot,Momotus mexicanus,NA,Coraciiformes,Momotidae (Motmots),NA,NA,9569,FALSE
9768,bucmot4,NA,NA,species,Amazonian Motmot,Momotus momota,NA,Coraciiformes,Momotidae (Motmots),NA,NA,9588,FALSE
9806,motmot1,NA,NA,spuh,motmot sp.,Momotidae sp.,NA,Coraciiformes,Momotidae (Motmots),NA,NA,9626,FALSE
9809,comkin1,NA,NA,species,Common Kingfisher,Alcedo atthis,NA,Coraciiformes,Alcedinidae (Kingfishers),NA,NA,9629,FALSE
10197,rinkin1,NA,NA,species,Ringed Kingfisher,Megaceryle torquata,NA,Coraciiformes,Alcedinidae (Kingfishers),NA,NA,10017,TRUE
10202,belkin1,NA,NA,species,Belted Kingfisher,Megaceryle alcyon,central and eastern Canada to northern South America including Trinidad and Tobago and West Indies,Coraciiformes,Alcedinidae (Kingfishers),NA,NA,10022,TRUE
10208,amakin1,NA,NA,species,Amazon Kingfisher,Chloroceryle amazona,"southern Mexico to Colombia, Venezuela, and east of Andes to Argentina",Coraciiformes,Alcedinidae (Kingfishers),NA,NA,10028,FALSE
10209,ampkin1,NA,NA,species,American Pygmy Kingfisher,Chloroceryle aenea,NA,Coraciiformes,Alcedinidae (Kingfishers),NA,NA,10029,FALSE
10212,grnkin,NA,NA,species,Green Kingfisher,Chloroceryle americana,NA,Coraciiformes,Alcedinidae (Kingfishers),NA,NA,10032,TRUE
10218,garkin1,NA,NA,species,Green-and-rufous Kingfisher,Chloroceryle inda,NA,Coraciiformes,Alcedinidae (Kingfishers),NA,NA,10038,FALSE
10222,kingfi1,NA,NA,spuh,kingfisher sp.,Alcedinidae sp.,NA,Coraciiformes,Alcedinidae (Kingfishers),NA,NA,10042,FALSE
10235,indrol2,NA,NA,species,Indian Roller,Coracias benghalensis,NA,Coraciiformes,Coraciidae (Rollers),NA,NA,10127,FALSE
10353,blfnun1,NA,NA,species,Black-fronted Nunbird,Monasa nigrifrons,NA,Galbuliformes,Bucconidae (Puffbirds),NA,NA,10245,FALSE
10728,rampha1,NA,NA,family,Toucans,Ramphastidae,NA,Piciformes,Ramphastidae (Toucans),NA,NA,10619,FALSE
10778,colara1,NA,NA,species,Collared Aracari,Pteroglossus torquatus,NA,Piciformes,Ramphastidae (Toucans),NA,NA,10669,FALSE
10785,fibara1,NA,NA,species,Fiery-billed Aracari,Pteroglossus frantzii,Pacific slope of Costa Rica and western Panama (western Chiriquí),Piciformes,Ramphastidae (Toucans),NA,NA,10676,FALSE
10804,aracar1,NA,NA,spuh,aracari sp.,Pteroglossus sp.,NA,Piciformes,Ramphastidae (Toucans),NA,NA,10695,FALSE
10817,bkmtou1,NA,NA,species,Yellow-throated Toucan,Ramphastos ambiguus,NA,Piciformes,Ramphastidae (Toucans),NA,NA,10708,FALSE
10818,chmtou1,NA,NA,group (monotypic),Yellow-throated Toucan (Chestnut-mandibled),Ramphastos ambiguus swainsonii,humid forest of northern Honduras to western Ecuador,Piciformes,Ramphastidae (Toucans),NA,NA,10709,FALSE
10820,yettou1,NA,NA,subspecies,NA,Ramphastos ambiguus abbreviatus,northeastern Colombia (west slope of the eastern Andes southward to the central Magdalena Valley) and northwestern and northern Venezuela,Piciformes,Ramphastidae (Toucans),NA,NA,10711,FALSE
10821,yettou2,NA,NA,subspecies,NA,Ramphastos ambiguus ambiguus,eastern Andes from southern Colombia (upper Magdalena Valley) to central Peru,Piciformes,Ramphastidae (Toucans),NA,NA,10712,FALSE
10825,whttou4,NA,NA,subspecies,NA,Ramphastos tucanus cuvieri,"southeastern Colombia to Venezuela, western Amazonian Brazil, and northern Bolivia",Piciformes,Ramphastidae (Toucans),NA,NA,10716,FALSE
10827,kebtou1,NA,NA,species,Keel-billed Toucan,Ramphastos sulfuratus,NA,Piciformes,Ramphastidae (Toucans),NA,NA,10718,FALSE
10842,lartou1,NA,NA,spuh,large toucan sp.,Ramphastos sp.,NA,Piciformes,Ramphastidae (Toucans),NA,NA,10733,FALSE
10856,yefhon2,NA,NA,species,Yellow-footed Honeyguide,Melignomon eisentrauti,"Sierra Leone to Liberia, southwestern Ghana, and southwestern Cameroon",Piciformes,Indicatoridae (Honeyguides),NA,NA,10747,FALSE
10870,y00400,NA,NA,species,Lesser Honeyguide,Indicator minor,NA,Piciformes,Indicatoridae (Honeyguides),NA,NA,10761,FALSE
10884,scthon1,NA,NA,species,Scaly-throated Honeyguide,Indicator variegatus,savanna and riparian woodland of eastern and southern Africa,Piciformes,Indicatoridae (Honeyguides),NA,NA,10775,FALSE
10889,grehon2,NA,NA,species,Greater Honeyguide,Indicator indicator,widespread sub-Saharan Africa,Piciformes,Indicatoridae (Honeyguides),NA,NA,10780,FALSE
11013,wilsap,NA,NA,species,Williamson's Sapsucker,Sphyrapicus thyroideus,NA,Piciformes,Picidae (Woodpeckers),NA,NA,10904,TRUE
11016,yebsap,NA,NA,species,Yellow-bellied Sapsucker,Sphyrapicus varius,"breeds southeastern Alaska and Yukon across Canada to Newfoundland and south in USA in northern tier of states from North Dakota east, and farther south in the Appalachian Mountains; winters southeastern USA to Panama",Piciformes,Picidae (Woodpeckers),NA,NA,10907,TRUE
11017,rensap,NA,NA,species,Red-naped Sapsucker,Sphyrapicus nuchalis,southwestern Canada to southwestern USA; winters to northern Mexico and southern Baja California,Piciformes,Picidae (Woodpeckers),NA,NA,10908,TRUE
11020,rebsap,NA,NA,species,Red-breasted Sapsucker,Sphyrapicus ruber,NA,Piciformes,Picidae (Woodpeckers),NA,NA,10911,TRUE
11027,sapsuc,NA,NA,spuh,sapsucker sp.,Sphyrapicus sp.,NA,Piciformes,Picidae (Woodpeckers),NA,NA,10918,TRUE
11032,lewwoo,NA,NA,species,Lewis's Woodpecker,Melanerpes lewis,oak-pine woodland of western North America; winters to northern Mexico,Piciformes,Picidae (Woodpeckers),NA,NA,10923,TRUE
11035,rehwoo,NA,NA,species,Red-headed Woodpecker,Melanerpes erythrocephalus,eastern North America from southern Canada to Gulf of Mexico and Florida,Piciformes,Picidae (Woodpeckers),NA,NA,10926,TRUE
11036,acowoo,NA,NA,species,Acorn Woodpecker,Melanerpes formicivorus,NA,Piciformes,Picidae (Woodpeckers),NA,NA,10927,TRUE
11045,gonwoo1,NA,NA,species,Golden-naped Woodpecker,Melanerpes chrysauchen,southwestern Costa Rica and adjacent western Panama,Piciformes,Picidae (Woodpeckers),NA,NA,10936,FALSE
11051,hiswoo1,NA,NA,species,Hispaniolan Woodpecker,Melanerpes striatus,Hispaniola and Beata Island,Piciformes,Picidae (Woodpeckers),NA,NA,10942,FALSE
11056,grbwoo1,NA,NA,species,Gray-breasted Woodpecker,Melanerpes hypopolius,interior southwestern Mexico (northern Guerrero and Morelos to east-central Oaxaca),Piciformes,Picidae (Woodpeckers),NA,NA,10947,FALSE
11057,yucwoo,NA,NA,species,Yucatan Woodpecker,Melanerpes pygmaeus,NA,Piciformes,Picidae (Woodpeckers),NA,NA,10948,FALSE
11066,gilwoo,NA,NA,species,Gila Woodpecker,Melanerpes uropygialis,NA,Piciformes,Picidae (Woodpeckers),NA,NA,10957,TRUE
11070,hofwoo1,NA,NA,species,Hoffmann's Woodpecker,Melanerpes hoffmannii,Pacific slope of southern Honduras to Nicaragua and Costa Rica,Piciformes,Picidae (Woodpeckers),NA,NA,10961,FALSE
11072,gofwoo,NA,NA,species,Golden-fronted Woodpecker,Melanerpes aurifrons,NA,Piciformes,Picidae (Woodpeckers),NA,NA,10963,TRUE
11088,rebwoo,NA,NA,species,Red-bellied Woodpecker,Melanerpes carolinus,eastern North America (southern Canada to Texas and Florida Keys),Piciformes,Picidae (Woodpeckers),NA,NA,10979,TRUE
11097,melane1,NA,NA,spuh,Melanerpes sp.,Melanerpes sp.,NA,Piciformes,Picidae (Woodpeckers),NA,NA,10988,FALSE
11098,ettwoo1,NA,NA,species,Eurasian Three-toed Woodpecker,Picoides tridactylus,NA,Piciformes,Picidae (Woodpeckers),NA,NA,10989,FALSE
11105,attwoo1,NA,NA,species,American Three-toed Woodpecker,Picoides dorsalis,NA,Piciformes,Picidae (Woodpeckers),NA,NA,10996,TRUE
11109,bkbwoo,NA,NA,species,Black-backed Woodpecker,Picoides arcticus,boreal forest of northern North America,Piciformes,Picidae (Woodpeckers),NA,NA,11000,TRUE
11236,grswoo,NA,NA,species,Great Spotted Woodpecker,Dendrocopos major,NA,Piciformes,Picidae (Woodpeckers),NA,NA,11125,FALSE
11264,leswoo1,NA,NA,species,Lesser Spotted Woodpecker,Dryobates minor,NA,Piciformes,Picidae (Woodpeckers),NA,NA,11153,FALSE
11287,dowwoo,NA,NA,species,Downy Woodpecker,Dryobates pubescens,NA,Piciformes,Picidae (Woodpeckers),NA,NA,11175,TRUE
11297,nutwoo,NA,NA,species,Nuttall's Woodpecker,Dryobates nuttallii,chaparral and oak woodland of northern California to northwestern Baja,Piciformes,Picidae (Woodpeckers),NA,NA,11185,TRUE
11299,labwoo,NA,NA,species,Ladder-backed Woodpecker,Dryobates scalaris,NA,Piciformes,Picidae (Woodpeckers),NA,NA,11187,TRUE
11313,recwoo,NA,NA,species,Red-cockaded Woodpecker,Dryobates borealis,patchily distributed in pine forest of southeastern USA,Piciformes,Picidae (Woodpeckers),NA,NA,11201,TRUE
11314,haiwoo,NA,NA,species,Hairy Woodpecker,Dryobates villosus,NA,Piciformes,Picidae (Woodpeckers),NA,NA,11202,TRUE
11338,whhwoo,NA,NA,species,White-headed Woodpecker,Dryobates albolarvatus,NA,Piciformes,Picidae (Woodpeckers),NA,NA,11226,TRUE
11348,strwoo,NA,NA,species,Strickland's Woodpecker,Dryobates stricklandi,coniferous forest of eastern Mexico (Michoacán to west-central Veracruz),Piciformes,Picidae (Woodpeckers),NA,NA,11236,FALSE
11349,ariwoo,NA,NA,species,Arizona Woodpecker,Dryobates arizonae,NA,Piciformes,Picidae (Woodpeckers),NA,NA,11237,TRUE
11447,pabwoo1,NA,NA,species,Pale-billed Woodpecker,Campephilus guatemalensis,NA,Piciformes,Picidae (Woodpeckers),NA,NA,11333,FALSE
11455,ivbwoo,NA,NA,species,Ivory-billed Woodpecker,Campephilus principalis,NA,Piciformes,Picidae (Woodpeckers),NA,NA,11341,FALSE
11458,impwoo1,NA,NA,species,Imperial Woodpecker,Campephilus imperialis,Sierra Madre Occidental of western Mexico; probably extinct,Piciformes,Picidae (Woodpeckers),NA,NA,11344,FALSE
11639,linwoo1,NA,NA,species,Lineated Woodpecker,Dryocopus lineatus,NA,Piciformes,Picidae (Woodpeckers),NA,NA,11519,FALSE
11647,pilwoo,NA,NA,species,Pileated Woodpecker,Dryocopus pileatus,NA,Piciformes,Picidae (Woodpeckers),NA,NA,11527,TRUE
11669,blawoo1,NA,NA,species,Black Woodpecker,Dryocopus martius,NA,Piciformes,Picidae (Woodpeckers),NA,NA,11549,FALSE
11737,goowoo1,NA,NA,species,Golden-olive Woodpecker,Colaptes rubiginosus,NA,Piciformes,Picidae (Woodpeckers),NA,NA,11617,FALSE
11777,grbwoo3,NA,NA,species,Green-barred Woodpecker,Colaptes melanochloros,NA,Piciformes,Picidae (Woodpeckers),NA,NA,11657,FALSE
11785,norfli,split,"Polytypic Northern Flicker Colaptes auratus is split into polytypic Northern Flicker Colaptes auratus (with subspecies chrysocaulosus, gundlachi, luteus, auratus, cafer, collaris, rufipileus, mexicanus, and nanus) and monotypic Guatemalan Flicker Colaptes mexicanoides",species,Northern Flicker,Colaptes auratus,NA,Piciformes,Picidae (Woodpeckers),NA,NA,11665,TRUE
11789,norfli4,NA,NA,subspecies,NA,Colaptes auratus luteus,"central Alaska to southern Labrador, Newfoundland, Montana, and northeastern USA",Piciformes,Picidae (Woodpeckers),NA,NA,11669,FALSE
11790,norfli5,NA,NA,subspecies,NA,Colaptes auratus auratus,southeastern USA,Piciformes,Picidae (Woodpeckers),NA,NA,11670,TRUE
11792,norfli6,NA,NA,subspecies,NA,Colaptes auratus cafer,southern Alaska and British Columbia to northern California,Piciformes,Picidae (Woodpeckers),NA,NA,11672,TRUE
11799,gilfli,NA,NA,species,Gilded Flicker,Colaptes chrysoides,NA,Piciformes,Picidae (Woodpeckers),NA,NA,11679,TRUE
11818,colapt1,NA,NA,spuh,Colaptes sp.,Colaptes sp.,NA,Piciformes,Picidae (Woodpeckers),NA,NA,11698,FALSE
11819,woodpe1,NA,NA,spuh,woodpecker sp.,Picidae sp.,NA,Piciformes,Picidae (Woodpeckers),NA,NA,11699,TRUE
11823,falcon1,NA,NA,family,Falcons and Caracaras,Falconidae,NA,Falconiformes,Falconidae (Falcons and Caracaras),NA,NA,11703,FALSE
11824,laufal1,NA,NA,species,Laughing Falcon,Herpetotheres cachinnans,NA,Falconiformes,Falconidae (Falcons and Caracaras),NA,NA,11704,FALSE
11828,coffal1,NA,NA,species,Collared Forest-Falcon,Micrastur semitorquatus,NA,Falconiformes,Falconidae (Falcons and Caracaras),NA,NA,11708,FALSE
11832,baffal1,NA,NA,species,Barred Forest-Falcon,Micrastur ruficollis,NA,Falconiformes,Falconidae (Falcons and Caracaras),NA,NA,11712,FALSE
11845,spwfal2,NA,NA,species,Spot-winged Falconet,Spiziapteryx circumcincta,"Chaco of northern Argentina, western Paraguay, and eastern Bolivia",Falconiformes,Falconidae (Falcons and Caracaras),NA,NA,11725,FALSE
11847,y00678,NA,NA,species,Crested Caracara,Caracara plancus,NA,Falconiformes,Falconidae (Falcons and Caracaras),NA,NA,11727,TRUE
11851,yehcar1,NA,NA,species,Yellow-headed Caracara,Daptrius chimachima,NA,Falconiformes,Falconidae (Falcons and Caracaras),NA,NA,11731,FALSE
11854,blacar1,NA,NA,species,Black Caracara,Daptrius ater,the Guianas and southern Venezuela to northern Bolivia and Amazonian Brazil,Falconiformes,Falconidae (Falcons and Caracaras),NA,NA,11734,FALSE
11855,chicar1,NA,NA,species,Chimango Caracara,Daptrius chimango,NA,Falconiformes,Falconidae (Falcons and Caracaras),NA,NA,11735,FALSE
11862,strcar1,NA,NA,species,Striated Caracara,Daptrius australis,"Tierra del Fuego, Staten Island, Navarino Island, and Falkland Islands",Falconiformes,Falconidae (Falcons and Caracaras),NA,NA,11741,FALSE
11878,eurkes,NA,NA,species,Eurasian Kestrel,Falco tinnunculus,NA,Falconiformes,Falconidae (Falcons and Caracaras),NA,NA,11757,FALSE
11900,maukes1,NA,NA,species,Mauritius Kestrel,Falco punctatus,dense forest of southwestern Mauritius (western Indian Ocean),Falconiformes,Falconidae (Falcons and Caracaras),NA,NA,11778,FALSE
11906,auskes1,NA,NA,species,Nankeen Kestrel,Falco cenchroides,NA,Falconiformes,Falconidae (Falcons and Caracaras),NA,NA,11784,FALSE
11913,amekes,NA,NA,species,American Kestrel,Falco sparverius,NA,Falconiformes,Falconidae (Falcons and Caracaras),NA,NA,11791,TRUE
11937,renfal1,NA,NA,species,Red-necked Falcon,Falco chicquera,NA,Falconiformes,Falconidae (Falcons and Caracaras),NA,NA,11815,FALSE
11945,elefal1,NA,NA,species,Eleonora's Falcon,Falco eleonorae,Mediterranean islands and coasts; winters to Madagascar,Falconiformes,Falconidae (Falcons and Caracaras),NA,NA,11823,FALSE
11947,merlin,NA,NA,species,Merlin,Falco columbarius,NA,Falconiformes,Falconidae (Falcons and Caracaras),NA,NA,11825,TRUE
11956,pramer1,NA,NA,group (monotypic),Merlin (Prairie),Falco columbarius richardsonii,Great Plains of North America (central Alberta to Wyoming),Falconiformes,Falconidae (Falcons and Caracaras),NA,NA,11834,FALSE
11958,eurhob,NA,NA,species,Eurasian Hobby,Falco subbuteo,NA,Falconiformes,Falconidae (Falcons and Caracaras),NA,NA,11836,FALSE
11975,aplfal,NA,NA,species,Aplomado Falcon,Falco femoralis,NA,Falconiformes,Falconidae (Falcons and Caracaras),NA,NA,11853,TRUE
11979,batfal1,NA,NA,species,Bat Falcon,Falco rufigularis,NA,Falconiformes,Falconidae (Falcons and Caracaras),NA,NA,11857,FALSE
11984,lanfal1,NA,NA,species,Lanner Falcon,Falco biarmicus,NA,Falconiformes,Falconidae (Falcons and Caracaras),NA,NA,11862,FALSE
11991,sakfal1,NA,NA,species,Saker Falcon,Falco cherrug,NA,Falconiformes,Falconidae (Falcons and Caracaras),NA,NA,11869,FALSE
11996,gyrfal,NA,NA,species,Gyrfalcon,Falco rusticolus,mountains and tundra of northern Palearctic region and northern North America,Falconiformes,Falconidae (Falcons and Caracaras),NA,NA,11874,TRUE
11997,perfal,subspecies deleted,NA,species,Peregrine Falcon,Falco peregrinus,NA,Falconiformes,Falconidae (Falcons and Caracaras),NA,NA,11875,TRUE
12002,pepfal1,NA,NA,group (monotypic),Peregrine Falcon (Peale's),Falco peregrinus pealei,coastal western North America (Aleutian Islands to Washington),Falconiformes,Falconidae (Falcons and Caracaras),NA,NA,11880,FALSE
12019,prafal,NA,NA,species,Prairie Falcon,Falco mexicanus,arid North America (British Columbia to northern Mexico),Falconiformes,Falconidae (Falcons and Caracaras),NA,NA,11899,TRUE
12024,falcon,NA,NA,spuh,falcon sp.,Falco sp.,NA,Falconiformes,Falconidae (Falcons and Caracaras),NA,NA,11904,FALSE
12025,diurap1,NA,NA,spuh,diurnal raptor sp.,Accipitriformes/Falconiformes sp.,NA,NA,NA,NA,NA,11905,FALSE
12051,cockat,NA,NA,species,Cockatiel,Nymphicus hollandicus,irregularly abundant near water in interior of Australia,Psittaciformes,Cacatuidae (Cockatoos),NA,NA,11931,FALSE
12232,rorpar,NA,NA,species,Rose-ringed Parakeet,Psittacula krameri,NA,Psittaciformes,Psittaculidae (Old World Parrots),NA,NA,12111,TRUE
12238,maupar1,NA,NA,species,Echo Parakeet,Psittacula eques,NA,Psittaciformes,Psittaculidae (Old World Parrots),NA,NA,12117,FALSE
12243,plhpar1,NA,NA,species,Plum-headed Parakeet,Psittacula cyanocephala,Indian subcontinent and Sri Lanka,Psittaciformes,Psittaculidae (Old World Parrots),NA,NA,12122,FALSE
12270,psitta1,NA,NA,spuh,Psittacula sp.,Psittacula sp.,NA,Psittaciformes,Psittaculidae (Old World Parrots),NA,NA,12149,FALSE
12440,budger,NA,NA,species,Budgerigar,Melopsittacus undulatus,widespread and locally abundant in interior of Australia,Psittaciformes,Psittaculidae (Old World Parrots),NA,NA,12316,TRUE
12640,psitta3,NA,NA,family,New World and African Parrots,Psittacidae,NA,Psittaciformes,Psittacidae (New World and African Parrots),NA,NA,12516,FALSE
12701,monpar,NA,NA,species,Monk Parakeet,Myiopsitta monachus,NA,Psittaciformes,Psittacidae (New World and African Parrots),NA,NA,12576,TRUE
12710,plapar1,NA,NA,species,Plain Parakeet,Brotogeris tirica,eastern Brazil (Bahia and southern Goiás to Rio Grande do Sul),Psittaciformes,Psittacidae (New World and African Parrots),NA,NA,12585,FALSE
12711,whwpar,NA,NA,species,White-winged Parakeet,Brotogeris versicolurus,lowlands of southeastern Colombia to eastern Peru and Amazonian Brazil,Psittaciformes,Psittacidae (New World and African Parrots),NA,NA,12586,FALSE
12712,yecpar,NA,NA,species,Yellow-chevroned Parakeet,Brotogeris chiriri,NA,Psittaciformes,Psittacidae (New World and African Parrots),NA,NA,12587,TRUE
12717,gycpar1,NA,NA,species,Gray-cheeked Parakeet,Brotogeris pyrrhoptera,arid scrub of western Ecuador and far northwestern Peru,Psittaciformes,Psittacidae (New World and African Parrots),NA,NA,12592,FALSE
12787,recpar,name change - English,Change English name of all Amazona species from Parrot to Amazon,species,Red-crowned Amazon,Amazona viridigenalis,lowlands of northeastern Mexico (Nuevo León to northern Veracruz),Psittaciformes,Psittacidae (New World and African Parrots),NA,NA,12662,TRUE
12788,licpar,name change - English,Change English name of all Amazona species from Parrot to Amazon,species,Lilac-crowned Amazon,Amazona finschi,"western Mexico (southern Sonora, Chihuahua, and Durango to Oaxaca)",Psittaciformes,Psittacidae (New World and African Parrots),NA,NA,12663,FALSE
12791,relpar,name change - English,Change English name of all Amazona species from Parrot to Amazon,species,Red-lored Amazon,Amazona autumnalis,NA,Psittaciformes,Psittacidae (New World and African Parrots),NA,NA,12666,FALSE
12807,yehpar,name change - English,Change English name of all Amazona species from Parrot to Amazon,species,Yellow-headed Amazon,Amazona oratrix,NA,Psittaciformes,Psittacidae (New World and African Parrots),NA,NA,12682,FALSE
12839,purpar1,name change - English,Change English name of all Amazona species from Parrot to Amazon,species,Puerto Rican Amazon,Amazona vittata,NA,Psittaciformes,Psittacidae (New World and African Parrots),NA,NA,12714,FALSE
12859,amazon,NA,NA,spuh,amazon sp.,Amazona sp.,NA,Psittaciformes,Psittacidae (New World and African Parrots),NA,NA,12733,FALSE
12960,burpar,NA,NA,species,Burrowing Parakeet,Cyanoliseus patagonus,NA,Psittaciformes,Psittacidae (New World and African Parrots),NA,NA,12834,FALSE
12969,thbpar,NA,NA,species,Thick-billed Parrot,Rhynchopsitta pachyrhyncha,mountains of western Mexico (Sierra Madre Occidental),Psittaciformes,Psittacidae (New World and African Parrots),NA,NA,12843,FALSE
12971,oltpar1,NA,NA,species,Olive-throated Parakeet,Eupsittula nana,NA,Psittaciformes,Psittacidae (New World and African Parrots),NA,NA,12845,FALSE
12974,oltpar5,NA,NA,subspecies,NA,Eupsittula nana astec,Caribbean slope of southeastern Mexico to far western Panama,Psittaciformes,Psittacidae (New World and African Parrots),NA,NA,12848,FALSE
13004,bkhpar,NA,NA,species,Nanday Parakeet,Aratinga nenday,"Pantanal of southeastern Bolivia, southwestern Brazil, Paraguay, and northern Argentina",Psittaciformes,Psittacidae (New World and African Parrots),NA,NA,12878,TRUE
13021,milmac,NA,NA,species,Military Macaw,Ara militaris,NA,Psittaciformes,Psittacidae (New World and African Parrots),NA,NA,12895,FALSE
13054,grnpar,NA,NA,species,Green Parakeet,Psittacara holochlorus,NA,Psittaciformes,Psittacidae (New World and African Parrots),NA,NA,12928,TRUE
13060,pacpar1,NA,NA,species,Pacific Parakeet,Psittacara strenuus,Pacific slope from eastern Oaxaca to southern Nicaragua,Psittaciformes,Psittacidae (New World and African Parrots),NA,NA,12934,FALSE
13063,crfpar,NA,NA,species,Crimson-fronted Parakeet,Psittacara finschi,"humid lowlands of southeastern Nicaragua, Costa Rica, and western Panama",Psittaciformes,Psittacidae (New World and African Parrots),NA,NA,12937,FALSE
13090,aratin,NA,NA,spuh,large parakeet sp. (former Aratinga sp.),Eupsittula/Aratinga/Thectocercus/Psittacara sp.,NA,Psittaciformes,Psittacidae (New World and African Parrots),NA,NA,12964,FALSE
13307,thamno3,NA,NA,family,Typical Antbirds,Thamnophilidae,NA,Passeriformes,Thamnophilidae (Typical Antbirds),NA,NA,13180,FALSE
13339,greant1,NA,NA,species,Great Antshrike,Taraba major,NA,Passeriformes,Thamnophilidae (Typical Antbirds),NA,NA,13212,FALSE
13350,blcant4,NA,NA,species,Black-crested Antshrike,Sakesphorus canadensis,NA,Passeriformes,Thamnophilidae (Typical Antbirds),NA,NA,13223,FALSE
13366,barant1,NA,NA,species,Barred Antshrike,Thamnophilus doliatus,NA,Passeriformes,Thamnophilidae (Typical Antbirds),NA,NA,13237,FALSE
13380,rucant1,NA,NA,species,Rufous-capped Antshrike,Thamnophilus ruficapillus,NA,Passeriformes,Thamnophilidae (Typical Antbirds),NA,NA,13251,FALSE
13408,colant1,NA,NA,species,Collared Antshrike,Thamnophilus bernardi,NA,Passeriformes,Thamnophilidae (Typical Antbirds),NA,NA,13279,FALSE
13446,varant1,NA,NA,species,Variable Antshrike,Thamnophilus caerulescens,NA,Passeriformes,Thamnophilidae (Typical Antbirds),NA,NA,13317,FALSE
13555,spwant2,NA,NA,species,Spot-winged Antshrike,Pygiptila stellaris,NA,Passeriformes,Thamnophilidae (Typical Antbirds),NA,NA,13426,FALSE
13560,chtant1,NA,NA,species,Checker-throated Stipplethroat,Epinecrophylla fulviventris,Honduras to Colombia (lower Cauca Valley) and western Ecuador,Passeriformes,Thamnophilidae (Typical Antbirds),NA,NA,13431,FALSE
13643,gryant1,NA,NA,species,Gray Antwren,Myrmotherula menetriesii,NA,Passeriformes,Thamnophilidae (Typical Antbirds),NA,NA,13514,FALSE
13652,myrmot1,NA,NA,spuh,Myrmotherula sp.,Myrmotherula sp.,NA,Passeriformes,Thamnophilidae (Typical Antbirds),NA,NA,13523,FALSE
13685,dowant1,NA,NA,species,Dot-winged Antwren,Microrhopias quixensis,NA,Passeriformes,Thamnophilidae (Typical Antbirds),NA,NA,13556,FALSE
13939,bicant2,NA,NA,species,Bicolored Antbird,Gymnopithys bicolor,NA,Passeriformes,Thamnophilidae (Typical Antbirds),NA,NA,13810,FALSE
13966,spoant1,NA,NA,species,Spotted Antbird,Hylophylax naevioides,NA,Passeriformes,Thamnophilidae (Typical Antbirds),NA,NA,13837,FALSE
13997,oceant1,NA,NA,species,Ocellated Antbird,Phaenostictus mcleannani,NA,Passeriformes,Thamnophilidae (Typical Antbirds),NA,NA,13868,FALSE
14242,cregal1,NA,NA,species,Crested Gallito,Rhinocrypta lanceolata,NA,Passeriformes,Rhinocryptidae (Tapaculos),NA,NA,14111,FALSE
14720,stbwoo2,NA,NA,species,Straight-billed Woodcreeper,Dendroplex picus,NA,Passeriformes,Furnariidae (Ovenbirds and Woodcreepers),NA,NA,14589,FALSE
14767,sthwoo1,NA,NA,species,Streak-headed Woodcreeper,Lepidocolaptes souleyetii,NA,Passeriformes,Furnariidae (Ovenbirds and Woodcreepers),NA,NA,14636,FALSE
14814,woodcr1,NA,NA,spuh,woodcreeper sp.,Dendrocolaptinae sp.,NA,Passeriformes,Furnariidae (Ovenbirds and Woodcreepers),NA,NA,14683,FALSE
14831,plaxen4,split,"Polytypic Plain Xenops Xenops minutus is split into polytypic Middle American Xenops Xenops mexicanus (with subspecies mexicanus, ridgwayi, littoralis, neglectus, and olivaceus), polytypic Amazonian Xenops Xenops genibarbis (with subspecies remoratus, ruficaudus, obsoletus, genibarbis, and alagoanus), and monotypic White-throated Xenops Xenops minutus",species,Atlantic Plain-Xenops,Xenops minutus,eastern Brazil (north to southern Bahia) to eastern Paraguay and northeastern Argentina,Passeriformes,Furnariidae (Ovenbirds and Woodcreepers),NA,NA,14701,FALSE
14893,rufhor2,NA,NA,species,Rufous Hornero,Furnarius rufus,NA,Passeriformes,Furnariidae (Ovenbirds and Woodcreepers),NA,NA,14763,FALSE
14899,crehor1,NA,NA,species,Crested Hornero,Furnarius cristatus,Chaco of southeastern Bolivia to western Paraguay and northern Argentina,Passeriformes,Furnariidae (Ovenbirds and Woodcreepers),NA,NA,14769,FALSE
14900,horner1,NA,NA,spuh,hornero sp.,Furnarius sp.,NA,Passeriformes,Furnariidae (Ovenbirds and Woodcreepers),NA,NA,14770,FALSE
14908,wrlrus1,NA,NA,species,Wren-like Rushbird,Phleocryptes melanops,NA,Passeriformes,Furnariidae (Ovenbirds and Woodcreepers),NA,NA,14778,FALSE
14913,cubree1,NA,NA,species,Curve-billed Reedhaunter,Limnornis curvirostris,far southern Brazil to southern Uruguay and eastern Argentina,Passeriformes,Furnariidae (Ovenbirds and Woodcreepers),NA,NA,14783,FALSE
14941,olrcin1,NA,NA,species,Olrog's Cinclodes,Cinclodes olrogi,Andes of north-central Argentina (western Córdoba and northeastern San Luis),Passeriformes,Furnariidae (Ovenbirds and Woodcreepers),NA,NA,14811,FALSE
14958,whwcin1,NA,NA,species,White-winged Cinclodes,Cinclodes atacamensis,NA,Passeriformes,Furnariidae (Ovenbirds and Woodcreepers),NA,NA,14828,FALSE
15166,tutspi1,NA,NA,species,Tufted Tit-Spinetail,Leptasthenura platensis,"southern Paraguay; far southwestern Brazil, Uruguay, and Argentina",Passeriformes,Furnariidae (Ovenbirds and Woodcreepers),NA,NA,15036,FALSE
15167,pmtspi1,NA,NA,species,Plain-mantled Tit-Spinetail,Leptasthenura aegithaloides,NA,Passeriformes,Furnariidae (Ovenbirds and Woodcreepers),NA,NA,15037,FALSE
15194,ruftho1,NA,NA,species,Rufous-fronted Thornbird,Phacellodomus rufifrons,NA,Passeriformes,Furnariidae (Ovenbirds and Woodcreepers),NA,NA,15064,FALSE
15201,stftho1,NA,NA,species,Streak-fronted Thornbird,Phacellodomus striaticeps,NA,Passeriformes,Furnariidae (Ovenbirds and Woodcreepers),NA,NA,15071,FALSE
15204,littho1,NA,NA,species,Little Thornbird,Phacellodomus sibilatrix,"Chaco of western Paraguay to southern Bolivia, western Uruguay, and northern Argentina",Passeriformes,Furnariidae (Ovenbirds and Woodcreepers),NA,NA,15074,FALSE
15207,frbtho1,NA,NA,species,Freckle-breasted Thornbird,Phacellodomus striaticollis,southeastern Brazil (eastern Paraná) to Uruguay and northeastern Argentina,Passeriformes,Furnariidae (Ovenbirds and Woodcreepers),NA,NA,15077,FALSE
15208,gretho2,NA,NA,species,Greater Thornbird,Phacellodomus ruber,"northern Brazil to northern Bolivia, Paraguay, and northern Argentina",Passeriformes,Furnariidae (Ovenbirds and Woodcreepers),NA,NA,15078,FALSE
15210,orbtho1,NA,NA,species,Orange-breasted Thornbird,Phacellodomus ferrugineigula,coastal southeastern Brazil (São Paulo to southern Rio Grande do Sul),Passeriformes,Furnariidae (Ovenbirds and Woodcreepers),NA,NA,15080,FALSE
15218,firgat1,NA,NA,species,Firewood-gatherer,Anumbius annumbi,"savanna of Paraguay to southern Brazil, Uruguay, and central Argentina",Passeriformes,Furnariidae (Ovenbirds and Woodcreepers),NA,NA,15088,FALSE
15219,lalbru1,NA,NA,species,Lark-like Brushrunner,Coryphistera alaudina,NA,Passeriformes,Furnariidae (Ovenbirds and Woodcreepers),NA,NA,15089,FALSE
15222,crbcan1,NA,NA,species,Creamy-breasted Canastero,Asthenes dorbignyi,NA,Passeriformes,Furnariidae (Ovenbirds and Woodcreepers),NA,NA,15092,FALSE
15230,shbcan1,NA,NA,species,Short-billed Canastero,Asthenes baeri,NA,Passeriformes,Furnariidae (Ovenbirds and Woodcreepers),NA,NA,15100,FALSE
15233,cipcan1,NA,NA,species,Cipo Canastero,Asthenes luizae,east-central Brazil (Serra do Espinhaço in Minas Gerais),Passeriformes,Furnariidae (Ovenbirds and Woodcreepers),NA,NA,15103,FALSE
15234,hudcan1,NA,NA,species,Hudson's Canastero,Asthenes hudsoni,far southern Brazil to Uruguay and eastern Argentina (south to Río Negro),Passeriformes,Furnariidae (Ovenbirds and Woodcreepers),NA,NA,15104,FALSE
15247,stbcan9,NA,NA,species,Streak-backed Canastero,Asthenes wyatti,NA,Passeriformes,Furnariidae (Ovenbirds and Woodcreepers),NA,NA,15117,FALSE
15273,shbcan2,NA,NA,species,Sharp-billed Canastero,Asthenes pyrrholeuca,NA,Passeriformes,Furnariidae (Ovenbirds and Woodcreepers),NA,NA,15143,FALSE
15321,stbree2,NA,NA,species,Straight-billed Reedhaunter,Limnoctites rectirostris,far southern Brazil to southern Uruguay and eastern Argentina,Passeriformes,Furnariidae (Ovenbirds and Woodcreepers),NA,NA,15189,FALSE
15323,sutspi1,NA,NA,species,Sulphur-bearded Reedhaunter,Limnoctites sulphuriferus,southern Brazil (Rio Grande do Sul) to Uruguay and eastern Argentina,Passeriformes,Furnariidae (Ovenbirds and Woodcreepers),NA,NA,15191,FALSE
15331,rubspi4,NA,NA,species,Rusty-backed Spinetail,Cranioleuca vulpina,NA,Passeriformes,Furnariidae (Ovenbirds and Woodcreepers),NA,NA,15199,FALSE
15341,stcspi2,NA,NA,species,Stripe-crowned Spinetail,Cranioleuca pyrrhophia,NA,Passeriformes,Furnariidae (Ovenbirds and Woodcreepers),NA,NA,15209,FALSE
15346,olispi1,NA,NA,species,Olive Spinetail,Cranioleuca obsoleta,eastern Paraguay to southeastern Brazil (São Paulo) and northeastern Argentina,Passeriformes,Furnariidae (Ovenbirds and Woodcreepers),NA,NA,15214,FALSE
15379,patcan2,NA,NA,species,Patagonian Canastero,Pseudasthenes patagonica,southern Argentina (Mendoza southward to northern Santa Cruz),Passeriformes,Furnariidae (Ovenbirds and Woodcreepers),NA,NA,15247,FALSE
15385,caacac1,NA,NA,species,Caatinga Cacholote,Pseudoseisura cristata,"arid northeastern Brazil (Pernambuco, Piauí, Bahia, and Minas Gerais)",Passeriformes,Furnariidae (Ovenbirds and Woodcreepers),NA,NA,15253,FALSE
15386,rufcac2,NA,NA,species,Rufous Cacholote,Pseudoseisura unirufa,"eastern Bolivia, Chaco of northern Paraguay, and southwestern Brazil (Mato Grosso)",Passeriformes,Furnariidae (Ovenbirds and Woodcreepers),NA,NA,15254,FALSE
15387,brncac1,subspecies revised,NA,species,Brown Cacholote,Pseudoseisura lophotes,NA,Passeriformes,Furnariidae (Ovenbirds and Woodcreepers),NA,NA,15255,FALSE
15388,whtcac2,subspecies revised,NA,species,White-throated Cacholote,Pseudoseisura gutturalis,NA,Passeriformes,Furnariidae (Ovenbirds and Woodcreepers),NA,NA,15256,FALSE
15389,yecspi2,NA,NA,species,Yellow-chinned Spinetail,Certhiaxis cinnamomeus,NA,Passeriformes,Furnariidae (Ovenbirds and Woodcreepers),NA,NA,15257,FALSE
15447,spispi1,NA,NA,species,Spix's Spinetail,Synallaxis spixi,"southeastern Brazil to eastern Paraguay, Uruguay, and northeastern Argentina",Passeriformes,Furnariidae (Ovenbirds and Woodcreepers),NA,NA,15315,FALSE
15452,pabspi1,NA,NA,species,Pale-breasted Spinetail,Synallaxis albescens,NA,Passeriformes,Furnariidae (Ovenbirds and Woodcreepers),NA,NA,15320,FALSE
15522,furnar1,NA,NA,spuh,furnariid sp.,Furnariidae sp.,NA,Passeriformes,Furnariidae (Ovenbirds and Woodcreepers),NA,NA,15389,FALSE
15683,coting1,NA,NA,family,Cotingas,Cotingidae,NA,Passeriformes,Cotingidae (Cotingas),NA,NA,15548,FALSE
15721,whtpla1,NA,NA,species,White-tipped Plantcutter,Phytotoma rutila,NA,Passeriformes,Cotingidae (Cotingas),NA,NA,15586,FALSE
15795,blttit1,NA,NA,species,Black-tailed Tityra,Tityra cayana,NA,Passeriformes,Tityridae (Tityras and Allies),NA,NA,15660,FALSE
15806,mastit1,NA,NA,species,Masked Tityra,Tityra semifasciata,NA,Passeriformes,Tityridae (Tityras and Allies),NA,NA,15671,FALSE
15857,whnxen1,NA,NA,species,White-naped Xenopsaris,Xenopsaris albinucha,NA,Passeriformes,Tityridae (Tityras and Allies),NA,NA,15722,FALSE
15885,whwbec1,NA,NA,species,White-winged Becard,Pachyramphus polychopterus,NA,Passeriformes,Tityridae (Tityras and Allies),NA,NA,15750,FALSE
15910,rotbec,NA,NA,species,Rose-throated Becard,Pachyramphus aglaiae,NA,Passeriformes,Tityridae (Tityras and Allies),NA,NA,15776,TRUE
15947,rutfly2,NA,NA,species,Ruddy-tailed Flycatcher,Terenotriccus erythrurus,NA,Passeriformes,Onychorhynchidae (Royal Flycatchers and Allies),NA,NA,15812,FALSE
16365,clifly1,NA,NA,species,Cliff Flycatcher,Hirundinea ferruginea,NA,Passeriformes,Tyrannidae (Tyrant Flycatchers),NA,NA,16223,FALSE
16385,yebtyr1,NA,NA,species,Yellow-bellied Tyrannulet,Ornithion semiflavum,humid lowlands of southern Mexico (Oaxaca) to northeastern Costa Rica,Passeriformes,Tyrannidae (Tyrant Flycatchers),NA,NA,16243,FALSE
16386,brctyr,NA,NA,species,Brown-capped Tyrannulet,Ornithion brunneicapillus,"Costa Rica to western Colombia, northwestern Ecuador, and northwestern Venezuela",Passeriformes,Tyrannidae (Tyrant Flycatchers),NA,NA,16244,FALSE
16388,nobtyr,NA,NA,species,Northern Beardless-Tyrannulet,Camptostoma imberbe,"southeastern Arizona to southern Texas, western Mexico, and northern Costa Rica; Cozumel",Passeriformes,Tyrannidae (Tyrant Flycatchers),NA,NA,16246,TRUE
16389,sobtyr1,NA,NA,species,Southern Beardless-Tyrannulet,Camptostoma obsoletum,NA,Passeriformes,Tyrannidae (Tyrant Flycatchers),NA,NA,16247,FALSE
16391,soubet3,NA,NA,subspecies,NA,Camptostoma obsoletum flaviventre,Pacific coast of southwestern Costa Rica and Panama,Passeriformes,Tyrannidae (Tyrant Flycatchers),NA,NA,16249,FALSE
16405,suifly1,NA,NA,species,Suiriri Flycatcher,Suiriri suiriri,NA,Passeriformes,Tyrannidae (Tyrant Flycatchers),NA,NA,16263,FALSE
16481,wardor1,NA,NA,species,Warbling Doradito,Pseudocolopteryx flaviventris,"far southern Brazil to eastern Bolivia, Uruguay, and eastern Argentina",Passeriformes,Tyrannidae (Tyrant Flycatchers),NA,NA,16339,FALSE
16486,forela1,NA,NA,species,Forest Elaenia,Myiopagis gaimardii,NA,Passeriformes,Tyrannidae (Tyrant Flycatchers),NA,NA,16344,FALSE
16530,yebela1,NA,NA,species,Yellow-bellied Elaenia,Elaenia flavogaster,NA,Passeriformes,Tyrannidae (Tyrant Flycatchers),NA,NA,16388,FALSE
16535,smbela1,NA,NA,species,Small-billed Elaenia,Elaenia parvirostris,southern Brazil to Bolivia and central Argentina; winters north to Colombia,Passeriformes,Tyrannidae (Tyrant Flycatchers),NA,NA,16393,FALSE
16544,whcela1,NA,NA,species,White-crested Elaenia,Elaenia albiceps,NA,Passeriformes,Tyrannidae (Tyrant Flycatchers),NA,NA,16402,FALSE
16565,carela1,NA,NA,species,Caribbean Elaenia,Elaenia martinica,NA,Passeriformes,Tyrannidae (Tyrant Flycatchers),NA,NA,16423,FALSE
16579,tortyr1,NA,NA,species,Torrent Tyrannulet,Serpophaga cinerea,NA,Passeriformes,Tyrannidae (Tyrant Flycatchers),NA,NA,16437,FALSE
16586,sootyr1,NA,NA,species,Sooty Tyrannulet,Serpophaga nigricans,"southeastern Bolivia to central Argentina, eastern Paraguay, Uruguay, and southern Brazil",Passeriformes,Tyrannidae (Tyrant Flycatchers),NA,NA,16444,FALSE
16587,y01036,NA,NA,species,White-crested Tyrannulet,Serpophaga subcristata,NA,Passeriformes,Tyrannidae (Tyrant Flycatchers),NA,NA,16445,FALSE
16692,brcfly1,NA,NA,species,Bran-colored Flycatcher,Myiophobus fasciatus,NA,Passeriformes,Tyrannidae (Tyrant Flycatchers),NA,NA,16550,FALSE
16716,tuffly,NA,NA,species,Tufted Flycatcher,Mitrephanes phaeocercus,NA,Passeriformes,Tyrannidae (Tyrant Flycatchers),NA,NA,16574,FALSE
16723,olsfly,NA,NA,species,Olive-sided Flycatcher,Contopus cooperi,breeds temperate North America; winters southward to Bolivia,Passeriformes,Tyrannidae (Tyrant Flycatchers),NA,NA,16581,TRUE
16725,grepew,NA,NA,species,Greater Pewee,Contopus pertinax,NA,Passeriformes,Tyrannidae (Tyrant Flycatchers),NA,NA,16583,TRUE
16742,tropew3,NA,NA,species,Southern Tropical Pewee,Contopus cinereus,NA,Passeriformes,Tyrannidae (Tyrant Flycatchers),NA,NA,16600,FALSE
16745,wewpew,NA,NA,species,Western Wood-Pewee,Contopus sordidulus,NA,Passeriformes,Tyrannidae (Tyrant Flycatchers),NA,NA,16603,TRUE
16750,tropew4,NA,NA,species,Northern Tropical Pewee,Contopus bogotensis,NA,Passeriformes,Tyrannidae (Tyrant Flycatchers),NA,NA,16608,FALSE
16757,eawpew,NA,NA,species,Eastern Wood-Pewee,Contopus virens,breeds eastern North America; winters to northern Bolivia and western Brazil,Passeriformes,Tyrannidae (Tyrant Flycatchers),NA,NA,16615,TRUE
16772,pewee1,NA,NA,spuh,pewee sp. (Contopus sp.),Contopus sp.,NA,Passeriformes,Tyrannidae (Tyrant Flycatchers),NA,NA,16630,FALSE
16782,yebfly,NA,NA,species,Yellow-bellied Flycatcher,Empidonax flaviventris,breeds eastern Canada and USA; winters Mexico to Panama,Passeriformes,Tyrannidae (Tyrant Flycatchers),NA,NA,16640,TRUE
16783,acafly,NA,NA,species,Acadian Flycatcher,Empidonax virescens,breeds eastern USA; winters Nicaragua to Ecuador and Venezuela,Passeriformes,Tyrannidae (Tyrant Flycatchers),NA,NA,16641,TRUE
16784,aldfly,NA,NA,species,Alder Flycatcher,Empidonax alnorum,breeds Alaska to northeastern USA; winters Colombia to Bolivia,Passeriformes,Tyrannidae (Tyrant Flycatchers),NA,NA,16642,TRUE
16785,wilfly,NA,NA,species,Willow Flycatcher,Empidonax traillii,NA,Passeriformes,Tyrannidae (Tyrant Flycatchers),NA,NA,16643,TRUE
16790,wilfly3,NA,NA,group (monotypic),Willow Flycatcher (Southwestern),Empidonax traillii extimus,breeds southern California eastward to New Mexico and (?) formerly western Texas,Passeriformes,Tyrannidae (Tyrant Flycatchers),NA,NA,16648,FALSE
16796,leafly,NA,NA,species,Least Flycatcher,Empidonax minimus,breeds Canada and USA; winters northern Mexico to Panama,Passeriformes,Tyrannidae (Tyrant Flycatchers),NA,NA,16654,TRUE
16797,hamfly,NA,NA,species,Hammond's Flycatcher,Empidonax hammondii,breeds western North America; winters to Nicaragua,Passeriformes,Tyrannidae (Tyrant Flycatchers),NA,NA,16655,TRUE
16798,gryfly,NA,NA,species,Gray Flycatcher,Empidonax wrightii,breeds western North America; winters to southern Mexico,Passeriformes,Tyrannidae (Tyrant Flycatchers),NA,NA,16656,TRUE
16799,dusfly,NA,NA,species,Dusky Flycatcher,Empidonax oberholseri,breeds western North America; winters to southern Mexico,Passeriformes,Tyrannidae (Tyrant Flycatchers),NA,NA,16657,TRUE
16802,pinfly1,NA,NA,species,Pine Flycatcher,Empidonax affinis,NA,Passeriformes,Tyrannidae (Tyrant Flycatchers),NA,NA,16660,FALSE
16808,wesfly,NA,NA,species,Western Flycatcher,Empidonax difficilis,NA,Passeriformes,Tyrannidae (Tyrant Flycatchers),NA,NA,16666,TRUE
16810,pasfly1,NA,NA,subspecies,NA,Empidonax difficilis difficilis,western North America (southeastern Alaska to northern Baja California); winters to southern Mexico,Passeriformes,Tyrannidae (Tyrant Flycatchers),NA,NA,16668,TRUE
16813,corfly,NA,NA,group (polytypic),Western Flycatcher (Cordilleran),Empidonax difficilis occidentalis/hellmayri,NA,Passeriformes,Tyrannidae (Tyrant Flycatchers),NA,NA,16671,FALSE
16815,corfly2,NA,NA,subspecies,NA,Empidonax difficilis occidentalis,highlands of Mexico,Passeriformes,Tyrannidae (Tyrant Flycatchers),NA,NA,16673,TRUE
16822,bubfly,NA,NA,species,Buff-breasted Flycatcher,Empidonax fulvifrons,NA,Passeriformes,Tyrannidae (Tyrant Flycatchers),NA,NA,16679,TRUE
16830,empido,NA,NA,spuh,Empidonax sp.,Empidonax sp.,NA,Passeriformes,Tyrannidae (Tyrant Flycatchers),NA,NA,16687,TRUE
16831,blkpho,NA,NA,species,Black Phoebe,Sayornis nigricans,NA,Passeriformes,Tyrannidae (Tyrant Flycatchers),NA,NA,16688,TRUE
16840,easpho,NA,NA,species,Eastern Phoebe,Sayornis phoebe,breeds eastern Canada and USA; winters to southeastern Mexico,Passeriformes,Tyrannidae (Tyrant Flycatchers),NA,NA,16697,TRUE
16843,saypho,NA,NA,species,Say's Phoebe,Sayornis saya,NA,Passeriformes,Tyrannidae (Tyrant Flycatchers),NA,NA,16699,TRUE
16847,phoebe1,NA,NA,spuh,phoebe sp.,Sayornis sp.,NA,Passeriformes,Tyrannidae (Tyrant Flycatchers),NA,NA,16703,FALSE
16862,verfly,NA,NA,species,Vermilion Flycatcher,Pyrocephalus rubinus,NA,Passeriformes,Tyrannidae (Tyrant Flycatchers),NA,NA,16718,TRUE
16896,vebtyr1,NA,NA,species,Velvety Black-Tyrant,Knipolegus nigerrimus,eastern Brazil (northeastern Bahia and Alagoas to northeastern Rio Grande do Sul),Passeriformes,Tyrannidae (Tyrant Flycatchers),NA,NA,16752,FALSE
16898,andtyr2,NA,NA,species,Plumbeous Black-Tyrant,Knipolegus cabanisi,Andes of southeastern Peru (Cusco) to western Bolivia and northern Argentina,Passeriformes,Tyrannidae (Tyrant Flycatchers),NA,NA,16754,FALSE
16900,bbbtyr1,NA,NA,species,Blue-billed Black-Tyrant,Knipolegus cyanirostris,"southeastern Brazil to Uruguay, eastern Paraguay, and northeastern Argentina",Passeriformes,Tyrannidae (Tyrant Flycatchers),NA,NA,16756,FALSE
16910,spetyr1,NA,NA,species,Spectacled Tyrant,Hymenops perspicillatus,NA,Passeriformes,Tyrannidae (Tyrant Flycatchers),NA,NA,16766,FALSE
16914,yebtyr2,NA,NA,species,Yellow-browed Tyrant,Satrapa icterophrys,"far southeastern Peru to northern Argentina, eastern and southern Brazil; Venezuela",Passeriformes,Tyrannidae (Tyrant Flycatchers),NA,NA,16770,FALSE
16929,rngtyr1,NA,NA,species,Rufous-naped Ground-Tyrant,Muscisaxicola rufivertex,NA,Passeriformes,Tyrannidae (Tyrant Flycatchers),NA,NA,16785,FALSE
16950,fiediu1,NA,NA,species,Fire-eyed Diucon,Pyrope pyrope,NA,Passeriformes,Tyrannidae (Tyrant Flycatchers),NA,NA,16806,FALSE
16954,whimon1,NA,NA,species,White Monjita,Xolmis irupero,NA,Passeriformes,Tyrannidae (Tyrant Flycatchers),NA,NA,16810,FALSE
16957,grymon1,NA,NA,species,Gray Monjita,Nengetus cinereus,NA,Passeriformes,Tyrannidae (Tyrant Flycatchers),NA,NA,16813,FALSE
16976,gybsht1,NA,NA,species,Gray-bellied Shrike-Tyrant,Agriornis micropterus,NA,Passeriformes,Tyrannidae (Tyrant Flycatchers),NA,NA,16832,FALSE
16992,whmtyr1,NA,NA,species,White-headed Marsh Tyrant,Arundinicola leucocephala,"Colombia to Trinidad, the Guianas, southern Brazil, and northern Argentina",Passeriformes,Tyrannidae (Tyrant Flycatchers),NA,NA,16848,FALSE
16993,piwtyr1,NA,NA,species,Pied Water-Tyrant,Fluvicola pica,"eastern Panama to Venezuela, Trinidad, the Guianas, and far northern Brazil",Passeriformes,Tyrannidae (Tyrant Flycatchers),NA,NA,16849,FALSE
16994,bbwtyr1,NA,NA,species,Black-backed Water-Tyrant,Fluvicola albiventer,"Amazonian and eastern Brazil to eastern Bolivia, Paraguay, and northern Argentina",Passeriformes,Tyrannidae (Tyrant Flycatchers),NA,NA,16850,FALSE
16995,mawtyr1,NA,NA,species,Masked Water-Tyrant,Fluvicola nengeta,NA,Passeriformes,Tyrannidae (Tyrant Flycatchers),NA,NA,16851,FALSE
17000,bawmon3,NA,NA,species,Black-and-white Monjita,Heteroxolmis dominicana,"southeastern Brazil (Paraná) to Paraguay, Uruguay, and northeastern Argentina",Passeriformes,Tyrannidae (Tyrant Flycatchers),NA,NA,16856,FALSE
17001,cottyr1,NA,NA,species,Cock-tailed Tyrant,Alectrurus tricolor,"locally in eastern Bolivia, northeastern Argentina, northeastern Paraguay, and southern Brazil",Passeriformes,Tyrannidae (Tyrant Flycatchers),NA,NA,16857,FALSE
17059,stftyr1,NA,NA,species,Short-tailed Field Tyrant,Muscigralla brevicauda,arid southwestern Ecuador to far northern Chile; Gorgona Island (Colombia),Passeriformes,Tyrannidae (Tyrant Flycatchers),NA,NA,16915,FALSE
17112,yucfly1,NA,NA,species,Yucatan Flycatcher,Myiarchus yucatanensis,NA,Passeriformes,Tyrannidae (Tyrant Flycatchers),NA,NA,16968,FALSE
17117,ducfly,NA,NA,species,Dusky-capped Flycatcher,Myiarchus tuberculifer,NA,Passeriformes,Tyrannidae (Tyrant Flycatchers),NA,NA,16973,TRUE
17134,swafly1,NA,NA,species,Swainson's Flycatcher,Myiarchus swainsoni,NA,Passeriformes,Tyrannidae (Tyrant Flycatchers),NA,NA,16990,FALSE
17145,shcfly1,NA,NA,species,Short-crested Flycatcher,Myiarchus ferox,NA,Passeriformes,Tyrannidae (Tyrant Flycatchers),NA,NA,17001,FALSE
17156,astfly,NA,NA,species,Ash-throated Flycatcher,Myiarchus cinerascens,NA,Passeriformes,Tyrannidae (Tyrant Flycatchers),NA,NA,17012,TRUE
17165,grcfly,NA,NA,species,Great Crested Flycatcher,Myiarchus crinitus,breeds southeastern Canada to Gulf States; winters to northwestern South America,Passeriformes,Tyrannidae (Tyrant Flycatchers),NA,NA,17021,TRUE
17166,bncfly,NA,NA,species,Brown-crested Flycatcher,Myiarchus tyrannulus,NA,Passeriformes,Tyrannidae (Tyrant Flycatchers),NA,NA,17022,TRUE
17185,purfly1,NA,NA,species,Puerto Rican Flycatcher,Myiarchus antillarum,"Puerto Rico including Isla de Culebra and Isla de Vieques (both just east of Puerto Rico), and Virgin Islands",Passeriformes,Tyrannidae (Tyrant Flycatchers),NA,NA,17041,FALSE
17186,leafly1,NA,NA,species,Lesser Antillean Flycatcher,Myiarchus oberi,NA,Passeriformes,Tyrannidae (Tyrant Flycatchers),NA,NA,17042,FALSE
17192,cattyr,NA,NA,species,Cattle Tyrant,Machetornis rixosa,NA,Passeriformes,Tyrannidae (Tyrant Flycatchers),NA,NA,17048,FALSE
17196,leskis1,NA,NA,species,Lesser Kiskadee,Philohydor lictor,NA,Passeriformes,Tyrannidae (Tyrant Flycatchers),NA,NA,17052,FALSE
17199,grekis,NA,NA,species,Great Kiskadee,Pitangus sulphuratus,NA,Passeriformes,Tyrannidae (Tyrant Flycatchers),NA,NA,17055,TRUE
17210,bobfly1,NA,NA,species,Boat-billed Flycatcher,Megarynchus pitangua,NA,Passeriformes,Tyrannidae (Tyrant Flycatchers),NA,NA,17066,FALSE
17223,socfly1,NA,NA,species,Social Flycatcher,Myiozetetes similis,NA,Passeriformes,Tyrannidae (Tyrant Flycatchers),NA,NA,17079,FALSE
17234,grcfly1,NA,NA,species,Gray-capped Flycatcher,Myiozetetes granadensis,NA,Passeriformes,Tyrannidae (Tyrant Flycatchers),NA,NA,17090,FALSE
17242,whbfly1,NA,NA,species,White-bearded Flycatcher,Phelpsia inornata,llanos of Venezuela,Passeriformes,Tyrannidae (Tyrant Flycatchers),NA,NA,17098,FALSE
17259,baifly1,NA,NA,species,Baird's Flycatcher,Myiodynastes bairdii,arid southwestern Ecuador to northwestern Peru (Lima),Passeriformes,Tyrannidae (Tyrant Flycatchers),NA,NA,17115,FALSE
17260,strfly1,NA,NA,species,Streaked Flycatcher,Myiodynastes maculatus,NA,Passeriformes,Tyrannidae (Tyrant Flycatchers),NA,NA,17116,FALSE
17269,subfly,NA,NA,species,Sulphur-bellied Flycatcher,Myiodynastes luteiventris,southeastern Arizona to Costa Rica; winters eastern Ecuador to northern Bolivia,Passeriformes,Tyrannidae (Tyrant Flycatchers),NA,NA,17125,TRUE
17271,pirfly1,NA,NA,species,Piratic Flycatcher,Legatus leucophaius,NA,Passeriformes,Tyrannidae (Tyrant Flycatchers),NA,NA,17127,FALSE
17274,varfly,NA,NA,species,Variegated Flycatcher,Empidonomus varius,NA,Passeriformes,Tyrannidae (Tyrant Flycatchers),NA,NA,17130,FALSE
17277,croslf1,NA,NA,species,Crowned Slaty Flycatcher,Empidonomus aurantioatrocristatus,NA,Passeriformes,Tyrannidae (Tyrant Flycatchers),NA,NA,17133,FALSE
17281,sntkin1,NA,NA,species,Snowy-throated Kingbird,Tyrannus niveigularis,far southwestern Colombia to western Ecuador and northwestern Peru (southward to Ancash),Passeriformes,Tyrannidae (Tyrant Flycatchers),NA,NA,17137,FALSE
17282,whtkin1,NA,NA,species,White-throated Kingbird,Tyrannus albogularis,southern Venezuela and the Guianas to northern Bolivia and Amazonian Brazil,Passeriformes,Tyrannidae (Tyrant Flycatchers),NA,NA,17138,FALSE
17283,trokin,new subspecies,NA,species,Tropical Kingbird,Tyrannus melancholicus,NA,Passeriformes,Tyrannidae (Tyrant Flycatchers),NA,NA,17139,TRUE
17285,trokin1,new group; range,"Add new monotypic group Tropical Kingbird (Middle American) Tyrannus melancholicus satrapa. Add new subspecies Tropical Kingbird (West Mexican) Tyrannus melancholicus occidentalis and modify range of satrapa accordingly; range changed from ""southern Arizona to northern Colombia, northern Venezuela, and Trinidad and Tobago"" to ""central Tamaulipas to northern Colombia, northern Venezuela, and Trinidad and Tobago""",group (monotypic),Tropical Kingbird (Middle American),Tyrannus melancholicus satrapa,"central Tamaulipas to northern Colombia, northern Venezuela, and Trinidad and Tobago",Passeriformes,Tyrannidae (Tyrant Flycatchers),NA,NA,17140,FALSE
17290,coukin,NA,NA,species,Couch's Kingbird,Tyrannus couchii,far southern Texas to northern Guatemala and Belize,Passeriformes,Tyrannidae (Tyrant Flycatchers),NA,NA,17144,TRUE
17292,caskin,NA,NA,species,Cassin's Kingbird,Tyrannus vociferans,NA,Passeriformes,Tyrannidae (Tyrant Flycatchers),NA,NA,17146,TRUE
17295,thbkin,NA,NA,species,Thick-billed Kingbird,Tyrannus crassirostris,NA,Passeriformes,Tyrannidae (Tyrant Flycatchers),NA,NA,17149,TRUE
17298,weskin,NA,NA,species,Western Kingbird,Tyrannus verticalis,breeds western North America; winters southern Mexico to Costa Rica and (?) Panama,Passeriformes,Tyrannidae (Tyrant Flycatchers),NA,NA,17152,TRUE
17302,easkin,NA,NA,species,Eastern Kingbird,Tyrannus tyrannus,eastern North America; winters mainly western Amazon basin,Passeriformes,Tyrannidae (Tyrant Flycatchers),NA,NA,17156,TRUE
17304,grykin,NA,NA,species,Gray Kingbird,Tyrannus dominicensis,NA,Passeriformes,Tyrannidae (Tyrant Flycatchers),NA,NA,17158,TRUE
17318,sctfly,NA,NA,species,Scissor-tailed Flycatcher,Tyrannus forficatus,breeds south-central USA; winters to western Panama,Passeriformes,Tyrannidae (Tyrant Flycatchers),NA,NA,17172,TRUE
17322,fotfly,NA,NA,species,Fork-tailed Flycatcher,Tyrannus savana,NA,Passeriformes,Tyrannidae (Tyrant Flycatchers),NA,NA,17176,TRUE
17328,tyrann1,NA,NA,spuh,Tyrannus sp.,Tyrannus sp.,NA,Passeriformes,Tyrannidae (Tyrant Flycatchers),NA,NA,17182,FALSE
17329,flycat1,NA,NA,spuh,new world flycatcher sp.,Tyrannidae sp.,NA,Passeriformes,Tyrannidae (Tyrant Flycatchers),NA,NA,17183,FALSE
18816,vireon1,NA,NA,family,"Vireos, Shrike-Babblers, and Erpornis",Vireonidae,NA,Passeriformes,"Vireonidae (Vireos, Shrike-Babblers, and Erpornis)",NA,NA,18667,FALSE
18853,rubpep1,NA,NA,species,Rufous-browed Peppershrike,Cyclarhis gujanensis,NA,Passeriformes,"Vireonidae (Vireos, Shrike-Babblers, and Erpornis)",NA,NA,18704,FALSE
18884,rucgre1,NA,NA,species,Rufous-crowned Greenlet,Hylophilus poicilotis,"northern Bolivia to eastern Paraguay, northeastern Argentina, and southern Brazil",Passeriformes,"Vireonidae (Vireos, Shrike-Babblers, and Erpornis)",NA,NA,18734,FALSE
18907,cssvir1,NA,NA,species,Chestnut-sided Shrike-Vireo,Vireolanius melitophrys,NA,Passeriformes,"Vireonidae (Vireos, Shrike-Babblers, and Erpornis)",NA,NA,18757,FALSE
18924,tacgre1,NA,NA,species,Tawny-crowned Greenlet,Tunchiornis ochraceiceps,NA,Passeriformes,"Vireonidae (Vireos, Shrike-Babblers, and Erpornis)",NA,NA,18774,FALSE
18937,lesgre1,NA,NA,species,Lesser Greenlet,Pachysylvia decurtata,NA,Passeriformes,"Vireonidae (Vireos, Shrike-Babblers, and Erpornis)",NA,NA,18787,FALSE
18952,gofgre1,NA,NA,species,Golden-fronted Greenlet,Pachysylvia aurantiifrons,NA,Passeriformes,"Vireonidae (Vireos, Shrike-Babblers, and Erpornis)",NA,NA,18802,FALSE
18957,greenl1,NA,NA,spuh,greenlet sp.,Hylophilus/Tunchiornis/Pachysylvia sp.,NA,Passeriformes,"Vireonidae (Vireos, Shrike-Babblers, and Erpornis)",NA,NA,18807,FALSE
18963,slavir1,NA,NA,species,Slaty Vireo,Vireo brevipennis,oak-pine highlands of south-central Mexico,Passeriformes,"Vireonidae (Vireos, Shrike-Babblers, and Erpornis)",NA,NA,18813,FALSE
18964,bkcvir1,NA,NA,species,Black-capped Vireo,Vireo atricapilla,breeds Kansas to northern Mexico (Coahuila); winters to Guerrero,Passeriformes,"Vireonidae (Vireos, Shrike-Babblers, and Erpornis)",NA,NA,18814,TRUE
18966,whevir,NA,NA,species,White-eyed Vireo,Vireo griseus,NA,Passeriformes,"Vireonidae (Vireos, Shrike-Babblers, and Erpornis)",NA,NA,18816,TRUE
18975,thbvir,NA,NA,species,Thick-billed Vireo,Vireo crassirostris,NA,Passeriformes,"Vireonidae (Vireos, Shrike-Babblers, and Erpornis)",NA,NA,18825,FALSE
18994,jamvir1,NA,NA,species,Jamaican Vireo,Vireo modestus,lowlands and mountains of Jamaica,Passeriformes,"Vireonidae (Vireos, Shrike-Babblers, and Erpornis)",NA,NA,18840,FALSE
18995,cubvir1,NA,NA,species,Cuban Vireo,Vireo gundlachii,woodland of Cuba including Isla de la Juventud (Isle of Pines; south of western Cuba) and adjacent islands,Passeriformes,"Vireonidae (Vireos, Shrike-Babblers, and Erpornis)",NA,NA,18841,FALSE
18996,purvir1,NA,NA,species,Puerto Rican Vireo,Vireo latimeri,confined mainly to limestone hills of western and central Puerto Rico,Passeriformes,"Vireonidae (Vireos, Shrike-Babblers, and Erpornis)",NA,NA,18842,FALSE
18997,flbvir1,NA,NA,species,Flat-billed Vireo,Vireo nanus,semiarid lowland scrub of Hispaniola including Gonâve Island,Passeriformes,"Vireonidae (Vireos, Shrike-Babblers, and Erpornis)",NA,NA,18843,FALSE
18998,belvir,NA,NA,species,Bell's Vireo,Vireo bellii,NA,Passeriformes,"Vireonidae (Vireos, Shrike-Babblers, and Erpornis)",NA,NA,18844,TRUE
19003,belvir3,NA,NA,group (monotypic),Bell's Vireo (Least),Vireo bellii pusillus,arid southern California; winters to southern Baja California,Passeriformes,"Vireonidae (Vireos, Shrike-Babblers, and Erpornis)",NA,NA,18849,FALSE
19004,gryvir,NA,NA,species,Gray Vireo,Vireo vicinior,southwestern USA to northern Baja California; winters to northern Mexico (Sonora),Passeriformes,"Vireonidae (Vireos, Shrike-Babblers, and Erpornis)",NA,NA,18850,TRUE
19005,hutvir,NA,NA,species,Hutton's Vireo,Vireo huttoni,NA,Passeriformes,"Vireonidae (Vireos, Shrike-Babblers, and Erpornis)",NA,NA,18851,TRUE
19021,yetvir,NA,NA,species,Yellow-throated Vireo,Vireo flavifrons,eastern Canada to Gulf States; winters to Venezuela and West Indies,Passeriformes,"Vireonidae (Vireos, Shrike-Babblers, and Erpornis)",NA,NA,18867,TRUE
19024,casvir,NA,NA,species,Cassin's Vireo,Vireo cassinii,NA,Passeriformes,"Vireonidae (Vireos, Shrike-Babblers, and Erpornis)",NA,NA,18870,TRUE
19027,buhvir,NA,NA,species,Blue-headed Vireo,Vireo solitarius,NA,Passeriformes,"Vireonidae (Vireos, Shrike-Babblers, and Erpornis)",NA,NA,18873,TRUE
19028,buhvir1,NA,NA,subspecies,NA,Vireo solitarius solitarius,northeastern British Columbia to eastern USA; winters to Cuba and Costa Rica,Passeriformes,"Vireonidae (Vireos, Shrike-Babblers, and Erpornis)",NA,NA,18874,FALSE
19029,buhvir2,NA,NA,subspecies,NA,Vireo solitarius alticola,southern Appalachian Mountains to southeastern USA; winters to southern Florida,Passeriformes,"Vireonidae (Vireos, Shrike-Babblers, and Erpornis)",NA,NA,18875,FALSE
19032,plsvir,NA,NA,species,Plumbeous Vireo,Vireo plumbeus,NA,Passeriformes,"Vireonidae (Vireos, Shrike-Babblers, and Erpornis)",NA,NA,18878,TRUE
19034,pluvir3,NA,NA,subspecies,NA,Vireo plumbeus plumbeus,"breeds from interior western USA (northward to southern Idaho, Wyoming, southeastern Montana, and southwestern South Dakota), southward to southern Mexico (to Guerrero and central Oaxaca); northern populations migratory, wintering in southwestern USA (southern Arizona) and western Mexico (southern Sonora southward to southwestern Veracruz and Oaxaca), but resident in southern Mexico (Michoacán, and possibly Jalisco, to Oaxaca)",Passeriformes,"Vireonidae (Vireos, Shrike-Babblers, and Erpornis)",NA,NA,18880,FALSE
19044,phivir,NA,NA,species,Philadelphia Vireo,Vireo philadelphicus,breeds eastern North America; winters to northern Colombia,Passeriformes,"Vireonidae (Vireos, Shrike-Babblers, and Erpornis)",NA,NA,18889,TRUE
19045,warvir,NA,NA,species,Warbling Vireo,Vireo gilvus,NA,Passeriformes,"Vireonidae (Vireos, Shrike-Babblers, and Erpornis)",NA,NA,18890,TRUE
19067,reevir1,NA,NA,species,Red-eyed Vireo,Vireo olivaceus,Canada and west-central and eastern USA; winters to Cuba and central South America,Passeriformes,"Vireonidae (Vireos, Shrike-Babblers, and Erpornis)",NA,NA,18910,TRUE
19071,chivir1,NA,NA,species,Chivi Vireo,Vireo chivi,NA,Passeriformes,"Vireonidae (Vireos, Shrike-Babblers, and Erpornis)",NA,NA,18914,FALSE
19085,yegvir,subspecies revised,NA,species,Yellow-green Vireo,Vireo flavoviridis,NA,Passeriformes,"Vireonidae (Vireos, Shrike-Babblers, and Erpornis)",NA,NA,18928,TRUE
19092,bkwvir,NA,NA,species,Black-whiskered Vireo,Vireo altiloquus,NA,Passeriformes,"Vireonidae (Vireos, Shrike-Babblers, and Erpornis)",NA,NA,18933,TRUE
19100,yucvir,NA,NA,species,Yucatan Vireo,Vireo magister,NA,Passeriformes,"Vireonidae (Vireos, Shrike-Babblers, and Erpornis)",NA,NA,18941,FALSE
19104,vireo1,NA,NA,spuh,vireo sp.,Vireo sp.,NA,Passeriformes,"Vireonidae (Vireos, Shrike-Babblers, and Erpornis)",NA,NA,18945,FALSE
19356,orioli1,NA,NA,family,Old World Orioles,Oriolidae,NA,Passeriformes,Oriolidae (Old World Orioles),NA,NA,19198,FALSE
20212,bladro1,NA,NA,species,Black Drongo,Dicrurus macrocercus,NA,Passeriformes,Dicruridae (Drongos),NA,NA,20051,FALSE
20811,buhshr1,NA,NA,species,Bull-headed Shrike,Lanius bucephalus,NA,Passeriformes,Laniidae (Shrikes),NA,NA,20635,FALSE
20860,logshr,NA,NA,species,Loggerhead Shrike,Lanius ludovicianus,NA,Passeriformes,Laniidae (Shrikes),NA,NA,20684,TRUE
20872,norshr4,NA,NA,species,Northern Shrike,Lanius borealis,NA,Passeriformes,Laniidae (Shrikes),NA,NA,20696,TRUE
20881,norshr1,NA,NA,species,Great Gray Shrike,Lanius excubitor,NA,Passeriformes,Laniidae (Shrikes),NA,NA,20705,FALSE
20899,legshr2,NA,NA,species,Lesser Gray Shrike,Lanius minor,Iberian Peninsula to Siberia and central Asia; winters to southern Africa,Passeriformes,Laniidae (Shrikes),NA,NA,20723,FALSE
20929,wooshr1,NA,NA,species,Woodchat Shrike,Lanius senator,NA,Passeriformes,Laniidae (Shrikes),NA,NA,20762,FALSE
20934,shrike,name change - sciname; concept change (minor),"with two shrikes moving to different genera, and Eurocephalus already there, this preserves ""shrike sp."" as intended.",spuh,shrike sp.,Laniidae sp.,NA,Passeriformes,Laniidae (Shrikes),NA,NA,20767,FALSE
20942,sibjay1,subspecies revised,NA,species,Siberian Jay,Perisoreus infaustus,NA,Passeriformes,"Corvidae (Crows, Jays, and Magpies)",NA,NA,20776,FALSE
20953,gryjay,NA,NA,species,Canada Jay,Perisoreus canadensis,NA,Passeriformes,"Corvidae (Crows, Jays, and Magpies)",NA,NA,20787,TRUE
20988,wtmjay1,name change - sciname,"Move monotypic Black-throated Magpie-Jay Calocitta colliei and polytypic White-throated Magpie-Jay Calocitta formosa into Cyanocorax, as monotypic Black-throated Magpie-Jay Cyanocorax colliei and polytypic White-throated Magpie-Jay Cyanocorax formosus (with subspecies formosus, azureus, and pompatus)",species,White-throated Magpie-Jay,Cyanocorax formosus,NA,Passeriformes,"Corvidae (Crows, Jays, and Magpies)",NA,NA,20822,FALSE
20994,brnjay,name change - sciname,"Move polytypic Brown Jay Psilorhinus morio into Cyanocorax, as polytypic Brown Jay Cyanocorax morio",species,Brown Jay,Cyanocorax morio,NA,Passeriformes,"Corvidae (Crows, Jays, and Magpies)",NA,NA,20828,FALSE
21004,cucjay1,NA,NA,species,Curl-crested Jay,Cyanocorax cristatellus,south-central Brazil to eastern Bolivia and far northeastern Paraguay,Passeriformes,"Corvidae (Crows, Jays, and Magpies)",NA,NA,20866,FALSE
21005,grnjay,NA,NA,species,Green Jay,Cyanocorax yncas,NA,Passeriformes,"Corvidae (Crows, Jays, and Magpies)",NA,NA,20837,TRUE
21045,pinjay,NA,NA,species,Pinyon Jay,Gymnorhinus cyanocephalus,pinyon-juniper woodland of southern Oregon to southwestern USA and northern Baja California,Passeriformes,"Corvidae (Crows, Jays, and Magpies)",NA,NA,20878,TRUE
21046,stejay,NA,NA,species,Steller's Jay,Cyanocitta stelleri,NA,Passeriformes,"Corvidae (Crows, Jays, and Magpies)",NA,NA,20879,TRUE
21066,blujay,NA,NA,species,Blue Jay,Cyanocitta cristata,NA,Passeriformes,"Corvidae (Crows, Jays, and Magpies)",NA,NA,20899,TRUE
21073,flsjay,NA,NA,species,Florida Scrub-Jay,Aphelocoma coerulescens,locally in central peninsular and Atlantic coastal Florida,Passeriformes,"Corvidae (Crows, Jays, and Magpies)",NA,NA,20906,TRUE
21074,issjay,NA,NA,species,Island Scrub-Jay,Aphelocoma insularis,Santa Cruz Island (Channel Islands off southern California),Passeriformes,"Corvidae (Crows, Jays, and Magpies)",NA,NA,20907,TRUE
21075,cowscj1,subspecies revised,NA,species,California Scrub-Jay,Aphelocoma californica,NA,Passeriformes,"Corvidae (Crows, Jays, and Magpies)",NA,NA,20908,TRUE
21079,calscj4,subspecies deleted; range,"Synonymize immanis, caurina, and oocleptica with Aphelocoma californica californica and modify range of californica accordingly; range changed from ""coastal ranges of central California (southern San Mateo to southwestern Ventura County)"" to ""Puget Sound, western Washington south through coastal ranges of central California (southern San Mateo to southwestern Ventura County)""",subspecies,NA,Aphelocoma californica californica,"Puget Sound, western Washington south through coastal ranges of central California (southern San Mateo to southwestern Ventura County)",Passeriformes,"Corvidae (Crows, Jays, and Magpies)",NA,NA,20912,FALSE
21081,calscj6,NA,NA,subspecies,NA,Aphelocoma californica obscura,southwestern California and northern Baja California (south to Todos Santos Bay),Passeriformes,"Corvidae (Crows, Jays, and Magpies)",NA,NA,20914,FALSE
21085,wooscj2,NA,NA,species,Woodhouse's Scrub-Jay,Aphelocoma woodhouseii,NA,Passeriformes,"Corvidae (Crows, Jays, and Magpies)",NA,NA,20918,TRUE
21096,wesjay,NA,NA,slash,California/Woodhouse's Scrub-Jay,Aphelocoma californica/woodhouseii,NA,Passeriformes,"Corvidae (Crows, Jays, and Magpies)",NA,NA,20929,TRUE
21097,mexjay4,NA,NA,species,Mexican Jay,Aphelocoma wollweberi,NA,Passeriformes,"Corvidae (Crows, Jays, and Magpies)",NA,NA,20930,TRUE
21099,mexjay6,NA,NA,subspecies,NA,Aphelocoma wollweberi arizonae,mountains of Arizona and New Mexico to northern Sonora and northwestern Chihuahua,Passeriformes,"Corvidae (Crows, Jays, and Magpies)",NA,NA,20932,FALSE
21104,mexjay3,NA,NA,species,Transvolcanic Jay,Aphelocoma ultramarina,NA,Passeriformes,"Corvidae (Crows, Jays, and Magpies)",NA,NA,20937,FALSE
21114,scrjay,NA,NA,spuh,Aphelocoma sp.,Aphelocoma sp.,NA,Passeriformes,"Corvidae (Crows, Jays, and Magpies)",NA,NA,20947,FALSE
21115,eurjay1,NA,NA,species,Eurasian Jay,Garrulus glandarius,NA,Passeriformes,"Corvidae (Crows, Jays, and Magpies)",NA,NA,20948,FALSE
21243,eurmag1,NA,NA,species,Eurasian Magpie,Pica pica,NA,Passeriformes,"Corvidae (Crows, Jays, and Magpies)",NA,NA,21076,FALSE
21252,bkbmag1,NA,NA,species,Black-billed Magpie,Pica hudsonia,Alaska and Yukon to western Canada and western USA,Passeriformes,"Corvidae (Crows, Jays, and Magpies)",NA,NA,21085,TRUE
21253,yebmag,NA,NA,species,Yellow-billed Magpie,Pica nuttalli,"interior, coastal valleys, and foothills of central California",Passeriformes,"Corvidae (Crows, Jays, and Magpies)",NA,NA,21086,TRUE
21254,pica1,NA,NA,spuh,Pica sp.,Pica sp.,NA,Passeriformes,"Corvidae (Crows, Jays, and Magpies)",NA,NA,21087,FALSE
21260,clanut,NA,NA,species,Clark's Nutcracker,Nucifraga columbiana,Rocky Mountains (southwestern Canada to northern Baja California); casual to northwestern Mexico,Passeriformes,"Corvidae (Crows, Jays, and Magpies)",NA,NA,21093,TRUE
21290,eurjac,name change - sciname,"Move Corvus monedula to Coloeus, as Coloeus monedula",species,Eurasian Jackdaw,Coloeus monedula,NA,Passeriformes,"Corvidae (Crows, Jays, and Magpies)",NA,NA,21123,FALSE
21297,houcro1,NA,NA,species,House Crow,Corvus splendens,NA,Passeriformes,"Corvidae (Crows, Jays, and Magpies)",NA,NA,21130,FALSE
21330,rook1,NA,NA,species,Rook,Corvus frugilegus,NA,Passeriformes,"Corvidae (Crows, Jays, and Magpies)",NA,NA,21165,FALSE
21333,amecro,NA,NA,species,American Crow,Corvus brachyrhynchos,NA,Passeriformes,"Corvidae (Crows, Jays, and Magpies)",NA,NA,21168,TRUE
21344,tamcro,NA,NA,species,Tamaulipas Crow,Corvus imparatus,southern Texas (lower Río Grande Valley) to southeastern Mexico (northern Veracruz),Passeriformes,"Corvidae (Crows, Jays, and Magpies)",NA,NA,21179,TRUE
21345,sincro1,NA,NA,species,Sinaloa Crow,Corvus sinaloae,coastal lowlands of western Mexico (southern Sonora to western Nayarit),Passeriformes,"Corvidae (Crows, Jays, and Magpies)",NA,NA,21180,FALSE
21346,fiscro,NA,NA,species,Fish Crow,Corvus ossifragus,eastern USA (New England to eastern Texas),Passeriformes,"Corvidae (Crows, Jays, and Magpies)",NA,NA,21181,TRUE
21350,chirav,NA,NA,species,Chihuahuan Raven,Corvus cryptoleucus,arid southwestern USA to central Mexico,Passeriformes,"Corvidae (Crows, Jays, and Magpies)",NA,NA,21185,TRUE
21351,carcro1,NA,NA,species,Carrion Crow,Corvus corone,NA,Passeriformes,"Corvidae (Crows, Jays, and Magpies)",NA,NA,21186,FALSE
21354,hoocro1,NA,NA,species,Hooded Crow,Corvus cornix,NA,Passeriformes,"Corvidae (Crows, Jays, and Magpies)",NA,NA,21189,FALSE
21356,hoocro4,NA,NA,subspecies,NA,Corvus cornix cornix,"northern Europe to Yenisey Valley, Ukraine, Corsica, and southern Italy",Passeriformes,"Corvidae (Crows, Jays, and Magpies)",NA,NA,21191,FALSE
21362,labcro1,split,"Polytypic Large-billed Crow Corvus macrorhynchos is split into monotypic Philippine Jungle Crow Corvus philippinus and polytypic Corvus macrorhynchos (with subspecies japonensis, connectens, osai, mandshuricus, colonorum, hainanus, mengtszensis, tibetosinensis, intermedius, macrorhynchos, culminatus, and levaillantii)",species,Large-billed Crow,Corvus macrorhynchos,NA,Passeriformes,"Corvidae (Crows, Jays, and Magpies)",NA,NA,21197,FALSE
21384,ausrav1,NA,NA,species,Australian Raven,Corvus coronoides,NA,Passeriformes,"Corvidae (Crows, Jays, and Magpies)",NA,NA,21219,FALSE
21396,crow,NA,NA,spuh,crow sp.,Corvus sp. (crow sp.),NA,Passeriformes,"Corvidae (Crows, Jays, and Magpies)",NA,NA,21231,FALSE
21400,comrav,NA,NA,species,Common Raven,Corvus corax,NA,Passeriformes,"Corvidae (Crows, Jays, and Magpies)",NA,NA,21235,TRUE
21402,comrav4,NA,NA,subspecies,NA,Corvus corax sinuatus,"west-central USA to southern Baja California, Revillagigedo Islands, and northwestern Nicaragua",Passeriformes,"Corvidae (Crows, Jays, and Magpies)",NA,NA,21237,FALSE
21410,y00639,concept change,NA,spuh,crow/raven sp.,Corvus sp.,NA,Passeriformes,"Corvidae (Crows, Jays, and Magpies)",NA,NA,21245,FALSE
21411,corvid2,NA,NA,spuh,corvid sp.,Corvidae sp.,NA,Passeriformes,"Corvidae (Crows, Jays, and Magpies)",NA,NA,21246,FALSE
21726,coatit2,NA,NA,species,Coal Tit,Periparus ater,NA,Passeriformes,"Paridae (Tits, Chickadees, and Titmice)",NA,NA,21562,FALSE
21772,cretit2,NA,NA,species,Crested Tit,Lophophanes cristatus,NA,Passeriformes,"Paridae (Tits, Chickadees, and Titmice)",NA,NA,21607,FALSE
21817,wiltit1,NA,NA,species,Willow Tit,Poecile montanus,NA,Passeriformes,"Paridae (Tits, Chickadees, and Titmice)",NA,NA,21652,FALSE
21836,carchi,NA,NA,species,Carolina Chickadee,Poecile carolinensis,NA,Passeriformes,"Paridae (Tits, Chickadees, and Titmice)",NA,NA,21671,TRUE
21841,bkcchi,NA,NA,species,Black-capped Chickadee,Poecile atricapillus,NA,Passeriformes,"Paridae (Tits, Chickadees, and Titmice)",NA,NA,21676,TRUE
21853,mouchi,NA,NA,species,Mountain Chickadee,Poecile gambeli,NA,Passeriformes,"Paridae (Tits, Chickadees, and Titmice)",NA,NA,21688,TRUE
21864,mexchi,NA,NA,species,Mexican Chickadee,Poecile sclateri,NA,Passeriformes,"Paridae (Tits, Chickadees, and Titmice)",NA,NA,21699,TRUE
21870,chbchi,NA,NA,species,Chestnut-backed Chickadee,Poecile rufescens,NA,Passeriformes,"Paridae (Tits, Chickadees, and Titmice)",NA,NA,21705,TRUE
21875,borchi2,NA,NA,species,Boreal Chickadee,Poecile hudsonicus,NA,Passeriformes,"Paridae (Tits, Chickadees, and Titmice)",NA,NA,21710,TRUE
21883,gyhchi,NA,NA,species,Gray-headed Chickadee,Poecile cinctus,NA,Passeriformes,"Paridae (Tits, Chickadees, and Titmice)",NA,NA,21718,TRUE
21889,chicka1,NA,NA,spuh,chickadee sp.,Poecile sp.,NA,Passeriformes,"Paridae (Tits, Chickadees, and Titmice)",NA,NA,21724,TRUE
21890,blutit,NA,NA,species,Eurasian Blue Tit,Cyanistes caeruleus,NA,Passeriformes,"Paridae (Tits, Chickadees, and Titmice)",NA,NA,21725,FALSE
21921,britit,NA,NA,species,Bridled Titmouse,Baeolophus wollweberi,NA,Passeriformes,"Paridae (Tits, Chickadees, and Titmice)",NA,NA,21756,TRUE
21926,oaktit,NA,NA,species,Oak Titmouse,Baeolophus inornatus,NA,Passeriformes,"Paridae (Tits, Chickadees, and Titmice)",NA,NA,21761,TRUE
21931,juntit1,NA,NA,species,Juniper Titmouse,Baeolophus ridgwayi,NA,Passeriformes,"Paridae (Tits, Chickadees, and Titmice)",NA,NA,21766,TRUE
21936,tuftit,NA,NA,species,Tufted Titmouse,Baeolophus bicolor,"south-central Canada (Ontario) to eastern, central, and southeastern USA",Passeriformes,"Paridae (Tits, Chickadees, and Titmice)",NA,NA,21771,TRUE
21939,blctit4,NA,NA,species,Black-crested Titmouse,Baeolophus atricristatus,NA,Passeriformes,"Paridae (Tits, Chickadees, and Titmice)",NA,NA,21774,TRUE
21951,gretit1,NA,NA,species,Great Tit,Parus major,NA,Passeriformes,"Paridae (Tits, Chickadees, and Titmice)",NA,NA,21786,FALSE
21994,parus1,NA,NA,spuh,Parus sp.,Parus sp.,NA,Passeriformes,"Paridae (Tits, Chickadees, and Titmice)",NA,NA,21828,FALSE
22043,parid1,NA,NA,spuh,parid sp.,Paridae sp.,NA,Passeriformes,"Paridae (Tits, Chickadees, and Titmice)",NA,NA,21874,FALSE
22045,verdin,NA,NA,species,Verdin,Auriparus flaviceps,NA,Passeriformes,Remizidae (Penduline-Tits),NA,NA,21876,TRUE
22389,skylar,NA,NA,species,Eurasian Skylark,Alauda arvensis,NA,Passeriformes,Alaudidae (Larks),NA,NA,22332,TRUE
22484,horlar,NA,NA,species,Horned Lark,Eremophila alpestris,NA,Passeriformes,Alaudidae (Larks),NA,NA,22182,TRUE
22610,lark1,NA,NA,spuh,lark sp.,Alaudidae sp.,NA,Passeriformes,Alaudidae (Larks),NA,NA,22427,FALSE
23051,tafpri1,NA,NA,species,Tawny-flanked Prinia,Prinia subflava,NA,Passeriformes,Cisticolidae (Cisticolas and Allies),NA,NA,22868,FALSE
23272,pipcis2,NA,NA,species,Piping Cisticola,Cisticola fulvicapilla,NA,Passeriformes,Cisticolidae (Cisticolas and Allies),NA,NA,23087,FALSE
23423,ictwar1,NA,NA,species,Icterine Warbler,Hippolais icterina,central Europe to western Siberia and northern Iran; winters to southern Africa,Passeriformes,Acrocephalidae (Reed Warblers and Allies),NA,NA,23238,FALSE
23447,marwar3,NA,NA,species,Marsh Warbler,Acrocephalus palustris,Europe to central Russia; winters to coastal southeastern Africa (KwaZulu-Natal),Passeriformes,Acrocephalidae (Reed Warblers and Allies),NA,NA,23262,FALSE
23727,bkcdon,NA,NA,species,Black-capped Donacobius,Donacobius atricapilla,NA,Passeriformes,Donacobiidae (Donacobius),NA,NA,23542,FALSE
23821,banswa,NA,NA,species,Bank Swallow,Riparia riparia,NA,Passeriformes,Hirundinidae (Swallows),NA,NA,23636,TRUE
23834,treswa,NA,NA,species,Tree Swallow,Tachycineta bicolor,breeds Alaska to southern USA; winters to northern South America,Passeriformes,Hirundinidae (Swallows),NA,NA,23649,TRUE
23837,whrswa1,NA,NA,species,White-rumped Swallow,Tachycineta leucorrhoa,"Bolivia to Paraguay, southeastern Brazil, and northern Argentina; winters to southern Peru",Passeriformes,Hirundinidae (Swallows),NA,NA,23652,FALSE
23840,manswa1,NA,NA,species,Mangrove Swallow,Tachycineta albilinea,lowlands of northern Mexico to Panama,Passeriformes,Hirundinidae (Swallows),NA,NA,23655,FALSE
23841,golswa1,NA,NA,species,Golden Swallow,Tachycineta euchrysea,NA,Passeriformes,Hirundinidae (Swallows),NA,NA,23656,FALSE
23844,vigswa,NA,NA,species,Violet-green Swallow,Tachycineta thalassina,NA,Passeriformes,Hirundinidae (Swallows),NA,NA,23659,TRUE
23849,bahswa,NA,NA,species,Bahama Swallow,Tachycineta cyaneoviridis,pine forest of northern Bahamas; winters in Bahamas and eastern Cuba,Passeriformes,Hirundinidae (Swallows),NA,NA,23664,FALSE
23850,tachyc1,NA,NA,spuh,Tachycineta sp.,Tachycineta sp.,NA,Passeriformes,Hirundinidae (Swallows),NA,NA,23665,FALSE
23851,purmar,NA,NA,species,Purple Martin,Progne subis,NA,Passeriformes,Hirundinidae (Swallows),NA,NA,23666,TRUE
23856,cubmar,NA,NA,species,Cuban Martin,Progne cryptoleuca,Cuba including Isla de la Juventud (Isle of Pines; south of western Cuba),Passeriformes,Hirundinidae (Swallows),NA,NA,23671,FALSE
23858,carmar1,NA,NA,species,Caribbean Martin,Progne dominicensis,West Indies (except Cuba and Isla de la Juventud (Isle of Pines; south of western Cuba); Tobago,Passeriformes,Hirundinidae (Swallows),NA,NA,23673,FALSE
23863,gybmar,NA,NA,species,Gray-breasted Martin,Progne chalybea,NA,Passeriformes,Hirundinidae (Swallows),NA,NA,23678,FALSE
23867,soumar,NA,NA,species,Southern Martin,Progne elegans,Bolivia to Uruguay and Argentina; winters to north to Colombia,Passeriformes,Hirundinidae (Swallows),NA,NA,23682,FALSE
23872,brcmar1,NA,NA,species,Brown-chested Martin,Progne tapera,NA,Passeriformes,Hirundinidae (Swallows),NA,NA,23687,FALSE
23876,nrwswa,NA,NA,species,Northern Rough-winged Swallow,Stelgidopteryx serripennis,NA,Passeriformes,Hirundinidae (Swallows),NA,NA,23691,TRUE
23886,srwswa1,NA,NA,species,Southern Rough-winged Swallow,Stelgidopteryx ruficollis,NA,Passeriformes,Hirundinidae (Swallows),NA,NA,23701,FALSE
23939,hirund3,NA,NA,spuh,Hirundo sp.,Hirundo sp.,NA,Passeriformes,Hirundinidae (Swallows),NA,NA,23752,FALSE
23957,barswa,NA,NA,species,Barn Swallow,Hirundo rustica,NA,Passeriformes,Hirundinidae (Swallows),NA,NA,23772,TRUE
23965,barswa5,NA,NA,group (monotypic),Barn Swallow (American),Hirundo rustica erythrogaster,"breeds from southeastern Alaska and Canada southward to southern Mexico; winters from Mexico southward to southern South America (Tierra del Fuego); recently (ca. 1980) also colonized northeastern Argentina, where breeding range continues to expand",Passeriformes,Hirundinidae (Swallows),NA,NA,23780,FALSE
23984,comhom1,NA,NA,species,Western House-Martin,Delichon urbicum,NA,Passeriformes,Hirundinidae (Swallows),NA,NA,23798,FALSE
23988,comhom2,NA,NA,species,Siberian House-Martin,Delichon lagopodum,Siberia to Mongolia and Manchuria; winters to southern China and Thailand,Passeriformes,Hirundinidae (Swallows),NA,NA,23802,FALSE
24009,y00621,split,"Polytypic Red-rumped Swallow Cecropis daurica is split into monotypic European Red-rumped Swallow Cecropis rufula, polytypic African Red-rumped Swallow Cecropis melanocrissus (with subspecies domicella, kumboensis, melanocrissus, and emini), and polytypic Eastern Red-rumped Swallow Cecropis daurica (with subspecies nipalensis, erythropygia, daurica, japonica, mayri, stanfordi, vernayi, and striolata, the latter four subspecies formerly in Striated Swallow Cecropis striolata, now lumped into Cecropis daurica)",species,Eastern Red-rumped Swallow,Cecropis daurica,NA,Passeriformes,Hirundinidae (Swallows),NA,NA,23832,FALSE
24051,cliswa,NA,NA,species,Cliff Swallow,Petrochelidon pyrrhonota,NA,Passeriformes,Hirundinidae (Swallows),NA,NA,23861,TRUE
24059,cavswa,NA,NA,species,Cave Swallow,Petrochelidon fulva,NA,Passeriformes,Hirundinidae (Swallows),NA,NA,23869,TRUE
24075,swallo,NA,NA,spuh,swallow sp.,Hirundinidae sp.,NA,Passeriformes,Hirundinidae (Swallows),NA,NA,23885,FALSE
24560,woowar,NA,NA,species,Wood Warbler,Phylloscopus sibilatrix,breeds Europe and Russia; winters in tropical Africa,Passeriformes,Phylloscopidae (Leaf Warblers),NA,NA,24372,FALSE
24610,wlwwar,NA,NA,species,Willow Warbler,Phylloscopus trochilus,NA,Passeriformes,Phylloscopidae (Leaf Warblers),NA,NA,24422,FALSE
24707,arcwar1,NA,NA,species,Arctic Warbler,Phylloscopus borealis,"breeds from northern Scandinavia eastward to Siberia (excluding the Kamchatka Peninsula) and western Alaska, southward to south-central Siberia, northern Mongolia, and northeastern China (northeastern Nei Mongol and Heilongjiang); winters from southeast Asia (Myanmar eastward to Vietnam), southeastern China (Fujian, northern Guangdong), and Taiwan southward to Philippines and Wallacea",Passeriformes,Phylloscopidae (Leaf Warblers),NA,NA,24519,TRUE
24810,phyllo1,NA,NA,spuh,Phylloscopus sp.,Phylloscopus sp.,NA,Passeriformes,Phylloscopidae (Leaf Warblers),NA,NA,24622,FALSE
24975,lottit1,NA,NA,species,Long-tailed Tit,Aegithalos caudatus,NA,Passeriformes,Aegithalidae (Long-tailed Tits),NA,NA,24786,FALSE
25018,bushti,NA,NA,species,Bushtit,Psaltriparus minimus,NA,Passeriformes,Aegithalidae (Long-tailed Tits),NA,NA,24829,TRUE
25032,blackc1,NA,NA,species,Eurasian Blackcap,Sylvia atricapilla,NA,Passeriformes,Sylviidae (Sylviid Warblers and Allies),NA,NA,24843,FALSE
25038,garwar1,NA,NA,species,Garden Warbler,Sylvia borin,NA,Passeriformes,Sylviidae (Sylviid Warblers and Allies),NA,NA,24849,FALSE
25127,grewhi1,NA,NA,species,Greater Whitethroat,Curruca communis,NA,Passeriformes,Sylviidae (Sylviid Warblers and Allies),NA,NA,24937,FALSE
25142,sylvia1,NA,NA,spuh,Sylvia/Curruca sp.,Sylvia/Curruca sp.,NA,Passeriformes,Sylviidae (Sylviid Warblers and Allies),NA,NA,24952,FALSE
25194,wrenti,NA,NA,species,Wrentit,Chamaea fasciata,NA,Passeriformes,Paradoxornithidae (Parrotbills),NA,NA,25004,TRUE
25379,swiwhe1,NA,NA,species,Swinhoe's White-eye,Zosterops simplex,NA,Passeriformes,"Zosteropidae (White-eyes, Yuhinas, and Allies)",NA,NA,25189,TRUE
25390,warwhe1,NA,NA,species,Warbling White-eye,Zosterops japonicus,NA,Passeriformes,"Zosteropidae (White-eyes, Yuhinas, and Allies)",NA,NA,25200,FALSE
25407,indwhe1,NA,NA,species,Indian White-eye,Zosterops palpebrosus,NA,Passeriformes,"Zosteropidae (White-eyes, Yuhinas, and Allies)",NA,NA,25217,FALSE
26594,reguli1,NA,NA,family,Kinglets,Regulidae,NA,Passeriformes,Regulidae (Kinglets),NA,NA,26390,FALSE
26595,ruckin,NA,NA,species,Ruby-crowned Kinglet,Corthylio calendula,NA,Passeriformes,Regulidae (Kinglets),NA,NA,26391,TRUE
26599,gockin,NA,NA,species,Golden-crowned Kinglet,Regulus satrapa,NA,Passeriformes,Regulidae (Kinglets),NA,NA,26395,TRUE
26607,goldcr1,range added,NA,species,Goldcrest,Regulus regulus,NA,Passeriformes,Regulidae (Kinglets),NA,NA,26403,FALSE
26626,firecr1,range added,NA,species,Common Firecrest,Regulus ignicapilla,NA,Passeriformes,Regulidae (Kinglets),NA,NA,26422,FALSE
26640,whbnut,NA,NA,species,White-breasted Nuthatch,Sitta carolinensis,NA,Passeriformes,Sittidae (Nuthatches),NA,NA,26436,TRUE
26675,pygnut,NA,NA,species,Pygmy Nuthatch,Sitta pygmaea,NA,Passeriformes,Sittidae (Nuthatches),NA,NA,26471,TRUE
26683,bnhnut,NA,NA,species,Brown-headed Nuthatch,Sitta pusilla,pine forest of southeastern USA,Passeriformes,Sittidae (Nuthatches),NA,NA,26479,TRUE
26688,rebnut,NA,NA,species,Red-breasted Nuthatch,Sitta canadensis,coniferous forest of North America,Passeriformes,Sittidae (Nuthatches),NA,NA,26484,TRUE
26717,eurnut2,NA,NA,species,Eurasian Nuthatch,Sitta europaea,NA,Passeriformes,Sittidae (Nuthatches),NA,NA,26513,FALSE
26750,nuthat1,NA,NA,spuh,nuthatch sp.,Sitta sp.,NA,Passeriformes,Sittidae (Nuthatches),NA,NA,26546,FALSE
26761,eurtre1,NA,NA,species,Eurasian Treecreeper,Certhia familiaris,NA,Passeriformes,Certhiidae (Treecreepers),NA,NA,26548,FALSE
26777,brncre,NA,NA,species,Brown Creeper,Certhia americana,NA,Passeriformes,Certhiidae (Treecreepers),NA,NA,26564,TRUE
26795,shttre1,NA,NA,species,Short-toed Treecreeper,Certhia brachydactyla,NA,Passeriformes,Certhiidae (Treecreepers),NA,NA,26582,FALSE
26814,certhi1,NA,NA,spuh,treecreeper sp.,Certhia sp.,NA,Passeriformes,Certhiidae (Treecreepers),NA,NA,26601,FALSE
26815,poliop1,NA,NA,family,Gnatcatchers,Polioptilidae,NA,Passeriformes,Polioptilidae (Gnatcatchers),NA,NA,26610,FALSE
26852,masgna1,NA,NA,species,Masked Gnatcatcher,Polioptila dumicola,NA,Passeriformes,Polioptilidae (Gnatcatchers),NA,NA,26647,FALSE
26858,trogna1,split,"Polytypic Tropical Gnatcatcher Polioptila plumbea is split into monotypic Marañon Gnatcatcher Polioptila maior and polytypic Tropical Gnatcatcher Polioptila plumbea (with subspecies anteocularis, plumbiceps, innotata, plumbea, parvirostris, and atricapilla).",species,Tropical Gnatcatcher,Polioptila plumbea,NA,Passeriformes,Polioptilidae (Gnatcatchers),NA,NA,26653,FALSE
26874,buggna,NA,NA,species,Blue-gray Gnatcatcher,Polioptila caerulea,NA,Passeriformes,Polioptilidae (Gnatcatchers),NA,NA,26669,TRUE
26884,bktgna,NA,NA,species,Black-tailed Gnatcatcher,Polioptila melanura,NA,Passeriformes,Polioptilidae (Gnatcatchers),NA,NA,26679,TRUE
26888,calgna,NA,NA,species,California Gnatcatcher,Polioptila californica,NA,Passeriformes,Polioptilidae (Gnatcatchers),NA,NA,26683,TRUE
26892,bkcgna,NA,NA,species,Black-capped Gnatcatcher,Polioptila nigriceps,NA,Passeriformes,Polioptilidae (Gnatcatchers),NA,NA,26687,FALSE
26896,whlgna2,NA,NA,species,White-lored Gnatcatcher,Polioptila albiloris,NA,Passeriformes,Polioptilidae (Gnatcatchers),NA,NA,26691,FALSE
26899,gnatca1,NA,NA,spuh,gnatcatcher sp.,Polioptila sp.,NA,Passeriformes,Polioptilidae (Gnatcatchers),NA,NA,26694,FALSE
26901,rocwre,NA,NA,species,Rock Wren,Salpinctes obsoletus,NA,Passeriformes,Troglodytidae (Wrens),NA,NA,26696,TRUE
26935,canwre,NA,NA,species,Canyon Wren,Catherpes mexicanus,NA,Passeriformes,Troglodytidae (Wrens),NA,NA,26730,TRUE
26939,sumwre1,NA,NA,species,Sumichrast's Wren,Hylorchilus sumichrasti,"lowlands of southern Mexico (Veracruz, Puebla, and adjacent northern Oaxaca)",Passeriformes,Troglodytidae (Wrens),NA,NA,26734,FALSE
26940,navwre1,NA,NA,species,Nava's Wren,Hylorchilus navai,lowlands of southern Mexico (Chiapas and far eastern Veracruz),Passeriformes,Troglodytidae (Wrens),NA,NA,26735,FALSE
26941,zapwre1,NA,NA,species,Zapata Wren,Ferminia cerverai,southwestern Cuba (dense vegetation of Zapata Swamp),Passeriformes,Troglodytidae (Wrens),NA,NA,26736,FALSE
26942,houwre,split,"Polytypic House Wren Troglodytes aedon is split into polytypic Northern House Wren Troglodytes aedon (with subspecies parkmanii, aedon, baldwini, cahooni, brunneicollis, compositus, and nitidus), monotypic Cozumel Wren Troglodytes beani, polytypic Kalinago Wren Troglodytes martinicensis (with subspecies guadeloupensis, rufescens, and martinicensis), monotypic St. Lucia Wren Troglodytes mesoleucus, monotypic St. Vincent Wren Troglodytes musicus, monotypic Grenada Wren Troglodytes grenadensis, and polytypic Southern House Wren Troglodytes musculus (with subspecies intermedius, inquietus, carychrous, clarus, atopus, striatulus, columbae, albicans, tobagensis, audax, puna, rex, carabayae, tecellatus, atacamensis, musculus, bonariae, and chilensis)",species,Northern House Wren,Troglodytes aedon,NA,Passeriformes,Troglodytidae (Wrens),NA,NA,26737,TRUE
26953,cinwre1,split; sequence; English name,"Polytypic House Wren Troglodytes aedon is split into polytypic Northern House Wren Troglodytes aedon (with subspecies parkmanii, aedon, baldwini, cahooni, brunneicollis, compositus, and nitidus), monotypic Cozumel Wren Troglodytes beani, polytypic Kalinago Wren Troglodytes martinicensis (with subspecies guadeloupensis, rufescens, and martinicensis), monotypic St. Lucia Wren Troglodytes mesoleucus, monotypic St. Vincent Wren Troglodytes musicus, monotypic Grenada Wren Troglodytes grenadensis, and polytypic Southern House Wren Troglodytes musculus (with subspecies intermedius, inquietus, carychrous, clarus, atopus, striatulus, columbae, albicans, tobagensis, audax, puna, rex, carabayae, tecellatus, atacamensis, musculus, bonariae, and chilensis)",species,Kalinago Wren,Troglodytes martinicensis,NA,Passeriformes,Troglodytidae (Wrens),NA,NA,NA,FALSE
26957,houwre8,split,"Polytypic House Wren Troglodytes aedon is split into polytypic Northern House Wren Troglodytes aedon (with subspecies parkmanii, aedon, baldwini, cahooni, brunneicollis, compositus, and nitidus), monotypic Cozumel Wren Troglodytes beani, polytypic Kalinago Wren Troglodytes martinicensis (with subspecies guadeloupensis, rufescens, and martinicensis), monotypic St. Lucia Wren Troglodytes mesoleucus, monotypic St. Vincent Wren Troglodytes musicus, monotypic Grenada Wren Troglodytes grenadensis, and polytypic Southern House Wren Troglodytes musculus (with subspecies intermedius, inquietus, carychrous, clarus, atopus, striatulus, columbae, albicans, tobagensis, audax, puna, rex, carabayae, tecellatus, atacamensis, musculus, bonariae, and chilensis)",species,St. Lucia Wren,Troglodytes mesoleucus,St. Lucia (Lesser Antilles),Passeriformes,Troglodytidae (Wrens),NA,NA,26744,FALSE
26958,houwre10,split,"Polytypic House Wren Troglodytes aedon is split into polytypic Northern House Wren Troglodytes aedon (with subspecies parkmanii, aedon, baldwini, cahooni, brunneicollis, compositus, and nitidus), monotypic Cozumel Wren Troglodytes beani, polytypic Kalinago Wren Troglodytes martinicensis (with subspecies guadeloupensis, rufescens, and martinicensis), monotypic St. Lucia Wren Troglodytes mesoleucus, monotypic St. Vincent Wren Troglodytes musicus, monotypic Grenada Wren Troglodytes grenadensis, and polytypic Southern House Wren Troglodytes musculus (with subspecies intermedius, inquietus, carychrous, clarus, atopus, striatulus, columbae, albicans, tobagensis, audax, puna, rex, carabayae, tecellatus, atacamensis, musculus, bonariae, and chilensis)",species,St. Vincent Wren,Troglodytes musicus,St. Vincent (Lesser Antilles),Passeriformes,Troglodytidae (Wrens),NA,NA,26746,FALSE
26959,houwre11,split,"Polytypic House Wren Troglodytes aedon is split into polytypic Northern House Wren Troglodytes aedon (with subspecies parkmanii, aedon, baldwini, cahooni, brunneicollis, compositus, and nitidus), monotypic Cozumel Wren Troglodytes beani, polytypic Kalinago Wren Troglodytes martinicensis (with subspecies guadeloupensis, rufescens, and martinicensis), monotypic St. Lucia Wren Troglodytes mesoleucus, monotypic St. Vincent Wren Troglodytes musicus, monotypic Grenada Wren Troglodytes grenadensis, and polytypic Southern House Wren Troglodytes musculus (with subspecies intermedius, inquietus, carychrous, clarus, atopus, striatulus, columbae, albicans, tobagensis, audax, puna, rex, carabayae, tecellatus, atacamensis, musculus, bonariae, and chilensis)",species,Grenada Wren,Troglodytes grenadensis,Grenada (Lesser Antilles),Passeriformes,Troglodytidae (Wrens),NA,NA,26747,FALSE
26960,houwre4,split; sequence; subspecies revised,"Polytypic House Wren Troglodytes aedon is split into polytypic Northern House Wren Troglodytes aedon (with subspecies parkmanii, aedon, baldwini, cahooni, brunneicollis, compositus, and nitidus), monotypic Cozumel Wren Troglodytes beani, polytypic Kalinago Wren Troglodytes martinicensis (with subspecies guadeloupensis, rufescens, and martinicensis), monotypic St. Lucia Wren Troglodytes mesoleucus, monotypic St. Vincent Wren Troglodytes musicus, monotypic Grenada Wren Troglodytes grenadensis, and polytypic Southern House Wren Troglodytes musculus (with subspecies intermedius, inquietus, carychrous, clarus, atopus, striatulus, columbae, albicans, tobagensis, audax, puna, rex, carabayae, tecellatus, atacamensis, musculus, bonariae, and chilensis)",species,Southern House Wren,Troglodytes musculus,NA,Passeriformes,Troglodytidae (Wrens),NA,NA,26754,FALSE
27008,winwre4,NA,NA,species,Eurasian Wren,Troglodytes troglodytes,NA,Passeriformes,Troglodytidae (Wrens),NA,NA,26798,FALSE
27038,pacwre1,NA,NA,species,Pacific Wren,Troglodytes pacificus,NA,Passeriformes,Troglodytidae (Wrens),NA,NA,26828,TRUE
27054,winwre3,NA,NA,species,Winter Wren,Troglodytes hiemalis,NA,Passeriformes,Troglodytidae (Wrens),NA,NA,26844,TRUE
27062,sedwre1,NA,NA,species,Sedge Wren,Cistothorus stellaris,eastern Canada to eastern USA; winters Florida to northeastern Mexico,Passeriformes,Troglodytidae (Wrens),NA,NA,26852,TRUE
27063,sedwre,NA,NA,species,Grass Wren,Cistothorus platensis,NA,Passeriformes,Troglodytidae (Wrens),NA,NA,26853,FALSE
27085,apowre1,NA,NA,species,Apolinar's Wren,Cistothorus apolinari,NA,Passeriformes,Troglodytidae (Wrens),NA,NA,26875,FALSE
27088,marwre,NA,NA,species,Marsh Wren,Cistothorus palustris,NA,Passeriformes,Troglodytidae (Wrens),NA,NA,26878,TRUE
27107,carwre,NA,NA,species,Carolina Wren,Thryothorus ludovicianus,NA,Passeriformes,Troglodytidae (Wrens),NA,NA,26897,TRUE
27121,bewwre,NA,NA,species,Bewick's Wren,Thryomanes bewickii,NA,Passeriformes,Troglodytidae (Wrens),NA,NA,26911,TRUE
27142,babwre1,NA,NA,species,Band-backed Wren,Campylorhynchus zonatus,NA,Passeriformes,Troglodytidae (Wrens),NA,NA,26932,FALSE
27158,runwre3,split,"Polytypic Rufous-naped Wren Campylorhynchus rufinucha is split into monotypic Russet-naped Wren Campylorhynchus humilis, monotypic Veracruz Wren Campylorhynchus rufinucha, and polytypic Rufous-backed Wren Campylorhynchus capistratus (with subspecies nigricaudatus, xerophilus, nicaraguae, castaneus, and capistratus)",species,Russet-naped Wren,Campylorhynchus humilis,arid lowlands of southwestern Mexico (Colima and southern Jalisco to western Chiapas),Passeriformes,Troglodytidae (Wrens),NA,NA,26946,FALSE
27159,runwre2,split; range,"Polytypic Rufous-naped Wren Campylorhynchus rufinucha is split into monotypic Russet-naped Wren Campylorhynchus humilis, monotypic Veracruz Wren Campylorhynchus rufinucha, and polytypic Rufous-backed Wren Campylorhynchus capistratus (with subspecies nigricaudatus, xerophilus, nicaraguae, castaneus, and capistratus); range changed from ""lowlands of eastern Mexico (Veracruz and adjacent Oaxaca)"" to ""lowlands of central Veracruz (eastern Mexico)""",species,Veracruz Wren,Campylorhynchus rufinucha,lowlands of central Veracruz (eastern Mexico),Passeriformes,Troglodytidae (Wrens),NA,NA,26947,FALSE
27160,runwre4,split,"Polytypic Rufous-naped Wren Campylorhynchus rufinucha is split into monotypic Russet-naped Wren Campylorhynchus humilis, monotypic Veracruz Wren Campylorhynchus rufinucha, and polytypic Rufous-backed Wren Campylorhynchus capistratus (with subspecies nigricaudatus, xerophilus, nicaraguae, castaneus, and capistratus)",species,Rufous-backed Wren,Campylorhynchus capistratus,NA,Passeriformes,Troglodytidae (Wrens),NA,NA,26948,FALSE
27168,spowre1,NA,NA,species,Spotted Wren,Campylorhynchus gularis,oak-pine woodland of western and central Mexico,Passeriformes,Troglodytidae (Wrens),NA,NA,26954,FALSE
27169,bouwre1,NA,NA,species,Boucard's Wren,Campylorhynchus jocosus,arid oak-pine forest of southern Mexican plateau,Passeriformes,Troglodytidae (Wrens),NA,NA,26955,FALSE
27171,cacwre,NA,NA,species,Cactus Wren,Campylorhynchus brunneicapillus,NA,Passeriformes,Troglodytidae (Wrens),NA,NA,26957,TRUE
27181,stbwre2,NA,NA,species,Stripe-backed Wren,Campylorhynchus nuchalis,NA,Passeriformes,Troglodytidae (Wrens),NA,NA,26967,FALSE
27185,faswre1,NA,NA,species,Fasciated Wren,Campylorhynchus fasciatus,NA,Passeriformes,Troglodytidae (Wrens),NA,NA,26971,FALSE
27188,bicwre1,NA,NA,species,Bicolored Wren,Campylorhynchus griseus,NA,Passeriformes,Troglodytidae (Wrens),NA,NA,26974,FALSE
27195,thlwre1,NA,NA,species,Thrush-like Wren,Campylorhynchus turdinus,NA,Passeriformes,Troglodytidae (Wrens),NA,NA,26981,FALSE
27242,rubwre1,NA,NA,species,Rufous-breasted Wren,Pheugopedius rutilus,NA,Passeriformes,Troglodytidae (Wrens),NA,NA,27028,FALSE
27261,hapwre1,NA,NA,species,Happy Wren,Pheugopedius felix,NA,Passeriformes,Troglodytidae (Wrens),NA,NA,27047,FALSE
27270,sinwre1,NA,NA,species,Sinaloa Wren,Thryophilus sinaloa,NA,Passeriformes,Troglodytidae (Wrens),NA,NA,27056,TRUE
27274,banwre1,NA,NA,species,Banded Wren,Thryophilus pleurostictus,NA,Passeriformes,Troglodytidae (Wrens),NA,NA,27060,FALSE
27282,rawwre1,NA,NA,species,Rufous-and-white Wren,Thryophilus rufalbus,NA,Passeriformes,Troglodytidae (Wrens),NA,NA,27068,FALSE
27294,plawre1,NA,NA,species,Cabanis's Wren,Cantorchilus modestus,southern Mexico (Oaxaca) southward on the Pacific slope to northwestern Costa Rica; locally on the Caribbean slope from southern Mexico (Chiapas) to Honduras,Passeriformes,Troglodytidae (Wrens),NA,NA,27080,FALSE
27310,supwre1,NA,NA,species,Superciliated Wren,Cantorchilus superciliaris,NA,Passeriformes,Troglodytidae (Wrens),NA,NA,27096,FALSE
27313,bubwre1,NA,NA,species,Buff-breasted Wren,Cantorchilus leucotis,NA,Passeriformes,Troglodytidae (Wrens),NA,NA,27099,FALSE
27344,whbwre1,NA,NA,species,White-bellied Wren,Uropsila leucogastra,NA,Passeriformes,Troglodytidae (Wrens),NA,NA,27130,FALSE
27405,wren1,NA,NA,spuh,wren sp.,Troglodytidae sp.,NA,Passeriformes,Troglodytidae (Wrens),NA,NA,27192,FALSE
27409,whtdip1,NA,NA,species,White-throated Dipper,Cinclus cinclus,NA,Passeriformes,Cinclidae (Dippers),NA,NA,27196,FALSE
27427,amedip,NA,NA,species,American Dipper,Cinclus mexicanus,NA,Passeriformes,Cinclidae (Dippers),NA,NA,27214,TRUE
27488,asgsta1,NA,NA,species,Asian Glossy Starling,Aplonis panayensis,NA,Passeriformes,Sturnidae (Starlings),NA,NA,27275,FALSE
27571,eursta,NA,NA,species,European Starling,Sturnus vulgaris,NA,Passeriformes,Sturnidae (Starlings),NA,NA,27356,TRUE
27584,sposta1,NA,NA,species,Spotless Starling,Sturnus unicolor,"Iberian Peninsula to Corsica, Sardinia, Sicily, and northwestern Africa",Passeriformes,Sturnidae (Starlings),NA,NA,27369,FALSE
27587,rossta2,NA,NA,species,Rosy Starling,Pastor roseus,south-central Europe; winters primarily India and southeastern Arabian Peninsula,Passeriformes,Sturnidae (Starlings),NA,NA,27372,FALSE
27588,dausta1,NA,NA,species,Daurian Starling,Agropsar sturninus,southeastern Siberia to northern Mongolia and northern Korea; winters to southeastern Asia,Passeriformes,Sturnidae (Starlings),NA,NA,27373,FALSE
27592,aspsta2,NA,NA,species,Indian Pied Starling,Gracupica contra,NA,Passeriformes,Sturnidae (Starlings),NA,NA,27377,FALSE
27617,commyn,NA,NA,species,Common Myna,Acridotheres tristis,NA,Passeriformes,Sturnidae (Starlings),NA,NA,27402,TRUE
27636,whvmyn,NA,NA,species,Javan Myna,Acridotheres javanicus,"Java and Bali; widely introduced elsewhere (southern Thai-Malay Peninsula, Sumatra, Borneo, Flores, Sumba, Honshu, and Taiwan)",Passeriformes,Sturnidae (Starlings),NA,NA,27420,FALSE
27640,whvmyn1,NA,NA,species,Great Myna,Acridotheres grandis,"northeastern India to southwestern China, Myanmar, Thailand, and Indochina",Passeriformes,Sturnidae (Starlings),NA,NA,27424,FALSE
27647,cremyn,NA,NA,species,Crested Myna,Acridotheres cristatellus,NA,Passeriformes,Sturnidae (Starlings),NA,NA,27429,FALSE
27751,y00757,NA,NA,spuh,myna/starling sp.,Sturnidae sp.,NA,Passeriformes,Sturnidae (Starlings),NA,NA,27532,FALSE
27758,grycat,NA,NA,species,Gray Catbird,Dumetella carolinensis,southern British Columbia to Gulf States; winters to West Indies and Panama,Passeriformes,Mimidae (Mockingbirds and Thrashers),NA,NA,27539,TRUE
27767,peethr1,NA,NA,species,Pearly-eyed Thrasher,Margarops fuscatus,NA,Passeriformes,Mimidae (Mockingbirds and Thrashers),NA,NA,27549,FALSE
27782,cubthr,NA,NA,species,Curve-billed Thrasher,Toxostoma curvirostre,NA,Passeriformes,Mimidae (Mockingbirds and Thrashers),NA,NA,27564,TRUE
27795,brnthr,NA,NA,species,Brown Thrasher,Toxostoma rufum,NA,Passeriformes,Mimidae (Mockingbirds and Thrashers),NA,NA,27577,TRUE
27798,lobthr,NA,NA,species,Long-billed Thrasher,Toxostoma longirostre,NA,Passeriformes,Mimidae (Mockingbirds and Thrashers),NA,NA,27580,TRUE
27804,benthr,NA,NA,species,Bendire's Thrasher,Toxostoma bendirei,NA,Passeriformes,Mimidae (Mockingbirds and Thrashers),NA,NA,27586,TRUE
27809,grathr1,NA,NA,species,Gray Thrasher,Toxostoma cinereum,NA,Passeriformes,Mimidae (Mockingbirds and Thrashers),NA,NA,27591,FALSE
27812,calthr,NA,NA,species,California Thrasher,Toxostoma redivivum,NA,Passeriformes,Mimidae (Mockingbirds and Thrashers),NA,NA,27594,TRUE
27815,lecthr,NA,NA,species,LeConte's Thrasher,Toxostoma lecontei,NA,Passeriformes,Mimidae (Mockingbirds and Thrashers),NA,NA,27597,TRUE
27820,crithr,NA,NA,species,Crissal Thrasher,Toxostoma crissale,NA,Passeriformes,Mimidae (Mockingbirds and Thrashers),NA,NA,27602,TRUE
27826,toxost1,NA,NA,spuh,Toxostoma sp.,Toxostoma sp.,NA,Passeriformes,Mimidae (Mockingbirds and Thrashers),NA,NA,27608,FALSE
27827,sagthr,NA,NA,species,Sage Thrasher,Oreoscoptes montanus,arid southern British Columbia to Baja California and central Mexico,Passeriformes,Mimidae (Mockingbirds and Thrashers),NA,NA,27609,TRUE
27828,chimoc1,NA,NA,species,Chilean Mockingbird,Mimus thenca,coastal Chile (Atacama to Valdivia),Passeriformes,Mimidae (Mockingbirds and Thrashers),NA,NA,27610,FALSE
27829,patmoc1,NA,NA,species,Patagonian Mockingbird,Mimus patagonicus,central and southern Argentina and southern Chile,Passeriformes,Mimidae (Mockingbirds and Thrashers),NA,NA,27611,FALSE
27830,chbmoc1,NA,NA,species,Chalk-browed Mockingbird,Mimus saturninus,NA,Passeriformes,Mimidae (Mockingbirds and Thrashers),NA,NA,27612,FALSE
27836,whbmoc1,NA,NA,species,White-banded Mockingbird,Mimus triurus,central Argentina and Bolivia (Beni); winters to southwestern Brazil,Passeriformes,Mimidae (Mockingbirds and Thrashers),NA,NA,27618,FALSE
27837,brbmoc1,NA,NA,species,Brown-backed Mockingbird,Mimus dorsalis,arid montane scrub of Bolivia and far northwestern Argentina,Passeriformes,Mimidae (Mockingbirds and Thrashers),NA,NA,27619,FALSE
27838,bahmoc,NA,NA,species,Bahama Mockingbird,Mimus gundlachii,NA,Passeriformes,Mimidae (Mockingbirds and Thrashers),NA,NA,27620,TRUE
27840,bahmoc2,NA,NA,subspecies,NA,Mimus gundlachii hillii,arid coastal lowlands of southern Jamaica,Passeriformes,Mimidae (Mockingbirds and Thrashers),NA,NA,27622,FALSE
27841,galmoc1,NA,NA,species,Galapagos Mockingbird,Mimus parvulus,NA,Passeriformes,Mimidae (Mockingbirds and Thrashers),NA,NA,27623,FALSE
27851,lotmoc1,NA,NA,species,Long-tailed Mockingbird,Mimus longicaudatus,NA,Passeriformes,Mimidae (Mockingbirds and Thrashers),NA,NA,27633,FALSE
27856,socmoc1,NA,NA,species,Socorro Mockingbird,Mimus graysoni,Socorro Island (Revillagigedo Islands off western Mexico),Passeriformes,Mimidae (Mockingbirds and Thrashers),NA,NA,27638,FALSE
27857,tromoc,NA,NA,species,Tropical Mockingbird,Mimus gilvus,NA,Passeriformes,Mimidae (Mockingbirds and Thrashers),NA,NA,27639,FALSE
27870,normoc,NA,NA,species,Northern Mockingbird,Mimus polyglottos,NA,Passeriformes,Mimidae (Mockingbirds and Thrashers),NA,NA,27652,TRUE
27877,mimida1,NA,NA,spuh,mimid sp.,Mimidae sp.,NA,Passeriformes,Mimidae (Mockingbirds and Thrashers),NA,NA,27659,FALSE
27881,easblu,NA,NA,species,Eastern Bluebird,Sialia sialis,NA,Passeriformes,Turdidae (Thrushes and Allies),NA,NA,27662,TRUE
27891,wesblu,NA,NA,species,Western Bluebird,Sialia mexicana,NA,Passeriformes,Turdidae (Thrushes and Allies),NA,NA,27672,TRUE
27899,moublu,NA,NA,species,Mountain Bluebird,Sialia currucoides,western North America (Alaska to central Mexico); winters to Baja California,Passeriformes,Turdidae (Thrushes and Allies),NA,NA,27680,TRUE
27902,bluebi,NA,NA,spuh,bluebird sp.,Sialia sp.,NA,Passeriformes,Turdidae (Thrushes and Allies),NA,NA,27683,FALSE
27918,towsol,NA,NA,species,Townsend's Solitaire,Myadestes townsendi,NA,Passeriformes,Turdidae (Thrushes and Allies),NA,NA,27698,TRUE
27921,brbsol1,NA,NA,species,Brown-backed Solitaire,Myadestes occidentalis,NA,Passeriformes,Turdidae (Thrushes and Allies),NA,NA,27701,FALSE
27953,puaioh,NA,NA,species,Puaiohi,Myadestes palmeri,Kauai (Alakai Swamp),Passeriformes,Turdidae (Thrushes and Allies),NA,NA,27733,FALSE
28003,varthr,NA,NA,species,Varied Thrush,Ixoreus naevius,NA,Passeriformes,Turdidae (Thrushes and Allies),NA,NA,27788,TRUE
28007,bbnthr1,NA,NA,species,Black-billed Nightingale-Thrush,Catharus gracilirostris,NA,Passeriformes,Turdidae (Thrushes and Allies),NA,NA,27792,FALSE
28010,obnthr1,NA,NA,species,Orange-billed Nightingale-Thrush,Catharus aurantiirostris,NA,Passeriformes,Turdidae (Thrushes and Allies),NA,NA,27795,FALSE
28037,runthr1,NA,NA,species,Russet Nightingale-Thrush,Catharus occidentalis,NA,Passeriformes,Turdidae (Thrushes and Allies),NA,NA,27822,FALSE
28061,veery,NA,NA,species,Veery,Catharus fuscescens,NA,Passeriformes,Turdidae (Thrushes and Allies),NA,NA,27846,TRUE
28066,gycthr,NA,NA,species,Gray-cheeked Thrush,Catharus minimus,NA,Passeriformes,Turdidae (Thrushes and Allies),NA,NA,27851,TRUE
28069,bicthr,NA,NA,species,Bicknell's Thrush,Catharus bicknelli,"breeds in eastern Canada (eastern Quebec, Nova Scotia, and New Brunswick) and adjacent USA (eastern New York, Vermont, New Hampshire, and Maine); primarily winters in Hispaniola (Dominican Republic) and locally eastern Cuba, eastern Jamaica, and eastern Puerto Rico",Passeriformes,Turdidae (Thrushes and Allies),NA,NA,27854,TRUE
28072,swathr,NA,NA,species,Swainson's Thrush,Catharus ustulatus,NA,Passeriformes,Turdidae (Thrushes and Allies),NA,NA,27857,TRUE
28081,herthr,NA,NA,species,Hermit Thrush,Catharus guttatus,NA,Passeriformes,Turdidae (Thrushes and Allies),NA,NA,27866,TRUE
28094,cathus,NA,NA,spuh,Catharus sp.,Catharus sp.,NA,Passeriformes,Turdidae (Thrushes and Allies),NA,NA,27879,FALSE
28095,woothr,NA,NA,species,Wood Thrush,Hylocichla mustelina,breeds eastern North America; winters southern Texas to Panama,Passeriformes,Turdidae (Thrushes and Allies),NA,NA,27880,TRUE
28177,misthr1,NA,NA,species,Mistle Thrush,Turdus viscivorus,NA,Passeriformes,Turdidae (Thrushes and Allies),NA,NA,27962,FALSE
28181,sonthr1,NA,NA,species,Song Thrush,Turdus philomelos,NA,Passeriformes,Turdidae (Thrushes and Allies),NA,NA,27966,FALSE
28211,redwin,NA,NA,species,Redwing,Turdus iliacus,NA,Passeriformes,Turdidae (Thrushes and Allies),NA,NA,27981,FALSE
28214,mourob1,NA,NA,species,Mountain Thrush,Turdus plebejus,NA,Passeriformes,Turdidae (Thrushes and Allies),NA,NA,27984,FALSE
28232,eurbla,NA,NA,species,Eurasian Blackbird,Turdus merula,NA,Passeriformes,Turdidae (Thrushes and Allies),NA,NA,27987,FALSE
28247,pabthr1,subspecies revised,NA,species,Pale-breasted Thrush,Turdus leucomelas,NA,Passeriformes,Turdidae (Thrushes and Allies),NA,NA,27995,FALSE
28285,rubthr1,NA,NA,species,Rufous-bellied Thrush,Turdus rufiventris,NA,Passeriformes,Turdidae (Thrushes and Allies),NA,NA,28039,FALSE
28288,baerob1,NA,NA,species,Spectacled Thrush,Turdus nudigenis,NA,Passeriformes,Turdidae (Thrushes and Allies),NA,NA,28052,FALSE
28294,clcrob,NA,NA,species,Clay-colored Thrush,Turdus grayi,NA,Passeriformes,Turdidae (Thrushes and Allies),NA,NA,28042,TRUE
28313,amerob,NA,NA,species,American Robin,Turdus migratorius,NA,Passeriformes,Turdidae (Thrushes and Allies),NA,NA,28096,TRUE
28323,rubrob,NA,NA,species,Rufous-backed Robin,Turdus rufopalliatus,NA,Passeriformes,Turdidae (Thrushes and Allies),NA,NA,28106,FALSE
28326,rucrob1,NA,NA,species,Rufous-collared Robin,Turdus rufitorques,highlands of s Mexico (Chiapas) to central Honduras,Passeriformes,Turdidae (Thrushes and Allies),NA,NA,28109,FALSE
28342,whcthr1,NA,NA,species,White-chinned Thrush,Turdus aurantius,wooded hills and mountains of Jamaica,Passeriformes,Turdidae (Thrushes and Allies),NA,NA,28165,FALSE
28343,relthr1,subspecies revised,NA,species,Red-legged Thrush,Turdus plumbeus,NA,Passeriformes,Turdidae (Thrushes and Allies),NA,NA,28167,FALSE
28360,austhr1,NA,NA,species,Austral Thrush,Turdus falcklandii,NA,Passeriformes,Turdidae (Thrushes and Allies),NA,NA,28110,FALSE
28372,crbthr1,NA,NA,species,Creamy-bellied Thrush,Turdus amaurochalinus,"eastern Peru to central Argentina, Paraguay, Uruguay, and Brazil",Passeriformes,Turdidae (Thrushes and Allies),NA,NA,28123,FALSE
28373,blbthr1,NA,NA,species,Black-billed Thrush,Turdus ignobilis,NA,Passeriformes,Turdidae (Thrushes and Allies),NA,NA,28124,FALSE
28383,blhthr1,NA,NA,species,Black-hooded Thrush,Turdus olivater,NA,Passeriformes,Turdidae (Thrushes and Allies),NA,NA,28134,FALSE
28392,slathr2,NA,NA,species,Andean Slaty Thrush,Turdus nigriceps,"breeds in the Andes of southern Bolivia (north to Santa Cruz) and northwestern Argentina (southward to Córdoba), also locally in southwestern Ecuador and northwestern Peru; nonbreeding migrant to the east slope of the Andes from southeastern Ecuador to Bolivia",Passeriformes,Turdidae (Thrushes and Allies),NA,NA,28156,FALSE
28401,glbthr1,NA,NA,species,Glossy-black Thrush,Turdus serranus,NA,Passeriformes,Turdidae (Thrushes and Allies),NA,NA,28157,FALSE
28407,chithr1,NA,NA,species,Chiguanco Thrush,Turdus chiguanco,NA,Passeriformes,Turdidae (Thrushes and Allies),NA,NA,28151,FALSE
28501,fieldf,NA,NA,species,Fieldfare,Turdus pilaris,"northern Palearctic; winters to northern Africa, Mediterranean, and Near East",Passeriformes,Turdidae (Thrushes and Allies),NA,NA,28272,FALSE
28519,turdus1,NA,NA,spuh,Turdus sp.,Turdus sp.,NA,Passeriformes,Turdidae (Thrushes and Allies),NA,NA,28289,FALSE
28520,thrush1,NA,NA,spuh,thrush sp.,Turdidae sp.,NA,Passeriformes,Turdidae (Thrushes and Allies),NA,NA,28290,FALSE
28558,spofly1,NA,NA,species,Spotted Flycatcher,Muscicapa striata,NA,Passeriformes,Muscicapidae (Old World Flycatchers),NA,NA,28327,FALSE
28747,semrob1,NA,NA,species,Seychelles Magpie-Robin,Copsychus sechellarum,"Frégate (Seychelles); endangered, with translocated populations now on Cousin, Cousine, Aride, and Denis islands",Passeriformes,Muscicapidae (Old World Flycatchers),NA,NA,28516,FALSE
28986,eurrob1,NA,NA,species,European Robin,Erithacus rubecula,NA,Passeriformes,Muscicapidae (Old World Flycatchers),NA,NA,28756,FALSE
29127,comnig1,NA,NA,species,Common Nightingale,Luscinia megarhynchos,NA,Passeriformes,Muscicapidae (Old World Flycatchers),NA,NA,28897,FALSE
29137,blueth,NA,NA,species,Bluethroat,Luscinia svecica,NA,Passeriformes,Muscicapidae (Old World Flycatchers),NA,NA,28907,TRUE
29289,eupfly1,NA,NA,species,European Pied Flycatcher,Ficedula hypoleuca,NA,Passeriformes,Muscicapidae (Old World Flycatchers),NA,NA,29058,FALSE
29340,comred2,NA,NA,species,Common Redstart,Phoenicurus phoenicurus,NA,Passeriformes,Muscicapidae (Old World Flycatchers),NA,NA,29109,FALSE
29348,blared1,subspecies revised,NA,species,Black Redstart,Phoenicurus ochruros,NA,Passeriformes,Muscicapidae (Old World Flycatchers),NA,NA,29117,FALSE
29381,rtrthr1,NA,NA,species,Rufous-tailed Rock-Thrush,Monticola saxatilis,rocky regions of southern Palearctic region; winters to eastern Africa,Passeriformes,Muscicapidae (Old World Flycatchers),NA,NA,29150,FALSE
29396,whinch1,NA,NA,species,Whinchat,Saxicola rubetra,Western Palearctic; winters to tropical and southern Africa,Passeriformes,Muscicapidae (Old World Flycatchers),NA,NA,29165,FALSE
29403,stonec4,NA,NA,species,European Stonechat,Saxicola rubicola,NA,Passeriformes,Muscicapidae (Old World Flycatchers),NA,NA,29172,FALSE
29513,norwhe,NA,NA,species,Northern Wheatear,Oenanthe oenanthe,NA,Passeriformes,Muscicapidae (Old World Flycatchers),NA,NA,29281,TRUE
29514,norwhe2,NA,NA,group (monotypic),Northern Wheatear (Greenland),Oenanthe oenanthe leucorhoa,northeastern Canada to Greenland and Iceland; winters to western Africa,Passeriformes,Muscicapidae (Old World Flycatchers),NA,NA,29282,FALSE
29518,norwhe3,NA,NA,species,Atlas Wheatear,Oenanthe seebohmi,Morocco to northeastern Algeria; winters to Mauritania,Passeriformes,Muscicapidae (Old World Flycatchers),NA,NA,29286,FALSE
29526,isawhe1,NA,NA,species,Isabelline Wheatear,Oenanthe isabellina,"south-central Eurasia; winters to northeastern Africa, Arabia, and India",Passeriformes,Muscicapidae (Old World Flycatchers),NA,NA,29294,FALSE
29533,bkewhe1,NA,NA,species,Western Black-eared Wheatear,Oenanthe hispanica,breeds southwestern Europe (Spain and Portugal eastward to Italy and northern Croatia) and northwestern Africa (eastward to northwestern Libya); winters in the western Sahel (eastward to Niger and northern Nigeria),Passeriformes,Muscicapidae (Old World Flycatchers),NA,NA,29301,FALSE
29538,piewhe1,NA,NA,species,Pied Wheatear,Oenanthe pleschanka,"stony south-central Eurasia; winters to Arabia, Iran, and northeastern Africa",Passeriformes,Muscicapidae (Old World Flycatchers),NA,NA,29306,FALSE
29598,finwhe1,NA,NA,species,Finsch's Wheatear,Oenanthe finschii,NA,Passeriformes,Muscicapidae (Old World Flycatchers),NA,NA,29366,FALSE
29612,muscic2,NA,NA,spuh,muscicapid sp.,Muscicapidae sp.,NA,Passeriformes,Muscicapidae (Old World Flycatchers),NA,NA,29380,FALSE
29614,bohwax,subspecies revised,NA,species,Bohemian Waxwing,Bombycilla garrulus,NA,Passeriformes,Bombycillidae (Waxwings),NA,NA,29382,TRUE
29618,cedwax,NA,NA,species,Cedar Waxwing,Bombycilla cedrorum,North America; winters to northern South America and Greater Antilles,Passeriformes,Bombycillidae (Waxwings),NA,NA,29386,TRUE
29638,phaino,NA,NA,species,Phainopepla,Phainopepla nitens,NA,Passeriformes,Ptiliogonatidae (Silky-flycatchers),NA,NA,29406,TRUE
29642,palmch1,NA,NA,species,Palmchat,Dulus dominicus,"Hispaniola, including Gonâve and Saona islands",Passeriformes,Dulidae (Palmchat),NA,NA,29410,FALSE
30320,sunbir1,NA,NA,spuh,sunbird sp.,Nectariniidae sp. (sunbird sp.),NA,Passeriformes,Nectariniidae (Sunbirds and Spiderhunters),NA,NA,30080,FALSE
30421,oliwar,NA,NA,species,Olive Warbler,Peucedramus taeniatus,NA,Passeriformes,Peucedramidae (Olive Warbler),NA,NA,30181,TRUE
30429,plocei1,NA,NA,family,Weavers and Allies,Ploceidae,NA,Passeriformes,Ploceidae (Weavers and Allies),NA,NA,30189,FALSE
30440,scawea1,NA,NA,species,Scaly Weaver,Sporopipes squamifrons,"southwestern Angola, Namibia, far southern Zambia, Botswana, Zimbabwe, and northern and central South Africa",Passeriformes,Ploceidae (Weavers and Allies),NA,NA,30200,FALSE
30454,socwea1,NA,NA,species,Sociable Weaver,Philetairus socius,Namibia and Botswana to northern South Africa,Passeriformes,Ploceidae (Weavers and Allies),NA,NA,30214,FALSE
30568,vilwea1,NA,NA,species,Village Weaver,Ploceus cucullatus,NA,Passeriformes,Ploceidae (Weavers and Allies),NA,NA,30328,FALSE
30648,rebque1,NA,NA,species,Red-billed Quelea,Quelea quelea,NA,Passeriformes,Ploceidae (Weavers and Allies),NA,NA,30408,FALSE
30654,redfod1,NA,NA,species,Red Fody,Foudia madagascariensis,"Madagascar; introduced Reunion, Mauritius, Seychelles, Rodrigues, Amirantes, and Chagos Islands (Indian Ocean); also on St. Helena (Atlantic Ocean); and Bahrain (Arabian Peninsula); present also on Glorieuses and Comoro islands (Indian Ocean)",Passeriformes,Ploceidae (Weavers and Allies),NA,NA,30414,FALSE
30668,orabis1,NA,NA,species,Northern Red Bishop,Euplectes franciscanus,"southern Mauritania southward to northern Liberia, eastward to Eritrea, Ethiopia, northwestern and southern Somalia, northeastern Democratic Republic of the Congo, Uganda, and Kenya",Passeriformes,Ploceidae (Weavers and Allies),NA,NA,30428,TRUE
30671,blwbis1,NA,NA,species,Black-winged Bishop,Euplectes hordeaceus,widespread sub-Saharan Africa (except South Africa),Passeriformes,Ploceidae (Weavers and Allies),NA,NA,30431,FALSE
30676,yecbis,NA,NA,species,Yellow-crowned Bishop,Euplectes afer,NA,Passeriformes,Ploceidae (Weavers and Allies),NA,NA,30436,FALSE
30691,whwwid1,NA,NA,species,White-winged Widowbird,Euplectes albonotatus,NA,Passeriformes,Ploceidae (Weavers and Allies),NA,NA,30450,FALSE
30703,recwid3,NA,NA,species,Red-collared Widowbird,Euplectes ardens,"Senegal and Sierra Leone eastward to southern South Sudan and western Uganda, southward to central Angola, Zimbabwe, Zambia, Mozambique, and eastern South Africa",Passeriformes,Ploceidae (Weavers and Allies),NA,NA,30462,FALSE
30715,lotwid1,NA,NA,species,Long-tailed Widowbird,Euplectes progne,NA,Passeriformes,Ploceidae (Weavers and Allies),NA,NA,30474,FALSE
30722,growea1,NA,NA,species,Grosbeak Weaver,Amblyospiza albifrons,NA,Passeriformes,Ploceidae (Weavers and Allies),NA,NA,30480,FALSE
30775,broman1,NA,NA,species,Bronze Mannikin,Spermestes cucullata,NA,Passeriformes,Estrildidae (Waxbills and Allies),NA,NA,30533,FALSE
30778,magman1,NA,NA,species,Magpie Mannikin,Spermestes fringilloides,"Senegal to Kenya, southward to Tanzania, Zanzibar, Zambia, and KwaZulu-Natal",Passeriformes,Estrildidae (Waxbills and Allies),NA,NA,30536,FALSE
30787,afrsil1,NA,NA,species,African Silverbill,Euodice cantans,NA,Passeriformes,Estrildidae (Waxbills and Allies),NA,NA,30545,FALSE
30801,nutman,NA,NA,species,Scaly-breasted Munia,Lonchura punctulata,NA,Passeriformes,Estrildidae (Waxbills and Allies),NA,NA,30559,TRUE
30820,whrmun,NA,NA,species,White-rumped Munia,Lonchura striata,NA,Passeriformes,Estrildidae (Waxbills and Allies),NA,NA,30578,FALSE
30948,yebwax2,NA,NA,species,Yellow-bellied Waxbill,Coccopygia quartinia,NA,Passeriformes,Estrildidae (Waxbills and Allies),NA,NA,30706,FALSE
30953,swewax3,NA,NA,species,Swee Waxbill,Coccopygia melanotis,"southern Zimbabwe, eastern and southern South Africa, Eswatini, and Lesotho, also far southwestern Mozambique (Lebombo Mountains)",Passeriformes,Estrildidae (Waxbills and Allies),NA,NA,30711,FALSE
30996,blcwax1,NA,NA,species,Black-faced Waxbill,Brunhilda erythronotos,NA,Passeriformes,Estrildidae (Waxbills and Allies),NA,NA,30754,FALSE
30999,rerwax1,NA,NA,species,Black-cheeked Waxbill,Brunhilda charmosyna,NA,Passeriformes,Estrildidae (Waxbills and Allies),NA,NA,30757,FALSE
31007,blcwax2,NA,NA,species,Black-crowned Waxbill,Estrilda nonnula,NA,Passeriformes,Estrildidae (Waxbills and Allies),NA,NA,30765,FALSE
31016,orcwax,NA,NA,species,Orange-cheeked Waxbill,Estrilda melpoda,"Senegambia to Democratic Republic of the Congo, northern Angola, and northern Zambia",Passeriformes,Estrildidae (Waxbills and Allies),NA,NA,30774,FALSE
31018,fabwax1,NA,NA,species,Fawn-breasted Waxbill,Estrilda paludicola,NA,Passeriformes,Estrildidae (Waxbills and Allies),NA,NA,30776,FALSE
31026,comwax,NA,NA,species,Common Waxbill,Estrilda astrild,NA,Passeriformes,Estrildidae (Waxbills and Allies),NA,NA,30784,FALSE
31043,bkrwax,NA,NA,species,Black-rumped Waxbill,Estrilda troglodytes,"southern Mauritania and Senegambia eastward to southern Sudan, South Sudan, Eritrea, Uganda, and western Kenya; also widely introduced, to Spain, Japan, Hawaiian Islands, Puerto Rico, Guadeloupe, and Martinique (both in central Lesser Antilles)",Passeriformes,Estrildidae (Waxbills and Allies),NA,NA,30801,FALSE
31044,crrwax1,NA,NA,species,Crimson-rumped Waxbill,Estrilda rhodopyga,NA,Passeriformes,Estrildidae (Waxbills and Allies),NA,NA,30802,FALSE
31048,waxbil1,NA,NA,spuh,waxbill sp.,Estrilda sp.,NA,Passeriformes,Estrildidae (Waxbills and Allies),NA,NA,30806,FALSE
31049,quailf1,NA,NA,species,Quailfinch,Ortygospiza atricollis,NA,Passeriformes,Estrildidae (Waxbills and Allies),NA,NA,30807,FALSE
31076,zebwax2,NA,NA,species,Zebra Waxbill,Amandava subflava,NA,Passeriformes,Estrildidae (Waxbills and Allies),NA,NA,30834,FALSE
31135,rebfir2,NA,NA,species,Red-billed Firefinch,Lagonosticta senegala,NA,Passeriformes,Estrildidae (Waxbills and Allies),NA,NA,30893,FALSE
31142,afffin,NA,NA,species,African Firefinch,Lagonosticta rubricata,NA,Passeriformes,Estrildidae (Waxbills and Allies),NA,NA,30900,FALSE
31155,blbfir1,NA,NA,species,Black-bellied Firefinch,Lagonosticta rara,NA,Passeriformes,Estrildidae (Waxbills and Allies),NA,NA,30913,FALSE
31167,estfin1,NA,NA,spuh,estrildid finch sp.,Estrildidae sp.,NA,Passeriformes,Estrildidae (Waxbills and Allies),NA,NA,30925,FALSE
31169,pitwhy,NA,NA,species,Pin-tailed Whydah,Vidua macroura,"very widespread in sub-Saharan Africa, from southern Mauritania eastward to Eritrea, southward to South Africa; introduced in the southern USA (California, Florida) and the Caribbean (Puerto Rico)",Passeriformes,Viduidae (Indigobirds),NA,NA,30927,TRUE
31176,eapwhy1,NA,NA,species,Eastern Paradise-Whydah,Vidua paradisaea,"southeastern Sudan, Ethiopia, and Somalia southward to northeastern South Africa, also westward across southern Africa to Angola and northern Namibia",Passeriformes,Viduidae (Indigobirds),NA,NA,30934,FALSE
31241,dunnoc1,subspecies revised,NA,species,Dunnock,Prunella modularis,NA,Passeriformes,Prunellidae (Accentors),NA,NA,30998,FALSE
31255,passer4,NA,NA,family,Old World Sparrows,Passeridae,NA,Passeriformes,Passeridae (Old World Sparrows),NA,NA,31012,FALSE
31261,houspa,NA,NA,species,House Sparrow,Passer domesticus,NA,Passeriformes,Passeridae (Old World Sparrows),NA,NA,31018,TRUE
31276,itaspa1,NA,NA,species,Italian Sparrow,Passer italiae,"Italian Peninsula, Corsica, Sicily, and Crete",Passeriformes,Passeridae (Old World Sparrows),NA,NA,31033,FALSE
31279,spaspa1,NA,NA,species,Spanish Sparrow,Passer hispaniolensis,NA,Passeriformes,Passeridae (Old World Sparrows),NA,NA,31036,FALSE
31291,russpa2,NA,NA,species,Russet Sparrow,Passer cinnamomeus,NA,Passeriformes,Passeridae (Old World Sparrows),NA,NA,31048,FALSE
31309,capspa1,NA,NA,species,Cape Sparrow,Passer melanurus,NA,Passeriformes,Passeridae (Old World Sparrows),NA,NA,31066,FALSE
31329,eutspa,NA,NA,species,Eurasian Tree Sparrow,Passer montanus,NA,Passeriformes,Passeridae (Old World Sparrows),NA,NA,31086,TRUE
31342,sugspa1,NA,NA,species,Sudan Golden Sparrow,Passer luteus,"Mauritania to Senegal, Burkina Faso, Sudan, and northern Ethiopia",Passeriformes,Passeridae (Old World Sparrows),NA,NA,31099,FALSE
31345,passer2,NA,NA,spuh,Passer sp.,Passer sp.,NA,Passeriformes,Passeridae (Old World Sparrows),NA,NA,31102,FALSE
31407,eaywag1,NA,NA,species,Western Yellow Wagtail,Motacilla flava,NA,Passeriformes,Motacillidae (Wagtails and Pipits),NA,NA,31164,FALSE
31425,eaywag,NA,NA,species,Eastern Yellow Wagtail,Motacilla tschutschensis,NA,Passeriformes,Motacillidae (Wagtails and Pipits),NA,NA,31182,TRUE
31445,whiwag,NA,NA,species,White Wagtail,Motacilla alba,NA,Passeriformes,Motacillidae (Wagtails and Pipits),NA,NA,31202,TRUE
31449,whiwag3,NA,NA,group (monotypic),White Wagtail (British),Motacilla alba yarrellii,"Britain, Ireland, and adjacent coastal western continental Europe; winters to northwestern Africa",Passeriformes,Motacillidae (Wagtails and Pipits),NA,NA,31206,FALSE
31455,bkbwag,NA,NA,group (monotypic),White Wagtail (Black-backed),Motacilla alba lugens,southeastern Russia to northern Korea and Japan; winters Myanmar to southeastern China,Passeriformes,Motacillidae (Wagtails and Pipits),NA,NA,31212,FALSE
31537,tawpip1,NA,NA,species,Tawny Pipit,Anthus campestris,"breeds central and southern Europe and northwestern Africa (Morocco eastward to Tunisia) eastward to northwestern and south-central Mongolia, northwestern Kazakhstan, northern Afghanistan, and far northwestern China, also locally in Middle East; winters in sub-Saharan Africa (mainly in the Sahel), Arabia, and southwestern Asia",Passeriformes,Motacillidae (Wagtails and Pipits),NA,NA,31294,FALSE
31575,meapip1,NA,NA,species,Meadow Pipit,Anthus pratensis,NA,Passeriformes,Motacillidae (Wagtails and Pipits),NA,NA,31332,FALSE
31587,pecpip,NA,NA,species,Pechora Pipit,Anthus gustavi,NA,Passeriformes,Motacillidae (Wagtails and Pipits),NA,NA,31344,FALSE
31592,retpip,NA,NA,species,Red-throated Pipit,Anthus cervinus,"tundra of northern Palearctic and northwestern Alaska; winters to Africa, Indonesia, and Philippines",Passeriformes,Motacillidae (Wagtails and Pipits),NA,NA,31349,TRUE
31593,watpip1,NA,NA,species,Water Pipit,Anthus spinoletta,NA,Passeriformes,Motacillidae (Wagtails and Pipits),NA,NA,31350,FALSE
31604,sibpip1,split; range,"Polytypic American Pipit Anthus rubescens is split into monotypic Siberian Pipit Anthus japonicus and polytypic American Pipit Anthus rubescens (with subspecies pacificus, rubescens, and alticola); range changed from ""eastern Siberia (south of rubescens); winters to southern China, India, and Myanmar"" to ""northern to eastern Russia in southeastern Taymyr Peninsula, western Siberian Plateau, and from eastward of Lena River, Yakutsk region, and Lake Baikal eastward to Chukotskiy Peninsula, Commander Islands, Sakhalin, and Kuril Islands; winters from Japan and Korea to southern and southeastern continental Asia; recorded westward to Israel and Turkey""",species,Siberian Pipit,Anthus japonicus,"northern to eastern Russia in southeastern Taymyr Peninsula, western Siberian Plateau, and from eastward of Lena River, Yakutsk region, and Lake Baikal eastward to Chukotskiy Peninsula, Commander Islands, Sakhalin, and Kuril Islands; winters from Japan and Korea to southern and southeastern continental Asia; recorded westward to Israel and Turkey",Passeriformes,Motacillidae (Wagtails and Pipits),NA,NA,31362,FALSE
31605,amepip,split,"Polytypic American Pipit Anthus rubescens is split into monotypic Siberian Pipit Anthus japonicus and polytypic American Pipit Anthus rubescens (with subspecies pacificus, rubescens, and alticola)",species,American Pipit,Anthus rubescens,NA,Passeriformes,Motacillidae (Wagtails and Pipits),NA,NA,31361,TRUE
31611,sprpip,NA,NA,species,Sprague's Pipit,Anthus spragueii,prairies and plains of North America; winters to southern Mexico,Passeriformes,Motacillidae (Wagtails and Pipits),NA,NA,31368,TRUE
31612,yelpip2,NA,NA,species,Yellowish Pipit,Anthus chii,NA,Passeriformes,Motacillidae (Wagtails and Pipits),NA,NA,31369,FALSE
31617,shbpip1,NA,NA,species,Short-billed Pipit,Anthus furcatus,"far southeastern Brazil to Paraguay, Uruguay, and northern Argentina",Passeriformes,Motacillidae (Wagtails and Pipits),NA,NA,31374,FALSE
31620,corpip1,NA,NA,species,Correndera Pipit,Anthus correndera,NA,Passeriformes,Motacillidae (Wagtails and Pipits),NA,NA,31377,FALSE
31649,pipit1,NA,NA,spuh,pipit sp.,Anthus sp.,NA,Passeriformes,Motacillidae (Wagtails and Pipits),NA,NA,31406,FALSE
31670,comcha,NA,NA,species,Common Chaffinch,Fringilla coelebs,NA,Passeriformes,"Fringillidae (Finches, Euphonias, and Allies)",NA,NA,31427,FALSE
31696,brambl,NA,NA,species,Brambling,Fringilla montifringilla,northern Eurasia; winters Mediterranean region and southern Asia,Passeriformes,"Fringillidae (Finches, Euphonias, and Allies)",NA,NA,31453,FALSE
31739,yeceup1,NA,NA,species,Yellow-crowned Euphonia,Euphonia luteicapilla,tropical eastern Nicaragua to Costa Rica and Panama,Passeriformes,"Fringillidae (Finches, Euphonias, and Allies)",NA,NA,31496,FALSE
31806,evegro,NA,NA,species,Evening Grosbeak,Coccothraustes vespertinus,NA,Passeriformes,"Fringillidae (Finches, Euphonias, and Allies)",NA,NA,31563,TRUE
31833,layfin,NA,NA,species,Laysan Finch,Telespiza cantans,Laysan Island (northwestern Hawaiian Islands),Passeriformes,"Fringillidae (Finches, Euphonias, and Allies)",NA,NA,31590,FALSE
31945,pingro,NA,NA,species,Pine Grosbeak,Pinicola enucleator,NA,Passeriformes,"Fringillidae (Finches, Euphonias, and Allies)",NA,NA,31701,TRUE
31975,eurbul,NA,NA,species,Eurasian Bullfinch,Pyrrhula pyrrhula,NA,Passeriformes,"Fringillidae (Finches, Euphonias, and Allies)",NA,NA,31731,FALSE
32020,gcrfin,NA,NA,species,Gray-crowned Rosy-Finch,Leucosticte tephrocotis,NA,Passeriformes,"Fringillidae (Finches, Euphonias, and Allies)",NA,NA,31776,TRUE
32021,gycrof2,NA,NA,group (monotypic),Gray-crowned Rosy-Finch (Pribilof Is.),Leucosticte tephrocotis umbrina,St. Matthew Island and Pribilof Islands (Bering Sea),Passeriformes,"Fringillidae (Finches, Euphonias, and Allies)",NA,NA,31777,FALSE
32022,gycrof3,NA,NA,group (monotypic),Gray-crowned Rosy-Finch (Aleutian and Kodiak Is.),Leucosticte tephrocotis griseonucha,"Komandorskiye, Aleutian, and Kodiak islands to Alaska",Passeriformes,"Fringillidae (Finches, Euphonias, and Allies)",NA,NA,31778,FALSE
32023,gycrof1,NA,NA,group (monotypic),Gray-crowned Rosy-Finch (Hepburn's),Leucosticte tephrocotis littoralis,"central Alaska to southwestern Yukon, western Canada, and northwestern USA",Passeriformes,"Fringillidae (Finches, Euphonias, and Allies)",NA,NA,31779,FALSE
32026,gycrof7,NA,NA,subspecies,NA,Leucosticte tephrocotis tephrocotis,mountains of Yukon and western Alberta to southeastern British Columbia and northwestern Montana,Passeriformes,"Fringillidae (Finches, Euphonias, and Allies)",NA,NA,31782,FALSE
32027,gycrof8,NA,NA,subspecies,NA,Leucosticte tephrocotis wallowa,Wallowa Mountains (northeastern Oregon); winters to west-central Nevada,Passeriformes,"Fringillidae (Finches, Euphonias, and Allies)",NA,NA,31783,FALSE
32028,gycrof9,NA,NA,subspecies,NA,Leucosticte tephrocotis dawsoni,"eastern California (Sierra Nevada, and White and Inyo mountains)",Passeriformes,"Fringillidae (Finches, Euphonias, and Allies)",NA,NA,31784,FALSE
32030,bkrfin,NA,NA,species,Black Rosy-Finch,Leucosticte atrata,mountains of Idaho and Montana to Nevada and Utah; winters to Arizona,Passeriformes,"Fringillidae (Finches, Euphonias, and Allies)",NA,NA,31786,TRUE
32032,bcrfin,NA,NA,species,Brown-capped Rosy-Finch,Leucosticte australis,"mountains of southeastern Wyoming, Colorado, and north-central New Mexico",Passeriformes,"Fringillidae (Finches, Euphonias, and Allies)",NA,NA,31788,TRUE
32033,rosfin,NA,NA,spuh,rosy-finch sp.,Leucosticte sp.,NA,Passeriformes,"Fringillidae (Finches, Euphonias, and Allies)",NA,NA,31789,FALSE
32034,houfin,NA,NA,species,House Finch,Haemorhous mexicanus,NA,Passeriformes,"Fringillidae (Finches, Euphonias, and Allies)",NA,NA,31790,TRUE
32048,purfin,NA,NA,species,Purple Finch,Haemorhous purpureus,NA,Passeriformes,"Fringillidae (Finches, Euphonias, and Allies)",NA,NA,31804,TRUE
32053,casfin,NA,NA,species,Cassin's Finch,Haemorhous cassinii,mountains of southwestern Canada to central Mexico and southern Baja California,Passeriformes,"Fringillidae (Finches, Euphonias, and Allies)",NA,NA,31809,TRUE
32060,eurgre1,NA,NA,species,European Greenfinch,Chloris chloris,NA,Passeriformes,"Fringillidae (Finches, Euphonias, and Allies)",NA,NA,31816,FALSE
32150,strsee1,NA,NA,species,Streaky Seedeater,Crithagra striolata,NA,Passeriformes,"Fringillidae (Finches, Euphonias, and Allies)",NA,NA,31906,FALSE
32185,twite1,NA,NA,species,Twite,Linaria flavirostris,NA,Passeriformes,"Fringillidae (Finches, Euphonias, and Allies)",NA,NA,31942,FALSE
32194,eurlin1,NA,NA,species,Eurasian Linnet,Linaria cannabina,NA,Passeriformes,"Fringillidae (Finches, Euphonias, and Allies)",NA,NA,31951,FALSE
32205,redpol1,lump,"Monotypic Lesser Redpoll Acanthis cabaret and polytypic Hoary Redpoll Acanthis hornemanni (with subspecies exilipes and hornemanni) are lumped with polytypic Common Redpoll Acanthis flammea, and the English name is changed to Redpoll, as Redpoll Acanthis flammea (with subspecies flammea, rostrata, islandica, cabaret, exilipes, and hornemanni)",species,Redpoll,Acanthis flammea,NA,Passeriformes,"Fringillidae (Finches, Euphonias, and Allies)",NA,NA,31974,TRUE
32213,hoared,lump,NA,form,Redpoll (Hoary),Acanthis flammea hornemanni/exilipes,tundra of northern Eurasia and northern North America,Passeriformes,"Fringillidae (Finches, Euphonias, and Allies)",NA,NA,31969,TRUE
32218,parcro2,NA,NA,species,Parrot Crossbill,Loxia pytyopsittacus,coniferous forest of northeastern Europe to western Siberia,Passeriformes,"Fringillidae (Finches, Euphonias, and Allies)",NA,NA,31975,FALSE
32219,scocro1,NA,NA,species,Scottish Crossbill,Loxia scotica,pine forest of northern Scotland,Passeriformes,"Fringillidae (Finches, Euphonias, and Allies)",NA,NA,31976,FALSE
32220,redcro,NA,NA,species,Red Crossbill,Loxia curvirostra,NA,Passeriformes,"Fringillidae (Finches, Euphonias, and Allies)",NA,NA,31977,TRUE
32260,redcro9,NA,NA,species,Cassia Crossbill,Loxia sinesciuris,South Hills and Albion Mountains of south-central Idaho (northwestern USA),Passeriformes,"Fringillidae (Finches, Euphonias, and Allies)",NA,NA,32017,TRUE
32263,whwcro,NA,NA,species,White-winged Crossbill,Loxia leucoptera,NA,Passeriformes,"Fringillidae (Finches, Euphonias, and Allies)",NA,NA,32020,TRUE
32266,crossb,NA,NA,spuh,crossbill sp.,Loxia sp.,NA,Passeriformes,"Fringillidae (Finches, Euphonias, and Allies)",NA,NA,32023,FALSE
32273,eurgol,split,"Polytypic European Goldfinch Carduelis carduelis is split into polytypic European Goldfinch (with subspecies britannica, carduelis, parva, tschusii, balcanica, niediecki, brevirostris, colchica, volgensis, and frigoris) and polytypic Gray-crowned Goldfinch Carduelis caniceps (with subspecies paropanisi, subulata, caniceps, and ultima).",species,European Goldfinch,Carduelis carduelis,NA,Passeriformes,"Fringillidae (Finches, Euphonias, and Allies)",NA,NA,32031,TRUE
32295,comcan,NA,NA,species,Island Canary,Serinus canaria,"Madeira, Azores, and western Canary Islands",Passeriformes,"Fringillidae (Finches, Euphonias, and Allies)",NA,NA,32052,FALSE
32313,canary1,NA,NA,spuh,Serinus sp.,Serinus sp.,NA,Passeriformes,"Fringillidae (Finches, Euphonias, and Allies)",NA,NA,32070,FALSE
32315,eursis,NA,NA,species,Eurasian Siskin,Spinus spinus,"northern Palearctic; winters Mediterranean region, China, and Ryukyu Islands (southern Japan)",Passeriformes,"Fringillidae (Finches, Euphonias, and Allies)",NA,NA,32072,FALSE
32316,pinsis,NA,NA,species,Pine Siskin,Spinus pinus,NA,Passeriformes,"Fringillidae (Finches, Euphonias, and Allies)",NA,NA,32073,TRUE
32323,blcsis1,NA,NA,species,Black-capped Siskin,Spinus atriceps,coniferous forest of southern Mexico (Chiapas) and western Guatemala,Passeriformes,"Fringillidae (Finches, Euphonias, and Allies)",NA,NA,32080,FALSE
32330,lesgol,NA,NA,species,Lesser Goldfinch,Spinus psaltria,NA,Passeriformes,"Fringillidae (Finches, Euphonias, and Allies)",NA,NA,32087,TRUE
32337,lawgol,NA,NA,species,Lawrence's Goldfinch,Spinus lawrencei,southern California and northwestern Baja; winters to Texas and northern Sonora,Passeriformes,"Fringillidae (Finches, Euphonias, and Allies)",NA,NA,32094,TRUE
32338,amegfi,NA,NA,species,American Goldfinch,Spinus tristis,NA,Passeriformes,"Fringillidae (Finches, Euphonias, and Allies)",NA,NA,32095,TRUE
32358,hoosis1,NA,NA,species,Hooded Siskin,Spinus magellanicus,NA,Passeriformes,"Fringillidae (Finches, Euphonias, and Allies)",NA,NA,32115,FALSE
32378,blcsis2,NA,NA,species,Black-chinned Siskin,Spinus barbatus,central Chile and southern Argentina to Tierra del Fuego and Falkland Islands,Passeriformes,"Fringillidae (Finches, Euphonias, and Allies)",NA,NA,32133,FALSE
32380,spinus1,NA,NA,spuh,Spinus sp.,Spinus sp.,NA,Passeriformes,"Fringillidae (Finches, Euphonias, and Allies)",NA,NA,32134,FALSE
32381,y00631,NA,NA,spuh,Acanthis/Spinus sp.,Acanthis/Spinus sp.,NA,Passeriformes,"Fringillidae (Finches, Euphonias, and Allies)",NA,NA,32135,FALSE
32382,finch1,NA,NA,spuh,finch sp.,Fringillidae sp.,NA,Passeriformes,"Fringillidae (Finches, Euphonias, and Allies)",NA,NA,32136,FALSE
32383,calcar1,NA,NA,family,Longspurs and Snow Buntings,Calcariidae,NA,Passeriformes,Calcariidae (Longspurs and Snow Buntings),NA,NA,32137,FALSE
32384,laplon,subspecies revised,NA,species,Lapland Longspur,Calcarius lapponicus,NA,Passeriformes,Calcariidae (Longspurs and Snow Buntings),NA,NA,32138,TRUE
32388,chclon,NA,NA,species,Chestnut-collared Longspur,Calcarius ornatus,prairies of central North America; winters southwestern USA to northern Mexico,Passeriformes,Calcariidae (Longspurs and Snow Buntings),NA,NA,32142,TRUE
32389,smilon,NA,NA,species,Smith's Longspur,Calcarius pictus,breeds Alaska and western Canada; winters in south-central USA,Passeriformes,Calcariidae (Longspurs and Snow Buntings),NA,NA,32143,TRUE
32390,mcclon,NA,NA,species,Thick-billed Longspur,Rhynchophanes mccownii,breeds western Canada to northwestern USA; winters to northwestern Mexico,Passeriformes,Calcariidae (Longspurs and Snow Buntings),NA,NA,32144,TRUE
32391,longsp1,NA,NA,spuh,longspur sp.,Calcarius/Rhynchophanes sp.,NA,Passeriformes,Calcariidae (Longspurs and Snow Buntings),NA,NA,32145,FALSE
32392,snobun,NA,NA,species,Snow Bunting,Plectrophenax nivalis,NA,Passeriformes,Calcariidae (Longspurs and Snow Buntings),NA,NA,32146,TRUE
32398,mckbun,NA,NA,species,McKay's Bunting,Plectrophenax hyperboreus,islands in Bering Sea; winters to coastal Alaska and Aleutian Islands,Passeriformes,Calcariidae (Longspurs and Snow Buntings),NA,NA,32152,TRUE
32402,rottan2,NA,NA,species,Rosy Thrush-Tanager,Rhodinocichla rosea,NA,Passeriformes,Rhodinocichlidae (Thrush-Tanager),NA,NA,32156,FALSE
32451,yellow2,NA,NA,species,Yellowhammer,Emberiza citrinella,NA,Passeriformes,Emberizidae (Old World Buntings),NA,NA,32204,FALSE
32474,gobbun1,NA,NA,species,Golden-breasted Bunting,Emberiza flaviventris,NA,Passeriformes,Emberizidae (Old World Buntings),NA,NA,32227,FALSE
32524,reebun,NA,NA,species,Reed Bunting,Emberiza schoeniclus,NA,Passeriformes,Emberizidae (Old World Buntings),NA,NA,32277,FALSE
32562,emberi1,NA,NA,spuh,Emberiza sp.,Emberiza sp.,NA,Passeriformes,Emberizidae (Old World Buntings),NA,NA,32315,FALSE
32585,cobtan1,NA,NA,species,Common Chlorospingus,Chlorospingus flavopectus,NA,Passeriformes,Passerellidae (New World Sparrows),NA,NA,32338,FALSE
32624,tumspa1,NA,NA,species,Tumbes Sparrow,Rhynchospiza stolzmanni,arid littoral of southwestern Ecuador and northwestern Peru,Passeriformes,Passerellidae (New World Sparrows),NA,NA,32377,FALSE
32626,stcspa3,NA,NA,species,Chaco Sparrow,Rhynchospiza strigiceps,"breeds in north-central Argentina (Salta and Chaco southward to La Rioja, San Luis, Córdoba, and Buenos Aires); partially migratory, wintering to southeastern Bolivia, western Paraguay, and northeastern Argentina (Corrientes and Entre Ríos)",Passeriformes,Passerellidae (New World Sparrows),NA,NA,32379,FALSE
32628,ruwspa,NA,NA,species,Rufous-winged Sparrow,Peucaea carpalis,NA,Passeriformes,Passerellidae (New World Sparrows),NA,NA,32381,TRUE
32633,sthspa1,NA,NA,species,Stripe-headed Sparrow,Peucaea ruficauda,NA,Passeriformes,Passerellidae (New World Sparrows),NA,NA,32386,FALSE
32640,blcspa1,NA,NA,species,Black-chested Sparrow,Peucaea humeralis,arid highlands of southwestern Mexico (Jalisco to western Oaxaca),Passeriformes,Passerellidae (New World Sparrows),NA,NA,32392,FALSE
32642,botspa,NA,NA,species,Botteri's Sparrow,Peucaea botterii,NA,Passeriformes,Passerellidae (New World Sparrows),NA,NA,32394,TRUE
32654,casspa,NA,NA,species,Cassin's Sparrow,Peucaea cassinii,arid southwestern USA and adjacent northern Mexico; winters to central Mexico,Passeriformes,Passerellidae (New World Sparrows),NA,NA,32406,TRUE
32656,bacspa,NA,NA,species,Bachman's Sparrow,Peucaea aestivalis,NA,Passeriformes,Passerellidae (New World Sparrows),NA,NA,32408,TRUE
32661,graspa,NA,NA,species,Grasshopper Sparrow,Ammodramus savannarum,NA,Passeriformes,Passerellidae (New World Sparrows),NA,NA,32413,TRUE
32673,graspa1,NA,NA,species,Grassland Sparrow,Ammodramus humeralis,NA,Passeriformes,Passerellidae (New World Sparrows),NA,NA,32425,FALSE
32684,olispa,NA,NA,species,Olive Sparrow,Arremonops rufivirgatus,NA,Passeriformes,Passerellidae (New World Sparrows),NA,NA,32436,TRUE
32700,blsspa1,NA,NA,species,Black-striped Sparrow,Arremonops conirostris,NA,Passeriformes,Passerellidae (New World Sparrows),NA,NA,32452,FALSE
32708,chispa,NA,NA,species,Chipping Sparrow,Spizella passerina,NA,Passeriformes,Passerellidae (New World Sparrows),NA,NA,32460,TRUE
32714,clcspa,NA,NA,species,Clay-colored Sparrow,Spizella pallida,breeds western Canada and USA; winters to Guatemala,Passeriformes,Passerellidae (New World Sparrows),NA,NA,32466,TRUE
32716,bkcspa,subspecies revised,NA,species,Black-chinned Sparrow,Spizella atrogularis,NA,Passeriformes,Passerellidae (New World Sparrows),NA,NA,32468,TRUE
32720,fiespa,NA,NA,species,Field Sparrow,Spizella pusilla,NA,Passeriformes,Passerellidae (New World Sparrows),NA,NA,32473,TRUE
32725,brespa,NA,NA,species,Brewer's Sparrow,Spizella breweri,NA,Passeriformes,Passerellidae (New World Sparrows),NA,NA,32478,TRUE
32732,spizel1,NA,NA,spuh,Spizella sp.,Spizella sp.,NA,Passeriformes,Passerellidae (New World Sparrows),NA,NA,32485,FALSE
32733,fisspa,NA,NA,species,Five-striped Sparrow,Amphispizopsis quinquestriata,NA,Passeriformes,Passerellidae (New World Sparrows),NA,NA,32486,FALSE
32736,bktspa,NA,NA,species,Black-throated Sparrow,Amphispiza bilineata,NA,Passeriformes,Passerellidae (New World Sparrows),NA,NA,32489,TRUE
32747,larspa,NA,NA,species,Lark Sparrow,Chondestes grammacus,NA,Passeriformes,Passerellidae (New World Sparrows),NA,NA,32500,TRUE
32750,larbun,NA,NA,species,Lark Bunting,Calamospiza melanocorys,breeds western Canada and western USA; winters to northern Mexico,Passeriformes,Passerellidae (New World Sparrows),NA,NA,32503,TRUE
32779,bkcspa1,split; range,"Polytypic Black-capped Sparrow Arremon abeillei is split into monotypic Black-capped Sparrow Arremon abeillei and monotypic Marañon Sparrow Arremon nigriceps; range changed from ""arid scrub of west-central Ecuador (Manabí) to northwestern Peru (Cajamarca)"" to ""dry deciduous forest and scrub of lowlands and hills on Pacific slope from Manabí in west-central Ecuador southward to Cajamarca in northwestern Peru""",species,Black-capped Sparrow,Arremon abeillei,dry deciduous forest and scrub of lowlands and hills on Pacific slope from Manabí in west-central Ecuador southward to Cajamarca in northwestern Peru,Passeriformes,Passerellidae (New World Sparrows),NA,NA,32533,FALSE
32793,sabspa1,NA,NA,species,Saffron-billed Sparrow,Arremon flavirostris,NA,Passeriformes,Passerellidae (New World Sparrows),NA,NA,32547,FALSE
32813,amtspa,NA,NA,species,American Tree Sparrow,Spizelloides arborea,NA,Passeriformes,Passerellidae (New World Sparrows),NA,NA,32567,TRUE
32817,foxspa,NA,NA,species,Fox Sparrow,Passerella iliaca,NA,Passeriformes,Passerellidae (New World Sparrows),NA,NA,32571,TRUE
32827,foxspa8,NA,NA,subspecies,NA,Passerella iliaca fulva,Oregon east of Cascades to northeastern California (Modoc); winters to northern Baja California,Passeriformes,Passerellidae (New World Sparrows),NA,NA,32581,FALSE
32831,foxspa12,NA,NA,subspecies,NA,Passerella iliaca monoensis,Mono Lake area of east-central California and adjacent Nevada; winters to northwestern Baja California,Passeriformes,Passerellidae (New World Sparrows),NA,NA,32585,FALSE
32834,foxspa14,NA,NA,subspecies,NA,Passerella iliaca olivacea,mountains of southwestern British Columbia to central and eastern Washington; winters to northern Baja California,Passeriformes,Passerellidae (New World Sparrows),NA,NA,32588,FALSE
32835,foxspa15,NA,NA,subspecies,NA,Passerella iliaca schistacea,southwestern British Columbia and southwestern Alberta to northern Nevada; winters to western Texas,Passeriformes,Passerellidae (New World Sparrows),NA,NA,32589,FALSE
32836,foxspa16,NA,NA,subspecies,NA,Passerella iliaca swarthi,mountains of northwestern Utah and southeastern Idaho,Passeriformes,Passerellidae (New World Sparrows),NA,NA,32590,FALSE
32839,foxspa18,NA,NA,subspecies,NA,Passerella iliaca zaboria,northwestern Alaska to southwestern Canada; winters east of Great Plains to central and southern USA,Passeriformes,Passerellidae (New World Sparrows),NA,NA,32593,FALSE
32842,daejun,NA,NA,species,Dark-eyed Junco,Junco hyemalis,NA,Passeriformes,Passerellidae (New World Sparrows),NA,NA,32595,TRUE
32845,daejun9,NA,NA,subspecies,NA,Junco hyemalis hyemalis,northern Alaska and Yukon to north-central USA; winters to northern Mexico,Passeriformes,Passerellidae (New World Sparrows),NA,NA,32598,TRUE
32846,daejun10,NA,NA,subspecies,NA,Junco hyemalis carolinensis,Appalachian Mountains to northern Georgia,Passeriformes,Passerellidae (New World Sparrows),NA,NA,32599,FALSE
32849,daejun11,NA,NA,subspecies,NA,Junco hyemalis oreganus,coastal southeastern Alaska to central British Columbia; winters to central California,Passeriformes,Passerellidae (New World Sparrows),NA,NA,32602,TRUE
32850,daejun12,NA,NA,subspecies,NA,Junco hyemalis montanus,"interior British Columbia and southwestern Alberta to eastern Oregon, western Montana, and central Idaho",Passeriformes,Passerellidae (New World Sparrows),NA,NA,32603,FALSE
32851,daejun13,NA,NA,subspecies,NA,Junco hyemalis shufeldti,west slopes of coastal mountains from southwestern British Columbia to western Oregon,Passeriformes,Passerellidae (New World Sparrows),NA,NA,32604,FALSE
32852,daejun14,NA,NA,subspecies,NA,Junco hyemalis thurberi,"western USA; breeds from southern Oregon southward to southern California, and eastward to western Nevada; winters from Oregon southward to northern Mexico (northern Baja California) and eastward to Arizona and southwestern New Mexico",Passeriformes,Passerellidae (New World Sparrows),NA,NA,32605,FALSE
32853,daejun15,NA,NA,subspecies,NA,Junco hyemalis pinosus,coastal ranges of California (San Francisco to southern Monterey County),Passeriformes,Passerellidae (New World Sparrows),NA,NA,32606,FALSE
32854,daejun16,NA,NA,subspecies,NA,Junco hyemalis pontilis,mountains of northern Baja California (Sierra Juárez),Passeriformes,Passerellidae (New World Sparrows),NA,NA,32607,FALSE
32855,daejun17,NA,NA,subspecies,NA,Junco hyemalis townsendi,mountains of northern Baja California (San Pedro Mártir),Passeriformes,Passerellidae (New World Sparrows),NA,NA,32608,FALSE
32856,pisjun,NA,NA,group (monotypic),Dark-eyed Junco (Pink-sided),Junco hyemalis mearnsi,"southeastern Alberta, southwestern Saskatchewan to eastern Idaho, Montana, and northeastern Wyoming",Passeriformes,Passerellidae (New World Sparrows),NA,NA,32609,TRUE
32858,whwjun,NA,NA,group (monotypic),Dark-eyed Junco (White-winged),Junco hyemalis aikeni,"southeastern Montana to western South Dakota, northeastern Wyoming, and northwestern Nebraska",Passeriformes,Passerellidae (New World Sparrows),NA,NA,32611,TRUE
32860,gyhjun,NA,NA,group (monotypic),Dark-eyed Junco (Gray-headed),Junco hyemalis caniceps,"western USA; breeds in mountains from southern Idaho eastward to Wyoming, southward to southeastern California, eastern Nevada, and northern Arizona and New Mexico; winters from Utah and Colorado southward to northern Mexico and eastward to southwestern Texas",Passeriformes,Passerellidae (New World Sparrows),NA,NA,32613,TRUE
32863,rebjun1,NA,NA,group (monotypic),Dark-eyed Junco (Red-backed),Junco hyemalis dorsalis,"mountains of New Mexico, northern Arizona, and far western Texas",Passeriformes,Passerellidae (New World Sparrows),NA,NA,32616,FALSE
32866,yeejun,NA,NA,species,Yellow-eyed Junco,Junco phaeonotus,NA,Passeriformes,Passerellidae (New World Sparrows),NA,NA,32619,TRUE
32876,rucspa1,NA,NA,species,Rufous-collared Sparrow,Zonotrichia capensis,NA,Passeriformes,Passerellidae (New World Sparrows),NA,NA,32629,FALSE
32905,whcspa,NA,NA,species,White-crowned Sparrow,Zonotrichia leucophrys,NA,Passeriformes,Passerellidae (New World Sparrows),NA,NA,32658,TRUE
32914,gocspa,NA,NA,species,Golden-crowned Sparrow,Zonotrichia atricapilla,breeds Alaska and western Canada; winters to Sonora and Baja California,Passeriformes,Passerellidae (New World Sparrows),NA,NA,32667,TRUE
32916,harspa,NA,NA,species,Harris's Sparrow,Zonotrichia querula,breeds north-central Canada; winters to southern USA,Passeriformes,Passerellidae (New World Sparrows),NA,NA,32669,TRUE
32919,whtspa,NA,NA,species,White-throated Sparrow,Zonotrichia albicollis,breeds northern North America; winters to southern USA and northern Mexico,Passeriformes,Passerellidae (New World Sparrows),NA,NA,32672,TRUE
32924,zonotr1,NA,NA,spuh,Zonotrichia sp.,Zonotrichia sp.,NA,Passeriformes,Passerellidae (New World Sparrows),NA,NA,32677,FALSE
32925,sagspa1,NA,NA,species,Sagebrush Sparrow,Artemisiospiza nevadensis,sagebrush and saltbush of Great Basin,Passeriformes,Passerellidae (New World Sparrows),NA,NA,32678,TRUE
32926,belspa2,NA,NA,species,Bell's Sparrow,Artemisiospiza belli,NA,Passeriformes,Passerellidae (New World Sparrows),NA,NA,32679,TRUE
32928,belspa3,NA,NA,group (monotypic),Bell's Sparrow (canescens),Artemisiospiza belli canescens,interior south-central California,Passeriformes,Passerellidae (New World Sparrows),NA,NA,32681,FALSE
32935,vesspa,NA,NA,species,Vesper Sparrow,Pooecetes gramineus,NA,Passeriformes,Passerellidae (New World Sparrows),NA,NA,32688,TRUE
32939,lecspa,NA,NA,species,LeConte's Sparrow,Ammospiza leconteii,prairies of central North America; winters to Gulf States,Passeriformes,Passerellidae (New World Sparrows),NA,NA,32692,TRUE
32940,seaspa,NA,NA,species,Seaside Sparrow,Ammospiza maritima,NA,Passeriformes,Passerellidae (New World Sparrows),NA,NA,32693,TRUE
32946,seaspa5,NA,NA,subspecies,NA,Ammospiza maritima fisheri,marshes of Gulf Coast (San Antonio Bay to Alabama),Passeriformes,Passerellidae (New World Sparrows),NA,NA,32699,FALSE
32949,cssspa1,NA,NA,group (monotypic),Seaside Sparrow (Cape Sable),Ammospiza maritima mirabilis,marshes of southwestern Florida (Everglades to Cape Sable),Passeriformes,Passerellidae (New World Sparrows),NA,NA,32702,FALSE
32950,nstspa,NA,NA,species,Nelson's Sparrow,Ammospiza nelsoni,NA,Passeriformes,Passerellidae (New World Sparrows),NA,NA,32703,TRUE
32952,nelspa1,NA,NA,subspecies,NA,Ammospiza nelsoni nelsoni,western North America (southern Canada to northern USA; winters to northwestern Mexico),Passeriformes,Passerellidae (New World Sparrows),NA,NA,32705,FALSE
32954,nstspa2,NA,NA,group (monotypic),Nelson's Sparrow (Atlantic Coast),Ammospiza nelsoni subvirgata,southern Quebec to Nova Scotia and eastern Maine; winters South Carolina to northern Florida,Passeriformes,Passerellidae (New World Sparrows),NA,NA,32707,FALSE
32956,sstspa,NA,NA,species,Saltmarsh Sparrow,Ammospiza caudacuta,NA,Passeriformes,Passerellidae (New World Sparrows),NA,NA,32709,TRUE
32962,savspa,NA,NA,species,Savannah Sparrow,Passerculus sandwichensis,NA,Passeriformes,Passerellidae (New World Sparrows),NA,NA,32715,TRUE
32988,baispa,NA,NA,species,Baird's Sparrow,Centronyx bairdii,Great Plains of North America; winters to southwestern USA and northern Mexico,Passeriformes,Passerellidae (New World Sparrows),NA,NA,32741,TRUE
32990,henspa,NA,NA,species,Henslow's Sparrow,Centronyx henslowii,NA,Passeriformes,Passerellidae (New World Sparrows),NA,NA,32743,TRUE
32995,sonspa,NA,NA,species,Song Sparrow,Melospiza melodia,NA,Passeriformes,Passerellidae (New World Sparrows),NA,NA,32748,TRUE
33028,linspa,NA,NA,species,Lincoln's Sparrow,Melospiza lincolnii,NA,Passeriformes,Passerellidae (New World Sparrows),NA,NA,32781,TRUE
33033,swaspa,NA,NA,species,Swamp Sparrow,Melospiza georgiana,NA,Passeriformes,Passerellidae (New World Sparrows),NA,NA,32786,TRUE
33040,zapspa1,NA,NA,species,Zapata Sparrow,Torreornis inexpectata,NA,Passeriformes,Passerellidae (New World Sparrows),NA,NA,32793,FALSE
33044,rcgspa1,NA,NA,species,Rusty-crowned Ground-Sparrow,Melozone kieneri,NA,Passeriformes,Passerellidae (New World Sparrows),NA,NA,32797,FALSE
33048,cantow,NA,NA,species,Canyon Towhee,Melozone fusca,NA,Passeriformes,Passerellidae (New World Sparrows),NA,NA,32801,TRUE
33049,cantow1,NA,NA,subspecies,NA,Melozone fusca mesoleuca,"Arizona and New Mexico to western Texas, Sonora, and northwestern Chihuahua",Passeriformes,Passerellidae (New World Sparrows),NA,NA,32802,FALSE
33059,whttow1,NA,NA,species,White-throated Towhee,Melozone albicollis,NA,Passeriformes,Passerellidae (New World Sparrows),NA,NA,32812,FALSE
33062,abetow,NA,NA,species,Abert's Towhee,Melozone aberti,NA,Passeriformes,Passerellidae (New World Sparrows),NA,NA,32815,TRUE
33068,caltow,subspecies revised,NA,species,California Towhee,Melozone crissalis,NA,Passeriformes,Passerellidae (New World Sparrows),NA,NA,32821,TRUE
33071,caltow3,NA,NA,subspecies,NA,Melozone crissalis petulans,coastal northern California (Humboldt County to Santa Cruz County),Passeriformes,Passerellidae (New World Sparrows),NA,NA,32824,FALSE
33072,caltow4,subspecies deleted; range,"Synonymize bullata, carolae, and eremophila into Melozone crissalis crissalis and modify range of crissalis accordingly; range changed from ""coastal central California (northern Monterey to Kern and Ventura counties)"" to ""semiarid southwestern Oregon to coastal central, interior, and east-central California""",subspecies,NA,Melozone crissalis crissalis,"semiarid southwestern Oregon to coastal central, interior, and east-central California",Passeriformes,Passerellidae (New World Sparrows),NA,NA,32825,FALSE
33078,wegspa1,NA,NA,species,White-eared Ground-Sparrow,Melozone leucotis,NA,Passeriformes,Passerellidae (New World Sparrows),NA,NA,32830,FALSE
33083,pregrs1,NA,NA,species,White-faced Ground-Sparrow,Melozone biarcuata,"highlands of southern Mexico (Chiapas) Guatemala, El Salvador, and western Honduras",Passeriformes,Passerellidae (New World Sparrows),NA,NA,32835,FALSE
33085,russpa1,NA,NA,species,Rusty Sparrow,Aimophila rufescens,NA,Passeriformes,Passerellidae (New World Sparrows),NA,NA,32837,FALSE
33093,rucspa,NA,NA,species,Rufous-crowned Sparrow,Aimophila ruficeps,NA,Passeriformes,Passerellidae (New World Sparrows),NA,NA,32845,TRUE
33106,oaxspa1,NA,NA,species,Oaxaca Sparrow,Aimophila notosticta,arid highlands of southern Mexico (central Oaxaca),Passeriformes,Passerellidae (New World Sparrows),NA,NA,32858,FALSE
33107,gnttow,NA,NA,species,Green-tailed Towhee,Pipilo chlorurus,highlands of western USA; winters to central Mexico,Passeriformes,Passerellidae (New World Sparrows),NA,NA,32859,TRUE
33108,spotow,NA,NA,species,Spotted Towhee,Pipilo maculatus,NA,Passeriformes,Passerellidae (New World Sparrows),NA,NA,32860,TRUE
33110,spotow6,NA,NA,subspecies,NA,Pipilo maculatus oregonus,coastal southwestern British Columbia to southwestern Oregon; winters to southern California,Passeriformes,Passerellidae (New World Sparrows),NA,NA,32862,FALSE
33111,spotow7,NA,NA,subspecies,NA,Pipilo maculatus falcifer,coastal northern California (Del Norte to Santa Cruz and San Benito counties),Passeriformes,Passerellidae (New World Sparrows),NA,NA,32863,FALSE
33112,spotow8,NA,NA,subspecies,NA,Pipilo maculatus megalonyx,coastal southern California (Monterey) to northwestern Baja California and Santa Cruz Island,Passeriformes,Passerellidae (New World Sparrows),NA,NA,32864,FALSE
33117,spotow5,NA,NA,group (monotypic),Spotted Towhee (arcticus),Pipilo maculatus arcticus,Great Plains of North America to southwestern USA; winters to northeastern Mexico,Passeriformes,Passerellidae (New World Sparrows),NA,NA,32869,FALSE
33119,spotow13,NA,NA,subspecies,NA,Pipilo maculatus curtatus,"southeastern British Columbia to northeastern California, Nevada, and Idaho; winters to southeastern California",Passeriformes,Passerellidae (New World Sparrows),NA,NA,32871,FALSE
33121,spotow15,NA,NA,subspecies,NA,Pipilo maculatus montanus,southwestern USA to northwestern Mexico; winters to northern Mexico,Passeriformes,Passerellidae (New World Sparrows),NA,NA,32873,FALSE
33130,spotow24,NA,NA,subspecies,NA,Pipilo maculatus repetens,mountains of southern Mexico (southeastern Chiapas) and western Guatemala,Passeriformes,Passerellidae (New World Sparrows),NA,NA,32882,FALSE
33136,eastow,NA,NA,species,Eastern Towhee,Pipilo erythrophthalmus,NA,Passeriformes,Passerellidae (New World Sparrows),NA,NA,32888,TRUE
33146,coltow1,NA,NA,species,Collared Towhee,Pipilo ocai,NA,Passeriformes,Passerellidae (New World Sparrows),NA,NA,32898,FALSE
33157,wnbfin1,NA,NA,species,White-naped Brushfinch,Atlapetes albinucha,NA,Passeriformes,Passerellidae (New World Sparrows),NA,NA,32909,FALSE
33180,obbfin1,NA,NA,species,Ochre-breasted Brushfinch,Atlapetes semirufus,NA,Passeriformes,Passerellidae (New World Sparrows),NA,NA,32932,FALSE
33221,phbfin1,NA,NA,species,Pale-headed Brushfinch,Atlapetes pallidiceps,arid Andes of southwestern Ecuador (Azuay),Passeriformes,Passerellidae (New World Sparrows),NA,NA,32975,FALSE
33239,ysbfin1,NA,NA,species,Yellow-striped Brushfinch,Atlapetes citrinellus,Andes of northwestern Argentina,Passeriformes,Passerellidae (New World Sparrows),NA,NA,32993,FALSE
33241,sparro1,NA,NA,spuh,new world sparrow sp.,Passerellidae sp.,NA,Passeriformes,Passerellidae (New World Sparrows),NA,NA,32995,FALSE
33274,yehwar1,NA,NA,species,Yellow-headed Warbler,Teretistris fernandinae,forest undergrowth of western Cuba including Isla de la Juventud (Isle of Pines; south of western Cuba) and Cayo Cantiles,Passeriformes,Teretistridae (Cuban Warblers),NA,NA,33028,FALSE
33275,oriwar1,NA,NA,species,Oriente Warbler,Teretistris fornsi,NA,Passeriformes,Teretistridae (Cuban Warblers),NA,NA,33029,FALSE
33281,yebcha,NA,NA,species,Yellow-breasted Chat,Icteria virens,NA,Passeriformes,Icteriidae (Yellow-breasted Chat),NA,NA,33035,TRUE
33285,yehbla,NA,NA,species,Yellow-headed Blackbird,Xanthocephalus xanthocephalus,southern Canada to northern Baja California and southern USA; winters to central Mexico,Passeriformes,Icteridae (Troupials and Allies),NA,NA,33039,TRUE
33286,boboli,NA,NA,species,Bobolink,Dolichonyx oryzivorus,grassland and meadows of North America; winters to southern South America,Passeriformes,Icteridae (Troupials and Allies),NA,NA,33040,TRUE
33287,wesmea,NA,NA,species,Western Meadowlark,Sturnella neglecta,NA,Passeriformes,Icteridae (Troupials and Allies),NA,NA,33041,TRUE
33290,easmea,NA,NA,species,Eastern Meadowlark,Sturnella magna,NA,Passeriformes,Icteridae (Troupials and Allies),NA,NA,33044,TRUE
33308,meadow,NA,NA,slash,Western/Eastern Meadowlark,Sturnella neglecta/magna,NA,Passeriformes,Icteridae (Troupials and Allies),NA,NA,33062,FALSE
33309,lilmea2,NA,NA,species,Chihuahuan Meadowlark,Sturnella lilianae,NA,Passeriformes,Icteridae (Troupials and Allies),NA,NA,33063,TRUE
33315,stumea1,NA,NA,spuh,Sturnella meadowlark sp.,Sturnella sp.,NA,Passeriformes,Icteridae (Troupials and Allies),NA,NA,33069,TRUE
33316,rebbla1,NA,NA,species,Red-breasted Meadowlark,Leistes militaris,"southwestern Costa Rica to Trinidad and the Guianas, Amazonian Brazil, and northwestern Bolivia",Passeriformes,Icteridae (Troupials and Allies),NA,NA,33070,FALSE
33317,whbbla2,NA,NA,species,White-browed Meadowlark,Leistes superciliaris,"far southeastern Peru to Paraguay, Uruguay, northern Argentina, and Brazil",Passeriformes,Icteridae (Troupials and Allies),NA,NA,33071,FALSE
33318,permea1,NA,NA,species,Peruvian Meadowlark,Leistes bellicosus,NA,Passeriformes,Icteridae (Troupials and Allies),NA,NA,33072,FALSE
33321,pammea1,NA,NA,species,Pampas Meadowlark,Leistes defilippii,tall-grass pampas mainly of southern Buenos Aires Province (east-central Argentina) and Uruguay; formerly Rio Grande do Sul (southeastern Brazil),Passeriformes,Icteridae (Troupials and Allies),NA,NA,33075,FALSE
33322,lotmea1,subspecies added,NA,species,Long-tailed Meadowlark,Leistes loyca,NA,Passeriformes,Icteridae (Troupials and Allies),NA,NA,33076,FALSE
33329,yebcac1,NA,NA,species,Yellow-billed Cacique,Amblycercus holosericeus,NA,Passeriformes,Icteridae (Troupials and Allies),NA,NA,33081,FALSE
33334,yewcac1,NA,NA,species,Yellow-winged Cacique,Cassiculus melanicterus,Pacific lowlands of western Mexico (southeastern Sonora) to southeastern Guatemala,Passeriformes,Icteridae (Troupials and Allies),NA,NA,33086,FALSE
33346,creoro1,NA,NA,species,Crested Oropendola,Psarocolius decumanus,NA,Passeriformes,Icteridae (Troupials and Allies),NA,NA,33098,FALSE
33351,chhoro1,NA,NA,species,Chestnut-headed Oropendola,Psarocolius wagleri,NA,Passeriformes,Icteridae (Troupials and Allies),NA,NA,33103,FALSE
33354,monoro1,NA,NA,species,Montezuma Oropendola,Psarocolius montezuma,Gulf-Caribbean lowlands of southeastern Mexico to central Panama,Passeriformes,Icteridae (Troupials and Allies),NA,NA,33106,FALSE
33362,oropen1,NA,NA,spuh,oropendola sp.,Psarocolius sp.,NA,Passeriformes,Icteridae (Troupials and Allies),NA,NA,33114,FALSE
33363,sobcac1,NA,NA,species,Solitary Black Cacique,Cacicus solitarius,"southwestern Venezuela (Táchira, Apure) southward through eastern Colombia (Meta), eastern Ecuador, and eastern Peru, Brazil (south of Amazon eastward to Ceará, Pernambuco and western Bahia; perhaps locally north of the Amazon River on Rio Branco, in Roraima) southward to northern and eastern Bolivia (Pando southeastward to Tarija), Chaco of Paraguay, northern and eastern Argentina (southward to Santiago del Estero, Santa Fe, and Buenos Aires) and western Uruguay (locally along Río Uruguay)",Passeriformes,Icteridae (Troupials and Allies),NA,NA,33115,FALSE
33364,gowcac1,NA,NA,species,Golden-winged Cacique,Cacicus chrysopterus,"southeastern Bolivia (southern Santa Cruz to Tarija) to Paraguay, southern Brazil, Uruguay, and northeastern Argentina",Passeriformes,Icteridae (Troupials and Allies),NA,NA,33116,FALSE
33371,yercac1,NA,NA,species,Yellow-rumped Cacique,Cacicus cela,NA,Passeriformes,Icteridae (Troupials and Allies),NA,NA,33123,FALSE
33382,rercac1,NA,NA,species,Red-rumped Cacique,Cacicus haemorrhous,NA,Passeriformes,Icteridae (Troupials and Allies),NA,NA,33134,FALSE
33387,graori1,NA,NA,species,Hispaniolan Oriole,Icterus dominicensis,"Hispaniola, including Gonâve, Tortue, and Île-a-Vache",Passeriformes,Icteridae (Troupials and Allies),NA,NA,33139,FALSE
33388,graori2,NA,NA,species,Cuban Oriole,Icterus melanopsis,Cuba including Isla de la Juventud (Isle of Pines; south of western Cuba),Passeriformes,Icteridae (Troupials and Allies),NA,NA,33140,FALSE
33389,graori3,NA,NA,species,Bahama Oriole,Icterus northropi,"Andros (Bahamas); formerly also Great and Little Abaco, where extirpated in 1990s",Passeriformes,Icteridae (Troupials and Allies),NA,NA,33141,FALSE
33390,graori4,NA,NA,species,Puerto Rican Oriole,Icterus portoricensis,Puerto Rico,Passeriformes,Icteridae (Troupials and Allies),NA,NA,33142,FALSE
33391,stlori1,NA,NA,species,St. Lucia Oriole,Icterus laudabilis,St. Lucia (Lesser Antilles),Passeriformes,Icteridae (Troupials and Allies),NA,NA,33143,FALSE
33393,marori1,NA,NA,species,Martinique Oriole,Icterus bonana,semiarid hills of Martinique (Lesser Antilles),Passeriformes,Icteridae (Troupials and Allies),NA,NA,33145,FALSE
33394,bkvori,NA,NA,species,Black-vented Oriole,Icterus wagleri,NA,Passeriformes,Icteridae (Troupials and Allies),NA,NA,33146,FALSE
33398,bkcori,NA,NA,species,Black-cowled Oriole,Icterus prosthemelas,NA,Passeriformes,Icteridae (Troupials and Allies),NA,NA,33150,FALSE
33401,orcori,NA,NA,species,Orchard Oriole,Icterus spurius,NA,Passeriformes,Icteridae (Troupials and Allies),NA,NA,33153,TRUE
33403,orcori3,NA,NA,group (monotypic),Orchard Oriole (Fuertes's),Icterus spurius fuertesi,Caribbean coast of Mexico (southern Tamaulipas to southern Veracruz),Passeriformes,Icteridae (Troupials and Allies),NA,NA,33155,FALSE
33404,hooori,NA,NA,species,Hooded Oriole,Icterus cucullatus,NA,Passeriformes,Icteridae (Troupials and Allies),NA,NA,33156,TRUE
33416,yebori1,subspecies revised,NA,species,Yellow-backed Oriole,Icterus chrysater,NA,Passeriformes,Icteridae (Troupials and Allies),NA,NA,33166,FALSE
33421,orcori1,NA,NA,species,Orange-crowned Oriole,Icterus auricapillus,lowlands of eastern Panama to northern Colombia and northern Venezuela,Passeriformes,Icteridae (Troupials and Allies),NA,NA,33171,FALSE
33422,wheori1,NA,NA,species,White-edged Oriole,Icterus graceannae,arid scrub of western Ecuador and northwestern Peru (southward to La Libertad),Passeriformes,Icteridae (Troupials and Allies),NA,NA,33172,FALSE
33423,yetori1,subspecies revised,NA,species,Yellow-tailed Oriole,Icterus mesomelas,NA,Passeriformes,Icteridae (Troupials and Allies),NA,NA,33173,FALSE
33430,epaori1,NA,NA,species,Epaulet Oriole,Icterus cayanensis,NA,Passeriformes,Icteridae (Troupials and Allies),NA,NA,33180,FALSE
33431,epaori2,NA,NA,group (monotypic),Epaulet Oriole (Moriche),Icterus cayanensis chrysocephalus,"eastern Colombia to Venezuela, Trinidad, the Guianas, northern Brazil, and northeastern Peru",Passeriformes,Icteridae (Troupials and Allies),NA,NA,33181,FALSE
33433,epaori4,NA,NA,species,Variable Oriole,Icterus pyrrhopterus,NA,Passeriformes,Icteridae (Troupials and Allies),NA,NA,33183,FALSE
33439,ventro1,NA,NA,species,Venezuelan Troupial,Icterus icterus,NA,Passeriformes,Icteridae (Troupials and Allies),NA,NA,33189,FALSE
33443,camtro1,NA,NA,species,Campo Troupial,Icterus jamacaii,lowlands of eastern Brazil,Passeriformes,Icteridae (Troupials and Allies),NA,NA,33193,FALSE
33444,orbtro3,NA,NA,species,Orange-backed Troupial,Icterus croconotus,NA,Passeriformes,Icteridae (Troupials and Allies),NA,NA,33194,FALSE
33448,stbori,NA,NA,species,Streak-backed Oriole,Icterus pustulatus,NA,Passeriformes,Icteridae (Troupials and Allies),NA,NA,33198,FALSE
33460,bulori,NA,NA,species,Bullock's Oriole,Icterus bullockii,NA,Passeriformes,Icteridae (Troupials and Allies),NA,NA,33210,TRUE
33463,oraori1,NA,NA,species,Orange Oriole,Icterus auratus,southeastern Mexico (arid Yucatán Peninsula),Passeriformes,Icteridae (Troupials and Allies),NA,NA,33213,FALSE
33464,jamori1,NA,NA,species,Jamaican Oriole,Icterus leucopteryx,NA,Passeriformes,Icteridae (Troupials and Allies),NA,NA,33214,FALSE
33468,yelori1,NA,NA,species,Yellow Oriole,Icterus nigrogularis,NA,Passeriformes,Icteridae (Troupials and Allies),NA,NA,33218,FALSE
33473,spbori,subspecies revised,NA,species,Spot-breasted Oriole,Icterus pectoralis,NA,Passeriformes,Icteridae (Troupials and Allies),NA,NA,33223,TRUE
33476,altori,NA,NA,species,Altamira Oriole,Icterus gularis,NA,Passeriformes,Icteridae (Troupials and Allies),NA,NA,33226,TRUE
33483,audori,NA,NA,species,Audubon's Oriole,Icterus graduacauda,NA,Passeriformes,Icteridae (Troupials and Allies),NA,NA,33233,TRUE
33491,balori,NA,NA,species,Baltimore Oriole,Icterus galbula,eastern North America (southern Canada to southern USA); winters to northern South America,Passeriformes,Icteridae (Troupials and Allies),NA,NA,33241,TRUE
33492,x00013,NA,NA,hybrid,Bullock's x Baltimore Oriole (hybrid),Icterus bullockii x galbula,NA,Passeriformes,Icteridae (Troupials and Allies),NA,NA,33242,TRUE
33494,blbori1,NA,NA,species,Black-backed Oriole,Icterus abeillei,riparian woodland of central plateau and eastern Mexico,Passeriformes,Icteridae (Troupials and Allies),NA,NA,33244,FALSE
33497,scoori,NA,NA,species,Scott's Oriole,Icterus parisorum,arid southwestern USA to southern Mexico,Passeriformes,Icteridae (Troupials and Allies),NA,NA,33247,TRUE
33498,oriole,NA,NA,spuh,new world oriole sp.,Icterus sp.,NA,Passeriformes,Icteridae (Troupials and Allies),NA,NA,33249,FALSE
33500,rewbla,NA,NA,species,Red-winged Blackbird,Agelaius phoeniceus,NA,Passeriformes,Icteridae (Troupials and Allies),NA,NA,33251,TRUE
33527,resbla1,subspecies deleted; range,"Synonymize subniger with Agelaius assimilis, rendering species monotypic; modify range to ""marshes of western and central Cuba and Isla de la Juventud (Isle of Pines)""",species,Red-shouldered Blackbird,Agelaius assimilis,marshes of western and central Cuba and Isla de la Juventud (Isle of Pines),Passeriformes,Icteridae (Troupials and Allies),NA,NA,33278,FALSE
33530,tribla,NA,NA,species,Tricolored Blackbird,Agelaius tricolor,marshes and farmlands of southwestern Oregon to northwestern Baja California,Passeriformes,Icteridae (Troupials and Allies),NA,NA,33281,TRUE
33532,tasbla,NA,NA,species,Tawny-shouldered Blackbird,Agelaius humeralis,NA,Passeriformes,Icteridae (Troupials and Allies),NA,NA,33283,FALSE
33536,yesbla1,NA,NA,species,Yellow-shouldered Blackbird,Agelaius xanthomus,NA,Passeriformes,Icteridae (Troupials and Allies),NA,NA,33287,FALSE
33539,scrcow1,NA,NA,species,Screaming Cowbird,Molothrus rufoaxillaris,"eastern Bolivia to Paraguay, southern Brazil, Uruguay, and northern Argentina",Passeriformes,Icteridae (Troupials and Allies),NA,NA,33290,FALSE
33540,shicow,NA,NA,species,Shiny Cowbird,Molothrus bonariensis,NA,Passeriformes,Icteridae (Troupials and Allies),NA,NA,33291,TRUE
33549,brocow,NA,NA,species,Bronzed Cowbird,Molothrus aeneus,NA,Passeriformes,Icteridae (Troupials and Allies),NA,NA,33300,TRUE
33556,bnhcow,NA,NA,species,Brown-headed Cowbird,Molothrus ater,NA,Passeriformes,Icteridae (Troupials and Allies),NA,NA,33307,TRUE
33557,bnhcow1,NA,NA,subspecies,NA,Molothrus ater artemisiae,southern coastal Alaska to southwestern USA; winters to Baja California and southern Mexico,Passeriformes,Icteridae (Troupials and Allies),NA,NA,33308,FALSE
33558,bnhcow2,NA,NA,subspecies,NA,Molothrus ater obscurus,southwestern USA to Guerrero and northern Tamaulipas (northern Mexico); winters to southern Baja California and Oaxaca,Passeriformes,Icteridae (Troupials and Allies),NA,NA,33309,FALSE
33559,bnhcow3,NA,NA,subspecies,NA,Molothrus ater ater,"central and east-central USA; winters to Gulf Coast, Florida, and southern Mexico",Passeriformes,Icteridae (Troupials and Allies),NA,NA,33310,FALSE
33560,bnhcow4,NA,NA,subspecies,NA,Molothrus ater californicus,southern California to northern Baja California and Los Coronados Islands (off northwestern Baja),Passeriformes,Icteridae (Troupials and Allies),NA,NA,33311,FALSE
33563,giacow,NA,NA,species,Giant Cowbird,Molothrus oryzivorus,NA,Passeriformes,Icteridae (Troupials and Allies),NA,NA,33314,FALSE
33566,melbla1,NA,NA,species,Melodious Blackbird,Dives dives,Gulf slope of eastern Mexico to Nicaragua and (rarely) northwestern Costa Rica,Passeriformes,Icteridae (Troupials and Allies),NA,NA,33317,FALSE
33567,scrbla1,NA,NA,species,Scrub Blackbird,Dives warczewiczi,NA,Passeriformes,Icteridae (Troupials and Allies),NA,NA,33318,FALSE
33570,cubbla,NA,NA,species,Cuban Blackbird,Ptiloxena atroviolacea,Cuba including Isla de la Juventud (Isle of Pines; south of western Cuba),Passeriformes,Icteridae (Troupials and Allies),NA,NA,33321,FALSE
33571,rusbla,NA,NA,species,Rusty Blackbird,Euphagus carolinus,NA,Passeriformes,Icteridae (Troupials and Allies),NA,NA,33322,TRUE
33574,brebla,NA,NA,species,Brewer's Blackbird,Euphagus cyanocephalus,western Canada and western USA; winters to southern Mexico,Passeriformes,Icteridae (Troupials and Allies),NA,NA,33325,TRUE
33575,y00227,NA,NA,slash,Rusty/Brewer's Blackbird,Euphagus carolinus/cyanocephalus,NA,Passeriformes,Icteridae (Troupials and Allies),NA,NA,33326,FALSE
33576,comgra,NA,NA,species,Common Grackle,Quiscalus quiscula,NA,Passeriformes,Icteridae (Troupials and Allies),NA,NA,33327,TRUE
33581,botgra,NA,NA,species,Boat-tailed Grackle,Quiscalus major,NA,Passeriformes,Icteridae (Troupials and Allies),NA,NA,33332,TRUE
33587,grtgra,NA,NA,species,Great-tailed Grackle,Quiscalus mexicanus,NA,Passeriformes,Icteridae (Troupials and Allies),NA,NA,33338,TRUE
33604,gragra1,NA,NA,species,Greater Antillean Grackle,Quiscalus niger,NA,Passeriformes,Icteridae (Troupials and Allies),NA,NA,33355,FALSE
33612,cargra1,NA,NA,species,Carib Grackle,Quiscalus lugubris,NA,Passeriformes,Icteridae (Troupials and Allies),NA,NA,33363,FALSE
33622,grackl,NA,NA,spuh,grackle sp.,Quiscalus sp.,NA,Passeriformes,Icteridae (Troupials and Allies),NA,NA,33372,FALSE
33630,oribla1,NA,NA,species,Oriole Blackbird,Gymnomystax mexicanus,"eastern Colombia to Venezuela, the Guianas, Amazonian Brazil, and northeastern Peru",Passeriformes,Icteridae (Troupials and Allies),NA,NA,33380,FALSE
33632,gotgra1,NA,NA,species,Golden-tufted Grackle,Macroagelaius imthurni,tepuis of southern Venezuela to western Guyana and northern Brazil (Roraima),Passeriformes,Icteridae (Troupials and Allies),NA,NA,33382,FALSE
33637,schbla1,NA,NA,species,Scarlet-headed Blackbird,Amblyramphus holosericeus,"marshes of northern Bolivia (Beni and Santa Cruz), Paraguay, southern Brazil, and northern Argentina",Passeriformes,Icteridae (Troupials and Allies),NA,NA,33387,FALSE
33638,forbla1,NA,NA,species,Forbes's Blackbird,Anumara forbesi,"northeastern and eastern Brazil, where very localized in Pernambuco and Alagoas, and northern Minas Gerais",Passeriformes,Icteridae (Troupials and Allies),NA,NA,33388,FALSE
33639,chobla1,NA,NA,species,Chopi Blackbird,Gnorimopsar chopi,NA,Passeriformes,Icteridae (Troupials and Allies),NA,NA,33389,FALSE
33643,bawcow4,NA,NA,species,Grayish Baywing,Agelaioides badius,NA,Passeriformes,Icteridae (Troupials and Allies),NA,NA,33393,FALSE
33646,bawcow3,NA,NA,species,Pale Baywing,Agelaioides fringillarius,"Campos of northeastern Brazil (Piauí to Pernambuco, Bahia, and Minas Gerais)",Passeriformes,Icteridae (Troupials and Allies),NA,NA,33396,FALSE
33649,unibla2,NA,NA,species,Unicolored Blackbird,Agelasticus cyanopus,NA,Passeriformes,Icteridae (Troupials and Allies),NA,NA,33399,FALSE
33654,yewbla2,NA,NA,species,Yellow-winged Blackbird,Agelasticus thilius,NA,Passeriformes,Icteridae (Troupials and Allies),NA,NA,33404,FALSE
33658,chcbla2,NA,NA,species,Chestnut-capped Blackbird,Chrysomus ruficapillus,NA,Passeriformes,Icteridae (Troupials and Allies),NA,NA,33408,FALSE
33661,yehbla2,NA,NA,species,Yellow-hooded Blackbird,Chrysomus icterocephalus,NA,Passeriformes,Icteridae (Troupials and Allies),NA,NA,33411,FALSE
33664,sacbla2,NA,NA,species,Saffron-cowled Blackbird,Xanthopsar flavus,"Paraguay to southeastern Brazil, Uruguay, and northeastern Argentina",Passeriformes,Icteridae (Troupials and Allies),NA,NA,33414,FALSE
33665,yermar1,NA,NA,species,Yellow-rumped Marshbird,Pseudoleistes guirahuro,"eastern Paraguay to southern Brazil, Uruguay, and northern Argentina",Passeriformes,Icteridae (Troupials and Allies),NA,NA,33415,FALSE
33666,baymar1,NA,NA,species,Brown-and-yellow Marshbird,Pseudoleistes virescens,"wet pastures of far southern Brazil, Uruguay, and northern Argentina",Passeriformes,Icteridae (Troupials and Allies),NA,NA,33416,FALSE
33667,blackb,NA,NA,spuh,blackbird sp.,Icteridae sp.,NA,Passeriformes,Icteridae (Troupials and Allies),NA,NA,33417,FALSE
33669,ovenbi1,NA,NA,species,Ovenbird,Seiurus aurocapilla,NA,Passeriformes,Parulidae (New World Warblers),NA,NA,33419,TRUE
33673,woewar1,NA,NA,species,Worm-eating Warbler,Helmitheros vermivorum,eastern USA; winters southeastern Mexico to Panama and Greater Antilles,Passeriformes,Parulidae (New World Warblers),NA,NA,33423,TRUE
33675,louwat,NA,NA,species,Louisiana Waterthrush,Parkesia motacilla,eastern USA; winters southern Florida to northwestern South America and West Indies,Passeriformes,Parulidae (New World Warblers),NA,NA,33425,TRUE
33676,norwat,NA,NA,species,Northern Waterthrush,Parkesia noveboracensis,northern North America; winters to West Indies and northern South America,Passeriformes,Parulidae (New World Warblers),NA,NA,33426,TRUE
33677,y00598,NA,NA,slash,Louisiana/Northern Waterthrush,Parkesia motacilla/noveboracensis,NA,Passeriformes,Parulidae (New World Warblers),NA,NA,33427,FALSE
33678,bacwar,NA,NA,species,Bachman's Warbler,Vermivora bachmanii,formerly southeastern USA; wintered to Cuba and Bahamas (probably extinct),Passeriformes,Parulidae (New World Warblers),NA,NA,33428,TRUE
33679,gowwar,NA,NA,species,Golden-winged Warbler,Vermivora chrysoptera,eastern North America; winters Guatemala to northwestern South America and Greater Antilles,Passeriformes,Parulidae (New World Warblers),NA,NA,33429,TRUE
33680,buwwar,NA,NA,species,Blue-winged Warbler,Vermivora cyanoptera,eastern USA; winters southeastern Mexico to Panama,Passeriformes,Parulidae (New World Warblers),NA,NA,33430,TRUE
33685,bawwar,NA,NA,species,Black-and-white Warbler,Mniotilta varia,Canada to Gulf states; winters Mexico to Peru and West Indies,Passeriformes,Parulidae (New World Warblers),NA,NA,33435,TRUE
33686,prowar,NA,NA,species,Prothonotary Warbler,Protonotaria citrea,eastern USA; winters southeastern Mexico to western Ecuador and Lesser Antilles,Passeriformes,Parulidae (New World Warblers),NA,NA,33436,TRUE
33687,swawar,NA,NA,species,Swainson's Warbler,Limnothlypis swainsonii,southeastern USA; winters southeastern Mexico and Belize to Guatemala and West Indies,Passeriformes,Parulidae (New World Warblers),NA,NA,33437,TRUE
33688,crcwar,NA,NA,species,Crescent-chested Warbler,Oreothlypis superciliosa,NA,Passeriformes,Parulidae (New World Warblers),NA,NA,33438,FALSE
33695,tenwar,NA,NA,species,Tennessee Warbler,Leiothlypis peregrina,southeastern Alaska and southern Yukon to northern USA; winters southern Mexico to northwestern South America,Passeriformes,Parulidae (New World Warblers),NA,NA,33445,TRUE
33696,orcwar,NA,NA,species,Orange-crowned Warbler,Leiothlypis celata,NA,Passeriformes,Parulidae (New World Warblers),NA,NA,33446,TRUE
33702,colwar,NA,NA,species,Colima Warbler,Leiothlypis crissalis,western Texas (Chisos Mountains) to central Mexico,Passeriformes,Parulidae (New World Warblers),NA,NA,33452,FALSE
33703,lucwar,NA,NA,species,Lucy's Warbler,Leiothlypis luciae,arid southwestern USA to northeastern Baja California and northeastern Sonora; winters to southwestern Mexico,Passeriformes,Parulidae (New World Warblers),NA,NA,33453,TRUE
33704,naswar,NA,NA,species,Nashville Warbler,Leiothlypis ruficapilla,NA,Passeriformes,Parulidae (New World Warblers),NA,NA,33454,TRUE
33709,virwar,NA,NA,species,Virginia's Warbler,Leiothlypis virginiae,mountains of southwestern USA; winters to southwestern Mexico,Passeriformes,Parulidae (New World Warblers),NA,NA,33459,TRUE
33714,conwar,NA,NA,species,Connecticut Warbler,Oporornis agilis,northern North America; winters South America east of Andes to Bolivia and northwestern Paraguay,Passeriformes,Parulidae (New World Warblers),NA,NA,33464,TRUE
33715,gycyel,NA,NA,species,Gray-crowned Yellowthroat,Geothlypis poliocephala,NA,Passeriformes,Parulidae (New World Warblers),NA,NA,33465,FALSE
33722,masyel2,NA,NA,species,Masked Yellowthroat,Geothlypis aequinoctialis,"northeastern Colombia to Venezuela, Trinidad, the Guianas, and northern Brazil",Passeriformes,Parulidae (New World Warblers),NA,NA,33472,FALSE
33728,macwar,NA,NA,species,MacGillivray's Warbler,Geothlypis tolmiei,western North America; winters highlands of Mexico to Panama,Passeriformes,Parulidae (New World Warblers),NA,NA,33478,TRUE
33729,mouwar,NA,NA,species,Mourning Warbler,Geothlypis philadelphia,southeastern Canada and northeastern USA; winters Nicaragua to northwestern South America,Passeriformes,Parulidae (New World Warblers),NA,NA,33479,TRUE
33734,kenwar,NA,NA,species,Kentucky Warbler,Geothlypis formosa,eastern USA; winters Mexico to northwestern South America,Passeriformes,Parulidae (New World Warblers),NA,NA,33484,TRUE
33736,olcyel1,NA,NA,species,Olive-crowned Yellowthroat,Geothlypis semiflava,NA,Passeriformes,Parulidae (New World Warblers),NA,NA,33486,FALSE
33741,belyel1,NA,NA,species,Belding's Yellowthroat,Geothlypis beldingi,NA,Passeriformes,Parulidae (New World Warblers),NA,NA,33491,FALSE
33744,bahyel1,NA,NA,species,Bahama Yellowthroat,Geothlypis rostrata,NA,Passeriformes,Parulidae (New World Warblers),NA,NA,33494,FALSE
33748,altyel1,NA,NA,species,Altamira Yellowthroat,Geothlypis flavovelata,"coastal northeastern Mexico (southern Tamaulipas, eastern San Luis Potosí, and northern Veracruz)",Passeriformes,Parulidae (New World Warblers),NA,NA,33498,FALSE
33749,comyel,NA,NA,species,Common Yellowthroat,Geothlypis trichas,NA,Passeriformes,Parulidae (New World Warblers),NA,NA,33499,TRUE
33773,yellow7,NA,NA,spuh,yellowthroat sp.,Geothlypis sp. (yellowthroat sp.),NA,Passeriformes,Parulidae (New World Warblers),NA,NA,33523,FALSE
33778,hoowar,NA,NA,species,Hooded Warbler,Setophaga citrina,eastern USA; winters Mexico to Panama,Passeriformes,Parulidae (New World Warblers),NA,NA,33528,TRUE
33779,amered,NA,NA,species,American Redstart,Setophaga ruticilla,Alaska to southern USA; winters southern USA to northern South America and West Indies,Passeriformes,Parulidae (New World Warblers),NA,NA,33529,TRUE
33780,kirwar,NA,NA,species,Kirtland's Warbler,Setophaga kirtlandii,jack-pine area of Michigan; winters in Bahamas,Passeriformes,Parulidae (New World Warblers),NA,NA,33530,TRUE
33781,camwar,NA,NA,species,Cape May Warbler,Setophaga tigrina,Canada and northeastern USA; winters mainly West Indies,Passeriformes,Parulidae (New World Warblers),NA,NA,33531,TRUE
33782,cerwar,NA,NA,species,Cerulean Warbler,Setophaga cerulea,eastern North America; winters mountains of Colombia to Venezuela and southward in Andes to western Bolivia,Passeriformes,Parulidae (New World Warblers),NA,NA,33532,TRUE
33784,norpar,NA,NA,species,Northern Parula,Setophaga americana,eastern North America (southern Canada to southern USA); winters to Nicaragua and West Indies,Passeriformes,Parulidae (New World Warblers),NA,NA,33534,TRUE
33787,tropar,NA,NA,species,Tropical Parula,Setophaga pitiayumi,NA,Passeriformes,Parulidae (New World Warblers),NA,NA,33537,TRUE
33800,magwar,NA,NA,species,Magnolia Warbler,Setophaga magnolia,eastern North America; winters to Panama and West Indies,Passeriformes,Parulidae (New World Warblers),NA,NA,33550,TRUE
33804,babwar,NA,NA,species,Bay-breasted Warbler,Setophaga castanea,Canada and northeastern USA; winters Panama and northwestern South America,Passeriformes,Parulidae (New World Warblers),NA,NA,33554,TRUE
33805,bkbwar,NA,NA,species,Blackburnian Warbler,Setophaga fusca,eastern North America; winters Costa Rica to Bolivia,Passeriformes,Parulidae (New World Warblers),NA,NA,33555,TRUE
33807,yelwar,NA,NA,species,Yellow Warbler,Setophaga petechia,NA,Passeriformes,Parulidae (New World Warblers),NA,NA,33557,TRUE
33808,yelwar1,NA,NA,group (polytypic),Yellow Warbler (Northern),Setophaga petechia [aestiva Group],NA,Passeriformes,Parulidae (New World Warblers),NA,NA,33558,FALSE
33815,maywar1,NA,NA,group (polytypic),Yellow Warbler (Mangrove),Setophaga petechia [erithachorides Group],NA,Passeriformes,Parulidae (New World Warblers),NA,NA,33565,FALSE
33828,yelwar2,NA,NA,group (polytypic),Yellow Warbler (Golden),Setophaga petechia [petechia Group],NA,Passeriformes,Parulidae (New World Warblers),NA,NA,33578,FALSE
33849,chswar,NA,NA,species,Chestnut-sided Warbler,Setophaga pensylvanica,eastern North America; winters Guatemala to Panama (casual northern South America),Passeriformes,Parulidae (New World Warblers),NA,NA,33599,TRUE
33853,bkpwar,NA,NA,species,Blackpoll Warbler,Setophaga striata,Alaska and Canada; winters Colombia to Peru and western Amazonian Brazil,Passeriformes,Parulidae (New World Warblers),NA,NA,33601,TRUE
33856,btbwar,NA,NA,species,Black-throated Blue Warbler,Setophaga caerulescens,NA,Passeriformes,Parulidae (New World Warblers),NA,NA,33604,TRUE
33863,palwar,NA,NA,species,Palm Warbler,Setophaga palmarum,NA,Passeriformes,Parulidae (New World Warblers),NA,NA,33611,TRUE
33867,olcwar1,NA,NA,species,Olive-capped Warbler,Setophaga pityophila,"pine barrens of eastern Cuba, Grand Bahama, and Abaco",Passeriformes,Parulidae (New World Warblers),NA,NA,33615,FALSE
33868,pinwar,range added,NA,species,Pine Warbler,Setophaga pinus,NA,Passeriformes,Parulidae (New World Warblers),NA,NA,33616,TRUE
33871,pinwar3,NA,NA,subspecies,NA,Setophaga pinus achrustera,"Grand Bahama, Little and Great Abaco, Andros, and New Providence",Passeriformes,Parulidae (New World Warblers),NA,NA,33619,FALSE
33872,pinwar4,NA,NA,subspecies,NA,Setophaga pinus chrysoleuca,Hispaniola,Passeriformes,Parulidae (New World Warblers),NA,NA,33620,FALSE
33874,yerwar,NA,NA,species,Yellow-rumped Warbler,Setophaga coronata,NA,Passeriformes,Parulidae (New World Warblers),NA,NA,33622,TRUE
33875,myrwar,NA,NA,group (monotypic),Yellow-rumped Warbler (Myrtle),Setophaga coronata coronata,"northern Alaska, Canada, and northern USA; winters to Panama and West Indies",Passeriformes,Parulidae (New World Warblers),NA,NA,33623,TRUE
33876,audwar,NA,NA,group (monotypic),Yellow-rumped Warbler (Audubon's),Setophaga coronata auduboni,southwestern Canada and western USA; winters to western Honduras,Passeriformes,Parulidae (New World Warblers),NA,NA,33624,TRUE
33878,yerwar1,NA,NA,group (monotypic),Yellow-rumped Warbler (West Mexico),Setophaga coronata nigrifrons,Sierra Madre Occidental of western Mexico (Chihuahua to Durango),Passeriformes,Parulidae (New World Warblers),NA,NA,33626,FALSE
33883,yetwar,NA,NA,species,Yellow-throated Warbler,Setophaga dominica,NA,Passeriformes,Parulidae (New World Warblers),NA,NA,33631,TRUE
33891,yetwar3,NA,NA,species,Bahama Warbler,Setophaga flavescens,"Grand Bahama, Little Abaco, and Great Abaco",Passeriformes,Parulidae (New World Warblers),NA,NA,33638,FALSE
33892,vitwar1,NA,NA,species,Vitelline Warbler,Setophaga vitellina,NA,Passeriformes,Parulidae (New World Warblers),NA,NA,33639,FALSE
33896,prawar,range added,NA,species,Prairie Warbler,Setophaga discolor,NA,Passeriformes,Parulidae (New World Warblers),NA,NA,33643,TRUE
33898,prawar2,NA,NA,subspecies,NA,Setophaga discolor paludicola,southeastern South Carolina to southern Florida; winters to Greater Antilles and El Salvador,Passeriformes,Parulidae (New World Warblers),NA,NA,33645,FALSE
33901,adewar1,NA,NA,species,Adelaide's Warbler,Setophaga adelaidae,Puerto Rico including Isla de Vieques (just east of Puerto Rico),Passeriformes,Parulidae (New World Warblers),NA,NA,33648,FALSE
33904,grawar,NA,NA,species,Grace's Warbler,Setophaga graciae,NA,Passeriformes,Parulidae (New World Warblers),NA,NA,33651,TRUE
33910,btywar,range added,NA,species,Black-throated Gray Warbler,Setophaga nigrescens,NA,Passeriformes,Parulidae (New World Warblers),NA,NA,33657,TRUE
33916,towwar,NA,NA,species,Townsend's Warbler,Setophaga townsendi,coniferous forest of western North America; winters to Costa Rica,Passeriformes,Parulidae (New World Warblers),NA,NA,33663,TRUE
33920,herwar,NA,NA,species,Hermit Warbler,Setophaga occidentalis,mountains of western USA; winters to Nicaragua,Passeriformes,Parulidae (New World Warblers),NA,NA,33667,TRUE
33927,gchwar,NA,NA,species,Golden-cheeked Warbler,Setophaga chrysoparia,Texas (Edwards Plateau); winters to Nicaragua,Passeriformes,Parulidae (New World Warblers),NA,NA,33674,TRUE
33928,btnwar,subspecies added,NA,species,Black-throated Green Warbler,Setophaga virens,NA,Passeriformes,Parulidae (New World Warblers),NA,NA,33675,TRUE
33933,dendro3,NA,NA,spuh,Setophaga sp.,Setophaga sp.,NA,Passeriformes,Parulidae (New World Warblers),NA,NA,33678,FALSE
33935,rucwar,NA,NA,species,Rufous-capped Warbler,Basileuterus rufifrons,NA,Passeriformes,Parulidae (New World Warblers),NA,NA,33680,FALSE
33960,gcrwar,range added,NA,species,Golden-crowned Warbler,Basileuterus culicivorus,NA,Passeriformes,Parulidae (New World Warblers),NA,NA,33704,FALSE
33980,thswar1,range added,NA,species,Three-striped Warbler,Basileuterus tristriatus,NA,Passeriformes,Parulidae (New World Warblers),NA,NA,33724,FALSE
34008,whswar2,NA,NA,species,White-striped Warbler,Myiothlypis leucophrys,gallery forest of south-central Brazil,Passeriformes,Parulidae (New World Warblers),NA,NA,33752,FALSE
34009,flawar1,range added,NA,species,Flavescent Warbler,Myiothlypis flaveola,NA,Passeriformes,Parulidae (New World Warblers),NA,NA,33753,FALSE
34018,burwar1,range added,NA,species,Buff-rumped Warbler,Myiothlypis fulvicauda,NA,Passeriformes,Parulidae (New World Warblers),NA,NA,33762,FALSE
34054,canwar,NA,NA,species,Canada Warbler,Cardellina canadensis,eastern North America; winters Panama and mountains of northwestern South America,Passeriformes,Parulidae (New World Warblers),NA,NA,33798,TRUE
34055,wlswar,range added,NA,species,Wilson's Warbler,Cardellina pusilla,NA,Passeriformes,Parulidae (New World Warblers),NA,NA,33799,TRUE
34057,wilwar2,NA,NA,group (monotypic),Wilson's Warbler (pusilla),Cardellina pusilla pusilla,southern and eastern Canada to northeastern USA; winters to Costa Rica,Passeriformes,Parulidae (New World Warblers),NA,NA,33801,FALSE
34059,refwar,NA,NA,species,Red-faced Warbler,Cardellina rubrifrons,mountains of Arizona and New Mexico to northwestern Mexico; winters to Honduras,Passeriformes,Parulidae (New World Warblers),NA,NA,33803,TRUE
34066,paired,NA,NA,species,Painted Redstart,Myioborus pictus,NA,Passeriformes,Parulidae (New World Warblers),NA,NA,33810,TRUE
34069,sltred,range added,NA,species,Slate-throated Redstart,Myioborus miniatus,NA,Passeriformes,Parulidae (New World Warblers),NA,NA,33813,FALSE
34106,warble,NA,NA,spuh,new world warbler sp.,Parulidae sp.,NA,Passeriformes,Parulidae (New World Warblers),NA,NA,33850,FALSE
34117,cardin1,NA,NA,family,Cardinals and Allies,Cardinalidae,NA,Passeriformes,Cardinalidae (Cardinals and Allies),NA,NA,33861,FALSE
34122,heptan,NA,NA,species,Hepatic Tanager,Piranga flava,NA,Passeriformes,Cardinalidae (Cardinals and Allies),NA,NA,33866,TRUE
34141,sumtan,NA,NA,species,Summer Tanager,Piranga rubra,NA,Passeriformes,Cardinalidae (Cardinals and Allies),NA,NA,33885,TRUE
34145,scatan,NA,NA,species,Scarlet Tanager,Piranga olivacea,eastern Canada and USA; winters mainly upper Amazon basin,Passeriformes,Cardinalidae (Cardinals and Allies),NA,NA,33889,TRUE
34148,westan,NA,NA,species,Western Tanager,Piranga ludoviciana,western North America; winters to western Panama,Passeriformes,Cardinalidae (Cardinals and Allies),NA,NA,33892,TRUE
34151,flctan,NA,NA,species,Flame-colored Tanager,Piranga bidentata,NA,Passeriformes,Cardinalidae (Cardinals and Allies),NA,NA,33895,FALSE
34163,rehtan1,NA,NA,species,Red-headed Tanager,Piranga erythrocephala,NA,Passeriformes,Cardinalidae (Cardinals and Allies),NA,NA,33907,FALSE
34167,pirang1,NA,NA,spuh,tanager sp. (Piranga sp.),Piranga sp.,NA,Passeriformes,Cardinalidae (Cardinals and Allies),NA,NA,33911,FALSE
34168,rcatan1,NA,NA,species,Red-crowned Ant-Tanager,Habia rubica,NA,Passeriformes,Cardinalidae (Cardinals and Allies),NA,NA,33912,FALSE
34190,rtatan1,name change - sciname,"Move Red-throated Ant-Tanager Habia fuscicauda, Sooty Ant-Tanager Habia gutturalis, Black-cheeked Ant-Tanager Habia atrimaxillaris, and Crested Ant-Tanager Habia cristata to Driophlox, as Red-throated Ant-Tanager Driophlox fuscicauda, Sooty Ant-Tanager Driophlox gutturalis, Black-cheeked Ant-Tanager Driophlox atrimaxillaris, and Crested Ant-Tanager Driophlox cristata",species,Red-throated Ant-Tanager,Driophlox fuscicauda,NA,Passeriformes,Cardinalidae (Cardinals and Allies),NA,NA,33933,FALSE
34213,crcgro,NA,NA,species,Crimson-collared Grosbeak,Periporphyrus celaeno,eastern Mexico (Nuevo León to northern Veracruz and northeastern Puebla),Passeriformes,Cardinalidae (Cardinals and Allies),NA,NA,33956,FALSE
34224,norcar,NA,NA,species,Northern Cardinal,Cardinalis cardinalis,NA,Passeriformes,Cardinalidae (Cardinals and Allies),NA,NA,33967,TRUE
34244,pyrrhu,NA,NA,species,Pyrrhuloxia,Cardinalis sinuatus,NA,Passeriformes,Cardinalidae (Cardinals and Allies),NA,NA,33987,TRUE
34250,yelgro,NA,NA,species,Yellow Grosbeak,Pheucticus chrysopeplus,NA,Passeriformes,Cardinalidae (Cardinals and Allies),NA,NA,33993,FALSE
34259,blbgro2,NA,NA,species,Black-backed Grosbeak,Pheucticus aureoventris,NA,Passeriformes,Cardinalidae (Cardinals and Allies),NA,NA,34002,FALSE
34266,robgro,NA,NA,species,Rose-breasted Grosbeak,Pheucticus ludovicianus,eastern Canada and USA; winters from Mexico to Peru and western Cuba,Passeriformes,Cardinalidae (Cardinals and Allies),NA,NA,34009,TRUE
34268,bkhgro,NA,NA,species,Black-headed Grosbeak,Pheucticus melanocephalus,NA,Passeriformes,Cardinalidae (Cardinals and Allies),NA,NA,34011,TRUE
34270,bkhgro2,NA,NA,subspecies,NA,Pheucticus melanocephalus melanocephalus,"southeastern British Columbia to Rocky Mountains, Great Plains, and southern Mexican Plateau",Passeriformes,Cardinalidae (Cardinals and Allies),NA,NA,34013,FALSE
34283,blusee1,NA,NA,species,Blue Seedeater,Amaurospiza concolor,NA,Passeriformes,Cardinalidae (Cardinals and Allies),NA,NA,34026,FALSE
34290,bubgro1,NA,NA,species,Blue-black Grosbeak,Cyanoloxia cyanoides,NA,Passeriformes,Cardinalidae (Cardinals and Allies),NA,NA,34033,FALSE
34296,ultgro1,NA,NA,species,Ultramarine Grosbeak,Cyanoloxia brissonii,NA,Passeriformes,Cardinalidae (Cardinals and Allies),NA,NA,34039,FALSE
34308,blugrb1,NA,NA,species,Blue Grosbeak,Passerina caerulea,NA,Passeriformes,Cardinalidae (Cardinals and Allies),NA,NA,34051,TRUE
34316,lazbun,NA,NA,species,Lazuli Bunting,Passerina amoena,southern British Columbia to northwestern Baja California and western Texas; winters in Mexico,Passeriformes,Cardinalidae (Cardinals and Allies),NA,NA,34059,TRUE
34317,indbun,NA,NA,species,Indigo Bunting,Passerina cyanea,"Canada and USA; winters to Greater Antilles, Colombia, and Venezuela",Passeriformes,Cardinalidae (Cardinals and Allies),NA,NA,34060,TRUE
34322,orbbun1,NA,NA,species,Orange-breasted Bunting,Passerina leclancherii,NA,Passeriformes,Cardinalidae (Cardinals and Allies),NA,NA,34065,FALSE
34325,varbun,NA,NA,species,Varied Bunting,Passerina versicolor,NA,Passeriformes,Cardinalidae (Cardinals and Allies),NA,NA,34068,TRUE
34331,paibun,NA,NA,species,Painted Bunting,Passerina ciris,NA,Passeriformes,Cardinalidae (Cardinals and Allies),NA,NA,34074,TRUE
34337,dickci,NA,NA,species,Dickcissel,Spiza americana,breeds eastern North America; winters to southern Mexico to northern South America,Passeriformes,Cardinalidae (Cardinals and Allies),NA,NA,34080,TRUE
34340,reccar,NA,NA,species,Red-crested Cardinal,Paroaria coronata,"Bolivia to central Argentina, Uruguay, Paraguay, and far southeastern Brazil",Passeriformes,Thraupidae (Tanagers and Allies),NA,NA,34083,FALSE
34343,reccar4,NA,NA,species,Red-capped Cardinal,Paroaria gularis,NA,Passeriformes,Thraupidae (Tanagers and Allies),NA,NA,34086,FALSE
34353,yebcar,NA,NA,species,Yellow-billed Cardinal,Paroaria capitata,NA,Passeriformes,Thraupidae (Tanagers and Allies),NA,NA,34096,FALSE
34357,blftan1,NA,NA,species,Black-faced Tanager,Schistochlamys melanopis,NA,Passeriformes,Thraupidae (Tanagers and Allies),NA,NA,34100,FALSE
34367,whbtan1,NA,NA,species,White-banded Tanager,Neothraupis fasciata,eastern Bolivia to northeastern Paraguay and campos of eastern and southern Brazil,Passeriformes,Thraupidae (Tanagers and Allies),NA,NA,34110,FALSE
34368,bawtan1,NA,NA,species,Black-and-white Tanager,Conothraupis speculigera,locally from western Ecuador to northwestern Peru; eastern Peru to northwestern Bolivia,Passeriformes,Thraupidae (Tanagers and Allies),NA,NA,34111,FALSE
34372,hootan1,NA,NA,species,Hooded Tanager,Nemosia pileata,NA,Passeriformes,Thraupidae (Tanagers and Allies),NA,NA,34115,FALSE
34403,orhtan1,NA,NA,species,Orange-headed Tanager,Thlypopsis sordida,NA,Passeriformes,Thraupidae (Tanagers and Allies),NA,NA,34146,FALSE
34409,fuhtan1,NA,NA,species,Fulvous-headed Tanager,Thlypopsis fulviceps,NA,Passeriformes,Thraupidae (Tanagers and Allies),NA,NA,34151,FALSE
34436,rrwfin1,NA,NA,species,Buff-throated Warbling Finch,Microspingus lateralis,southeastern Brazil (southwestern Minas Gerais and Espírito Santo to northern São Paulo),Passeriformes,Thraupidae (Tanagers and Allies),NA,NA,34178,FALSE
34437,gytwaf1,NA,NA,species,Gray-throated Warbling Finch,Microspingus cabanisi,"southeastern Brazil (southern São Paulo) to Uruguay, Paraguay, and northeastern Argentina",Passeriformes,Thraupidae (Tanagers and Allies),NA,NA,34179,FALSE
34438,riwfin1,NA,NA,species,Ringed Warbling Finch,Microspingus torquatus,NA,Passeriformes,Thraupidae (Tanagers and Allies),NA,NA,34180,FALSE
34441,bcwfin2,NA,NA,species,Black-capped Warbling Finch,Microspingus melanoleucus,"western Bolivia to northern Argentina, Paraguay, Uruguay, and southwestern Brazil",Passeriformes,Thraupidae (Tanagers and Allies),NA,NA,34183,FALSE
34442,ciwfin1,NA,NA,species,Cinereous Warbling Finch,Microspingus cinereus,locally in campos of south-central Brazil,Passeriformes,Thraupidae (Tanagers and Allies),NA,NA,34184,FALSE
34471,whstan1,NA,NA,species,White-shouldered Tanager,Loriotus luctuosus,NA,Passeriformes,Thraupidae (Tanagers and Allies),NA,NA,34211,FALSE
34485,ructan1,NA,NA,species,Ruby-crowned Tanager,Tachyphonus coronatus,eastern Paraguay to southeastern Brazil and northeastern Argentina,Passeriformes,Thraupidae (Tanagers and Allies),NA,NA,34224,FALSE
34486,whltan1,NA,NA,species,White-lined Tanager,Tachyphonus rufus,lowlands of Costa Rica to northern Argentina and Amazonian Brazil,Passeriformes,Thraupidae (Tanagers and Allies),NA,NA,34225,FALSE
34492,wwstan1,NA,NA,species,White-winged Shrike-Tanager,Lanio versicolor,NA,Passeriformes,Thraupidae (Tanagers and Allies),NA,NA,34231,FALSE
34509,y00599,NA,NA,species,Scarlet-rumped Tanager,Ramphocelus passerinii,NA,Passeriformes,Thraupidae (Tanagers and Allies),NA,NA,34247,FALSE
34511,chetan1,NA,NA,group (monotypic),Scarlet-rumped Tanager (Cherrie's),Ramphocelus passerinii costaricensis,Pacific slope of southern Costa Rica (Puntarenas) and western Panama,Passeriformes,Thraupidae (Tanagers and Allies),NA,NA,34249,FALSE
34513,bratan1,NA,NA,species,Brazilian Tanager,Ramphocelus bresilius,NA,Passeriformes,Thraupidae (Tanagers and Allies),NA,NA,34251,FALSE
34519,sibtan2,NA,NA,species,Silver-beaked Tanager,Ramphocelus carbo,NA,Passeriformes,Thraupidae (Tanagers and Allies),NA,NA,34257,FALSE
34529,crbtan1,NA,NA,species,Crimson-backed Tanager,Ramphocelus dimidiatus,NA,Passeriformes,Thraupidae (Tanagers and Allies),NA,NA,34267,FALSE
34631,baytan3,NA,NA,species,Blue-and-yellow Tanager,Rauenia bonariensis,NA,Passeriformes,Thraupidae (Tanagers and Allies),NA,NA,34365,FALSE
34644,bugtan,NA,NA,species,Blue-gray Tanager,Thraupis episcopus,NA,Passeriformes,Thraupidae (Tanagers and Allies),NA,NA,34378,FALSE
34660,saytan1,NA,NA,species,Sayaca Tanager,Thraupis sayaca,NA,Passeriformes,Thraupidae (Tanagers and Allies),NA,NA,34394,FALSE
34666,goctan2,NA,NA,species,Golden-chevroned Tanager,Thraupis ornata,southeastern Brazil (southern Bahia to eastern Minas Gerais and Santa Catarina),Passeriformes,Thraupidae (Tanagers and Allies),NA,NA,34400,FALSE
34668,paltan1,NA,NA,species,Palm Tanager,Thraupis palmarum,NA,Passeriformes,Thraupidae (Tanagers and Allies),NA,NA,34402,FALSE
34732,scrtan1,NA,NA,species,Scrub Tanager,Stilpnia vitriolina,arid scrub of western Colombia and northwestern Ecuador,Passeriformes,Thraupidae (Tanagers and Allies),NA,NA,34465,FALSE
34734,gohtan1,NA,NA,species,Golden-hooded Tanager,Stilpnia larvata,NA,Passeriformes,Thraupidae (Tanagers and Allies),NA,NA,34467,FALSE
34758,spctan1,NA,NA,species,Spangle-cheeked Tanager,Tangara dowii,humid montane forest of Costa Rica and western Panama,Passeriformes,Thraupidae (Tanagers and Allies),NA,NA,34491,FALSE
34776,partan1,NA,NA,species,Paradise Tanager,Tangara chilensis,NA,Passeriformes,Thraupidae (Tanagers and Allies),NA,NA,34509,FALSE
34800,bahtan1,NA,NA,species,Bay-headed Tanager,Tangara gyrola,NA,Passeriformes,Thraupidae (Tanagers and Allies),NA,NA,34533,FALSE
34846,tangar3,NA,NA,spuh,Tangara sp.,Tangara sp.,NA,Passeriformes,Thraupidae (Tanagers and Allies),NA,NA,34579,FALSE
34865,bludac1,NA,NA,species,Blue Dacnis,Dacnis cayana,NA,Passeriformes,Thraupidae (Tanagers and Allies),NA,NA,34598,FALSE
34881,purhon1,NA,NA,species,Purple Honeycreeper,Cyanerpes caeruleus,NA,Passeriformes,Thraupidae (Tanagers and Allies),NA,NA,34614,FALSE
34887,relhon1,NA,NA,species,Red-legged Honeycreeper,Cyanerpes cyaneus,NA,Passeriformes,Thraupidae (Tanagers and Allies),NA,NA,34620,FALSE
34900,cyaner1,new eBird,NA,spuh,Cyanerpes sp.,Cyanerpes sp.,NA,Passeriformes,Thraupidae (Tanagers and Allies),NA,NA,NA,FALSE
34901,grehon1,NA,NA,species,Green Honeycreeper,Chlorophanes spiza,NA,Passeriformes,Thraupidae (Tanagers and Allies),NA,NA,34633,FALSE
34916,guitan1,NA,NA,species,Guira Tanager,Hemithraupis guira,NA,Passeriformes,Thraupidae (Tanagers and Allies),NA,NA,34648,FALSE
34948,tanage,NA,NA,spuh,tanager sp. (Thraupidae sp.),Thraupidae sp. (tanager sp.),NA,Passeriformes,Thraupidae (Tanagers and Allies),NA,NA,34680,FALSE
34949,biccon1,NA,NA,species,Bicolored Conebill,Conirostrum bicolor,NA,Passeriformes,Thraupidae (Tanagers and Allies),NA,NA,34681,FALSE
34978,cincon1,NA,NA,species,Cinereous Conebill,Conirostrum cinereum,NA,Passeriformes,Thraupidae (Tanagers and Allies),NA,NA,34710,FALSE
35056,bhsfin1,NA,NA,species,Black-hooded Sierra Finch,Phrygilus atriceps,"Andes of southwestern Peru (Arequipa) to western Bolivia, northern Chile, and northwestern Argentina",Passeriformes,Thraupidae (Tanagers and Allies),NA,NA,34788,FALSE
35065,pasfin1,NA,NA,species,Patagonian Sierra Finch,Phrygilus patagonicus,central Argentina and Chile to Tierra del Fuego,Passeriformes,Thraupidae (Tanagers and Allies),NA,NA,34797,FALSE
35066,codfin1,NA,NA,species,Diuca Finch,Diuca diuca,NA,Passeriformes,Thraupidae (Tanagers and Allies),NA,NA,34798,FALSE
35088,plsfin1,NA,NA,species,Plumbeous Sierra Finch,Geospizopsis unicolor,NA,Passeriformes,Thraupidae (Tanagers and Allies),NA,NA,34820,FALSE
35097,absfin1,NA,NA,species,Ash-breasted Sierra Finch,Geospizopsis plebejus,NA,Passeriformes,Thraupidae (Tanagers and Allies),NA,NA,34827,FALSE
35118,cinfin1,NA,NA,species,Cinereous Finch,Piezorina cinerea,arid coastal northwestern Peru (Tumbes to La Libertad),Passeriformes,Thraupidae (Tanagers and Allies),NA,NA,34848,FALSE
35146,whrtan1,NA,NA,species,White-rumped Tanager,Cypsnagra hirundinacea,NA,Passeriformes,Thraupidae (Tanagers and Allies),NA,NA,34876,FALSE
35149,ltrfin1,NA,NA,species,Long-tailed Reed Finch,Donacospiza albifrons,"northern Bolivia to southeastern Paraguay, southeastern Brazil, Uruguay, and northeastern Argentina",Passeriformes,Thraupidae (Tanagers and Allies),NA,NA,34879,FALSE
35159,barwaf2,NA,NA,species,Black-and-chestnut Warbling Finch,Poospiza whitii,Andes of Bolivia (northward to La Paz) and northwestern Argentina (southward to San Luis and western Córdoba),Passeriformes,Thraupidae (Tanagers and Allies),NA,NA,34889,FALSE
35160,barwaf1,NA,NA,species,Black-and-rufous Warbling Finch,Poospiza nigrorufa,"northeastern Argentina (eastern Formosa southward to Buenos Aires), southeastern Paraguay, Uruguay, and southern Brazil (Paraná to Río Grande do Sul)",Passeriformes,Thraupidae (Tanagers and Allies),NA,NA,34890,FALSE
35163,cowfin1,NA,NA,species,Collared Warbling Finch,Poospiza hispaniolensis,arid scrub of southwestern Ecuador and western Peru,Passeriformes,Thraupidae (Tanagers and Allies),NA,NA,34893,FALSE
35177,gryfin2,NA,NA,species,Greater Yellow-Finch,Sicalis auriventris,Andes of northern and central Chile and adjacent Argentina,Passeriformes,Thraupidae (Tanagers and Allies),NA,NA,34907,FALSE
35188,saffin,NA,NA,species,Saffron Finch,Sicalis flaveola,NA,Passeriformes,Thraupidae (Tanagers and Allies),NA,NA,34918,FALSE
35193,saffin2,NA,NA,group (monotypic),Saffron Finch (Pelzeln's),Sicalis flaveola pelzelni,"eastern Bolivia to Paraguay, southeastern Brazil, Uruguay, and northern Argentina",Passeriformes,Thraupidae (Tanagers and Allies),NA,NA,34923,FALSE
35194,gryfin1,NA,NA,species,Grassland Yellow-Finch,Sicalis luteola,NA,Passeriformes,Thraupidae (Tanagers and Allies),NA,NA,34924,FALSE
35207,wtgfin1,subspecies revised,NA,species,Wedge-tailed Grass-Finch,Emberizoides herbicola,NA,Passeriformes,Thraupidae (Tanagers and Allies),NA,NA,34937,FALSE
35218,grpfin1,NA,NA,species,Great Pampa-Finch,Embernagra platensis,NA,Passeriformes,Thraupidae (Tanagers and Allies),NA,NA,34947,FALSE
35221,ptpfin1,NA,NA,species,Pale-throated Pampa-Finch,Embernagra longicauda,locally on serras of eastern Brazil (interior central Bahia and Minas Gerais),Passeriformes,Thraupidae (Tanagers and Allies),NA,NA,34950,FALSE
35229,linsee1,NA,NA,species,Lined Seedeater,Sporophila lineola,"breeds in northeastern Brazil, migrating to Venezuela, the Guianas, and northeastern Amazonian Brazil; also breeds from southern Bolivia to southern Brazil, southward to Paraguay and northern Argentina; migrating to Amazonia; seasonal status (migrant or resident) in some regions not clear",Passeriformes,Thraupidae (Tanagers and Allies),NA,NA,34958,FALSE
35243,rubsee1,NA,NA,species,Ruddy-breasted Seedeater,Sporophila minuta,NA,Passeriformes,Thraupidae (Tanagers and Allies),NA,NA,34972,FALSE
35259,cbsfin,NA,NA,species,Chestnut-bellied Seed-Finch,Sporophila angolensis,NA,Passeriformes,Thraupidae (Tanagers and Allies),NA,NA,34988,FALSE
35266,lbsfin1,NA,NA,species,Large-billed Seed-Finch,Sporophila crassirostris,NA,Passeriformes,Thraupidae (Tanagers and Allies),NA,NA,34995,FALSE
35287,whcsee1,NA,NA,species,Morelet's Seedeater,Sporophila morelleti,NA,Passeriformes,Thraupidae (Tanagers and Allies),NA,NA,35016,FALSE
35290,whcsee2,NA,NA,species,Cinnamon-rumped Seedeater,Sporophila torqueola,NA,Passeriformes,Thraupidae (Tanagers and Allies),NA,NA,35019,FALSE
35302,docsee1,NA,NA,species,Double-collared Seedeater,Sporophila caerulescens,NA,Passeriformes,Thraupidae (Tanagers and Allies),NA,NA,35031,FALSE
35325,batsee1,NA,NA,species,Band-tailed Seedeater,Catamenia analis,NA,Passeriformes,Thraupidae (Tanagers and Allies),NA,NA,35054,FALSE
35346,pilfin1,NA,NA,species,Pileated Finch,Coryphospingus pileatus,NA,Passeriformes,Thraupidae (Tanagers and Allies),NA,NA,35075,FALSE
35350,recfin1,NA,NA,species,Red-crested Finch,Coryphospingus cucullatus,NA,Passeriformes,Thraupidae (Tanagers and Allies),NA,NA,35079,FALSE
35354,crbfin1,NA,NA,species,Crimson-breasted Finch,Rhodospingus cruentus,arid scrub of western Ecuador and far northwestern Peru,Passeriformes,Thraupidae (Tanagers and Allies),NA,NA,35083,FALSE
35355,yelcar1,NA,NA,species,Yellow Cardinal,Gubernatrix cristata,far southeastern Brazil and Uruguay to northern Argentina,Passeriformes,Thraupidae (Tanagers and Allies),NA,NA,35084,FALSE
35357,banana,NA,NA,species,Bananaquit,Coereba flaveola,NA,Passeriformes,Thraupidae (Tanagers and Allies),NA,NA,35086,FALSE
35404,yefgra1,NA,NA,species,Yellow-faced Grassquit,Tiaris olivaceus,NA,Passeriformes,Thraupidae (Tanagers and Allies),NA,NA,35133,FALSE
35411,purbul1,NA,NA,species,Puerto Rican Bullfinch,Melopyrrha portoricensis,Puerto Rico,Passeriformes,Thraupidae (Tanagers and Allies),NA,NA,35140,FALSE
35423,leabul1,NA,NA,species,Lesser Antillean Bullfinch,Loxigilla noctis,NA,Passeriformes,Thraupidae (Tanagers and Allies),NA,NA,35152,FALSE
35434,bkfgra,NA,NA,species,Black-faced Grassquit,Melanospiza bicolor,NA,Passeriformes,Thraupidae (Tanagers and Allies),NA,NA,35163,FALSE
35492,mccfin1,NA,NA,species,Many-colored Chaco Finch,Saltatricula multicolor,"southeastern Bolivia (central Santa Cruz southward) to western Paraguay, northwestern Uruguay, and northern Argentina",Passeriformes,Thraupidae (Tanagers and Allies),NA,NA,35221,FALSE
35494,butsal1,NA,NA,species,Buff-throated Saltator,Saltator maximus,NA,Passeriformes,Thraupidae (Tanagers and Allies),NA,NA,35223,FALSE
35503,blhsal1,NA,NA,species,Black-headed Saltator,Saltator atriceps,NA,Passeriformes,Thraupidae (Tanagers and Allies),NA,NA,35232,FALSE
35524,grasal3,NA,NA,species,Bluish-gray Saltator,Saltator coerulescens,NA,Passeriformes,Thraupidae (Tanagers and Allies),NA,NA,35253,FALSE
35530,strsal1,NA,NA,species,Streaked Saltator,Saltator striatipectus,NA,Passeriformes,Thraupidae (Tanagers and Allies),NA,NA,35259,FALSE
35541,leasal1,NA,NA,species,Lesser Antillean Saltator,Saltator albicollis,NA,Passeriformes,Thraupidae (Tanagers and Allies),NA,NA,35270,FALSE
35544,grwsal1,NA,NA,species,Green-winged Saltator,Saltator similis,NA,Passeriformes,Thraupidae (Tanagers and Allies),NA,NA,35273,FALSE
35549,gobsal1,NA,NA,species,Golden-billed Saltator,Saltator aurantiirostris,NA,Passeriformes,Thraupidae (Tanagers and Allies),NA,NA,35278,FALSE
35560,bltgro2,NA,NA,species,Black-throated Grosbeak,Saltator fuliginosus,humid forest and scrub of eastern Brazil to Paraguay and northeastern Argentina,Passeriformes,Thraupidae (Tanagers and Allies),NA,NA,35289,FALSE
35562,thraup3,NA,NA,spuh,Thraupidae sp.,Thraupidae sp.,NA,Passeriformes,Thraupidae (Tanagers and Allies),NA,NA,35291,FALSE
35563,passer1,NA,NA,spuh,passerine sp.,Passeriformes sp.,NA,Passeriformes,NA,NA,NA,35292,FALSE
